
Maestro spectrum printed on 8/25/2026 at 3:55:07 PM
>IU-FLKWC14 Model 928 SN 26005143                                                
    0:          0         0         0         0         0         0         0
    7:          0         0         0         0         0         0         0
   14:          0         0         0         0         0         0         0
   21:          0         0         0         0         0         0         0
   28:          0         0         0         0         0         0         0
   35:          0         0         0         0         0         0         0
   42:          0         0         0         0         0         0         0
   49:          0         0         0         0         0         0         0
   56:          0         0         0         0         0         0         0
   63:          0         0         0         0         0         0         1
   70:          0         0         0         0         0         0         0
   77:          0         0         0         0         0         0         0
   84:          0         0         0         0         0         0         0
   91:          0         0         0         1         0         0         0
   98:          0         0         0         0         0         0         0
  105:          0         0         0         0         0         0         0
  112:          0         0         0         1         0         0         0
  119:          0         0         0         0         0         0         0
  126:          0         0         1         0         1         0         0
  133:          1         1         1         0         0         0         0
  140:          0         1         1         0         1         2         0
  147:          0         0         0         0         0         0         0
  154:          0         0         0         0         0         0         0
  161:          0         0         1         0         0         0         0
  168:          0         1         0         0         1         0         0
  175:          0         0         1         0         1         1         0
  182:          1         0         0         0         1         2         1
  189:          0         0         0         0         0         0         0
  196:          0         1         2         0         1         0         1
  203:          0         0         2         0         2         2         0
  210:          2         3         0         1         1         1         1
  217:          1         2         1         3         0         1         1
  224:          2        14        47        37        37        36        44
  231:         39        32        25        42        40        46        43
  238:         36        41        52        43        34        34        32
  245:         45        36        40        46        29        36        49
  252:         42        44        47        25        37        38        46
  259:         40        32        35        38        44        47        51
  266:         51        33        35        48        43        36        43
  273:         43        54        32        41        31        40        41
  280:         45        46        28        40        33        36        47
  287:         49        33        37        49        29        41        45
  294:         38        55        37        48        40        39        31
  301:         51        37        44        36        52        40        34
  308:         43        38        49        35        55        43        42
  315:         33        48        37        41        48        32        45
  322:         52        41        40        44        39        36        41
  329:         40        42        31        37        33        34        37
  336:         47        18        37        32        40        43        44
  343:         37        45        38        25        38        39        39
  350:         43        46        39        49        44        41        37
  357:         45        45        43        57        38        38        39
  364:         32        53        59        33        37        35        35
  371:         40        47        43        44        40        38        45
  378:         47        39        41        39        36        36        34
  385:         50        31        45        46        51        36        45
  392:         39        35        39        41        28        38        48
  399:         42        32        31        38        46        37        45
  406:         42        44        35        44        42        33        50
  413:         36        43        37        43        38        36        35
  420:         46        35        43        40        39        33        51
  427:         38        44        29        29        43        32        41
  434:         31        46        30        39        39        51        49
  441:         52        46        39        27        35        54        43
  448:         41        34        62        37        51        39        32
  455:         44        56        38        41        46        39        43
  462:         43        40        36        41        49        41        49
  469:         38        48        37        54        48        36        41
  476:         44        43        41        39        48        42        48
  483:         52        34        48        49        45        49        35
  490:         36        35        35        36        42        47        50
  497:         36        44        41        45        41        35        42
  504:         42        46        52        37        44        52        35
  511:         48        39        41        52        43        37        44
  518:         43        49        57        42        43        45        51
  525:         47        44        56        43        55        46        49
  532:         52        44        36        49        53        46        37
  539:         55        51        46        48        48        53        55
  546:         46        51        49        54        41        56        55
  553:         52        45        57        50        53        46        54
  560:         50        47        54        58        74        57        54
  567:         53        55        52        57        56        76        57
  574:         59        53        56        43        65        64        71
  581:         71        63        65        60        70        52        56
  588:         46        67        60        61        60        84        69
  595:         68        58        64        74        61        68        57
  602:         65        62        60        60        47        61        60
  609:         79        57        47        53        63        62        50
  616:         53        54        53        64        63        66        61
  623:         61        70        52        63        47        48        64
  630:         64        61        53        65        51        61        56
  637:         48        50        57        52        54        53        45
  644:         49        57        66        52        47        60        45
  651:         54        45        64        59        54        45        61
  658:         48        53        50        46        57        50        46
  665:         61        56        64        40        49        39        40
  672:         36        48        54        53        55        43        49
  679:         59        43        51        54        51        49        49
  686:         56        58        53        52        53        56        53
  693:         55        50        45        42        47        41        37
  700:         34        45        57        49        56        46        41
  707:         56        50        52        54        51        59        33
  714:         46        44        38        43        35        42        54
  721:         58        52        48        43        41        38        55
  728:         46        51        47        34        44        41        41
  735:         46        38        40        60        42        41        40
  742:         43        58        36        53        59        54        30
  749:         44        42        57        61        50        46        46
  756:         43        35        48        55        46        38        44
  763:         49        46        57        45        39        40        39
  770:         41        45        53        48        45        41        40
  777:         42        45        46        33        46        44        48
  784:         41        52        36        46        48        45        36
  791:         50        38        37        46        49        45        42
  798:         46        47        38        35        51        39        46
  805:         51        47        43        52        38        43        48
  812:         34        49        47        42        51        38        41
  819:         39        49        52        35        39        44        47
  826:         33        47        58        49        44        48        53
  833:         42        38        46        37        47        48        44
  840:         52        42        43        56        41        51        49
  847:         55        52        41        42        44        43        32
  854:         34        43        37        36        59        43        51
  861:         37        47        35        39        39        38        53
  868:         55        58        52        46        44        35        49
  875:         48        64        35        47        50        47        35
  882:         38        45        52        51        39        55        46
  889:         42        57        43        54        52        54        40
  896:         43        60        38        36        51        39        48
  903:         42        51        50        41        48        48        50
  910:         49        40        46        35        47        49        44
  917:         44        36        37        45        53        52        53
  924:         52        51        45        49        54        48        47
  931:         58        37        50        49        45        36        58
  938:         50        57        47        39        45        46        54
  945:         50        37        41        54        53        53        48
  952:         52        55        50        40        47        46        60
  959:         58        41        51        38        53        35        41
  966:         52        54        45        53        45        57        60
  973:         57        40        49        55        65        60        56
  980:         54        45        47        44        42        50        53
  987:         46        45        53        55        55        46        59
  994:         46        47        42        51        48        47        61
 1001:         53        45        56        48        41        47        44
 1008:         45        44        50        63        42        45        51
 1015:         47        42        35        50        42        65        47
 1022:         56        43        61        38        41        44        45
 1029:         43        49        53        49        42        53        48
 1036:         46        38        36        47        49        52        47
 1043:         44        54        47        50        51        55        51
 1050:         48        40        37        44        49        51        47
 1057:         45        49        51        32        48        57        52
 1064:         46        53        59        40        45        45        52
 1071:         42        51        53        46        48        45        60
 1078:         48        58        54        38        56        54        44
 1085:         37        42        43        54        39        43        48
 1092:         39        54        64        61        46        43        58
 1099:         45        50        37        45        46        44        40
 1106:         37        50        47        53        37        40        47
 1113:         50        40        44        41        53        51        57
 1120:         62        51        47        55        38        47        56
 1127:         48        44        40        45        48        50        40
 1134:         41        41        56        33        49        51        32
 1141:         36        53        41        36        69        59        53
 1148:         46        47        40        48        43        46        43
 1155:         49        41        44        46        53        48        47
 1162:         45        53        46        38        41        50        50
 1169:         36        44        50        50        55        47        61
 1176:         44        39        51        58        45        41        46
 1183:         52        34        45        48        34        53        50
 1190:         58        48        38        45        47        47        47
 1197:         43        47        42        37        42        46        38
 1204:         34        46        50        46        57        51        55
 1211:         44        54        50        49        52        47        40
 1218:         48        39        59        50        42        46        50
 1225:         33        57        35        48        46        41        41
 1232:         45        35        57        50        50        46        48
 1239:         52        41        48        59        35        44        46
 1246:         50        51        59        52        35        44        50
 1253:         46        54        51        45        54        44        49
 1260:         45        52        49        55        48        46        39
 1267:         47        46        48        43        37        46        58
 1274:         44        48        57        38        59        40        65
 1281:         52        49        47        43        57        36        46
 1288:         38        48        41        48        49        36        43
 1295:         59        49        60        36        54        54        47
 1302:         49        49        46        44        42        34        49
 1309:         46        40        50        32        51        43        40
 1316:         46        46        51        44        39        51        57
 1323:         42        42        36        46        52        43        45
 1330:         44        42        51        52        40        49        50
 1337:         51        46        42        67        53        47        46
 1344:         53        58        50        45        53        48        46
 1351:         53        44        40        57        43        38        41
 1358:         49        43        51        43        42        53        56
 1365:         57        43        48        56        46        50        48
 1372:         46        44        49        57        42        49        37
 1379:         48        58        47        52        49        49        47
 1386:         49        50        38        46        58        41        47
 1393:         50        56        44        52        52        57        52
 1400:         61        50        67        45        47        58        55
 1407:         42        59        56        61        45        46        47
 1414:         51        45        44        55        50        35        48
 1421:         44        41        42        62        47        47        43
 1428:         54        49        42        48        50        42        52
 1435:         52        51        49        52        50        48        42
 1442:         62        42        54        50        48        48        44
 1449:         48        51        58        52        59        45        65
 1456:         50        53        58        49        55        40        41
 1463:         60        52        57        55        44        36        54
 1470:         70        65        50        52        51        63        50
 1477:         57        46        35        73        44        61        62
 1484:         57        44        55        57        55        51        64
 1491:         43        56        57        49        61        41        42
 1498:         61        53        56        49        49        54        47
 1505:         54        65        59        62        44        58        65
 1512:         59        62        49        56        64        43        60
 1519:         57        53        51        48        72        59        58
 1526:         54        57        61        65        55        53        58
 1533:         60        73        57        63        55        64        53
 1540:         52        49        54        60        56        49        64
 1547:         60        62        66        72        63        65        51
 1554:         54        53        61        76        51        65        61
 1561:         55        67        60        55        79        52        67
 1568:         73        63        66        51        47        46        67
 1575:         64        56        57        71        59        66        60
 1582:         60        58        59        68        67        66        62
 1589:         59        74        74        64        54        61        68
 1596:         51        58        71        88        74        78        58
 1603:         64        48        60        51        65        64        65
 1610:         62        48        69        86        59        82        66
 1617:         55        67        63        52        81        60        82
 1624:         67        65        55        53        52        90        80
 1631:         62        84        66        83        69        57        71
 1638:         62        72        67        69        62        66        54
 1645:         56        80        72        71        77        63        77
 1652:         75        63        75        85        68        62        74
 1659:         77        56        77        53        78        90        63
 1666:         76        61        83        68        84        63        67
 1673:         78        61        61        80        78        84        68
 1680:         78        54        60        57        66        69        65
 1687:         72        76        72        79        64        66        74
 1694:         62        94        82        71        75        58        66
 1701:         64        79        82        63        72        74        74
 1708:         59        57        74        78        77        73        61
 1715:         66        78        74        62        68        56        78
 1722:         67        51        74        76        66        66        58
 1729:         59        62        79        68        63        53        62
 1736:         63        70        65        55        80        79        80
 1743:         66        59        67        62        74        64        63
 1750:         86        61        71        82        73        67        76
 1757:         83        67        63        65        64        83        71
 1764:         71        60        68        78        71        64        68
 1771:         66        60        71        67        60        66        69
 1778:         73        69        63        85        64        62        71
 1785:         60        62        67        74        73        50        63
 1792:         76        73        68        67        72        61        61
 1799:         76        65        69        54        63        89        62
 1806:         65        51        58        68        51        76        59
 1813:         64        65        57        55        64        50        59
 1820:         61        59        63        75        77        59        49
 1827:         70        75        70        72        79        67        73
 1834:         68        87        59        60        69        71        56
 1841:         61        78        68        63        53        65        45
 1848:         69        65        66        76        66        77        56
 1855:         61        57        66        62        47        64        62
 1862:         72        58        56        55        60        59        54
 1869:         58        47        70        67        56        50        46
 1876:         63        61        63        70        62        63        53
 1883:         68        62        66        64        65        73        63
 1890:         64        57        65        56        58        53        51
 1897:         84        60        55        57        63        58        67
 1904:         60        58        47        65        65        65        60
 1911:         65        60        65        77        62        64        71
 1918:         64        88        63        48        69        61        68
 1925:         70        56        57        60        67        63        66
 1932:         53        65        67        72        43        65        66
 1939:         59        71        61        67        62        61        57
 1946:         71        56        69        55        72        59        60
 1953:         57        75        51        67        58        54        70
 1960:         50        65        69        57        55        45        61
 1967:         45        59        54        71        50        50        79
 1974:         61        62        55        56        54        64        51
 1981:         62        59        61        61        62        46        54
 1988:         61        69        53        53        65        56        64
 1995:         44        69        54        57        56        52        60
 2002:         53        72        70        71        64        57        59
 2009:         50        53        55        44        56        60        47
 2016:         61        66        51        58        57        59        62
 2023:         41        51        59        53        59        52        56
 2030:         53        45        45        55        56        59        48
 2037:         53        47        55        41        51        63        47
 2044:         56        62        69        67        55        54        60
 2051:         42        58        53        64        62        58        46
 2058:         55        52        60        54        57        43        48
 2065:         60        55        56        56        55        54        55
 2072:         49        41        45        53        50        43        56
 2079:         55        51        58        55        60        57        69
 2086:         68        60        60        54        59        46        60
 2093:         36        55        59        49        61        48        53
 2100:         63        55        63        43        51        62        51
 2107:         49        50        48        49        48        56        49
 2114:         57        62        52        42        48        55        49
 2121:         45        47        54        60        52        51        55
 2128:         60        33        36        50        59        48        54
 2135:         55        50        34        54        54        59        61
 2142:         41        62        53        50        46        44        57
 2149:         63        47        56        49        60        59        50
 2156:         51        69        44        51        50        50        71
 2163:         52        38        46        43        47        44        46
 2170:         62        49        52        44        59        62        52
 2177:         49        50        49        46        46        51        55
 2184:         52        51        42        58        60        54        70
 2191:         48        51        37        77        52        47        35
 2198:         49        52        49        36        59        59        51
 2205:         57        53        52        70        69        52        59
 2212:         49        41        64        55        49        41        42
 2219:         49        43        57        42        49        48        51
 2226:         36        40        49        46        61        44        56
 2233:         55        50        39        53        50        49        56
 2240:         58        48        46        62        45        57        46
 2247:         49        44        46        41        52        50        52
 2254:         51        50        52        51        43        63        57
 2261:         49        54        54        47        49        51        63
 2268:         43        53        35        63        47        58        50
 2275:         65        56        62        41        47        42        44
 2282:         46        65        57        46        35        57        50
 2289:         50        50        50        51        68        49        52
 2296:         42        68        50        51        60        55        57
 2303:         49        46        39        56        45        54        50
 2310:         49        52        39        44        41        48        41
 2317:         35        31        41        47        52        55        57
 2324:         41        61        47        58        45        52        47
 2331:         31        50        47        34        37        48        59
 2338:         55        49        54        55        48        57        54
 2345:         52        51        42        52        33        43        41
 2352:         54        47        48        44        46        42        44
 2359:         49        52        49        45        44        53        41
 2366:         43        51        56        58        46        65        45
 2373:         49        53        42        45        43        45        42
 2380:         54        51        54        55        36        44        44
 2387:         46        40        55        46        45        50        58
 2394:         44        47        54        41        51        52        42
 2401:         37        51        46        38        51        51        43
 2408:         60        37        44        38        41        49        59
 2415:         49        53        38        50        44        57        56
 2422:         46        41        51        47        45        40        46
 2429:         40        45        39        56        53        38        44
 2436:         46        68        47        56        54        46        45
 2443:         29        54        29        50        57        53        40
 2450:         43        45        60        39        45        45        53
 2457:         48        37        57        48        53        36        34
 2464:         51        50        39        42        44        37        36
 2471:         45        65        47        38        41        37        36
 2478:         43        32        46        40        36        50        55
 2485:         46        44        37        40        31        43        43
 2492:         41        34        33        39        41        48        40
 2499:         47        48        47        30        47        35        44
 2506:         53        51        42        40        34        41        37
 2513:         42        48        40        47        48        41        39
 2520:         40        39        48        49        46        51        52
 2527:         38        43        40        38        35        45        43
 2534:         44        51        55        41        48        49        48
 2541:         37        46        49        41        42        44        53
 2548:         49        38        32        38        47        44        46
 2555:         46        29        48        40        47        42        51
 2562:         34        45        43        41        43        46        56
 2569:         43        38        43        33        52        49        41
 2576:         37        42        44        44        58        37        55
 2583:         52        34        43        54        52        53        42
 2590:         37        39        41        38        51        44        46
 2597:         47        37        52        31        40        51        37
 2604:         50        37        50        29        36        45        39
 2611:         62        46        43        42        45        38        47
 2618:         36        54        47        41        50        37        37
 2625:         48        36        42        43        41        50        56
 2632:         41        37        54        37        41        41        42
 2639:         40        37        40        41        38        59        50
 2646:         38        39        45        45        46        45        45
 2653:         44        43        36        35        48        32        38
 2660:         49        42        37        41        50        42        30
 2667:         37        41        27        62        36        44        37
 2674:         45        41        45        34        51        46        33
 2681:         46        50        43        56        39        43        42
 2688:         43        46        50        38        50        38        37
 2695:         40        49        38        37        48        48        43
 2702:         34        43        45        43        43        55        43
 2709:         36        45        36        40        40        53        30
 2716:         35        50        40        46        31        40        45
 2723:         20        37        40        29        40        47        38
 2730:         34        45        47        38        52        53        39
 2737:         45        36        31        40        44        35        43
 2744:         40        35        36        35        47        43        42
 2751:         62        46        50        47        56        40        46
 2758:         34        49        35        48        43        48        31
 2765:         39        26        39        49        38        32        46
 2772:         42        43        27        50        40        44        37
 2779:         50        36        33        35        34        25        38
 2786:         41        36        44        38        40        42        35
 2793:         40        42        37        39        34        37        46
 2800:         54        41        27        39        45        41        39
 2807:         44        42        38        46        33        37        44
 2814:         36        42        34        36        41        44        39
 2821:         48        35        39        41        35        44        41
 2828:         33        40        40        46        48        47        46
 2835:         41        30        44        47        36        37        33
 2842:         28        37        48        45        22        45        43
 2849:         46        38        46        40        41        44        41
 2856:         38        45        39        38        50        46        29
 2863:         35        39        32        38        40        42        45
 2870:         43        42        50        39        37        33        37
 2877:         35        37        46        41        33        34        37
 2884:         29        39        39        35        30        46        50
 2891:         44        38        42        26        30        44        39
 2898:         43        31        33        41        35        44        33
 2905:         44        53        38        47        39        29        47
 2912:         35        47        30        35        41        26        40
 2919:         36        52        38        26        39        42        42
 2926:         37        56        41        32        40        38        38
 2933:         40        45        40        36        47        38        40
 2940:         25        35        42        40        38        23        47
 2947:         36        40        37        38        34        30        32
 2954:         41        36        34        32        42        43        28
 2961:         33        35        41        49        28        36        45
 2968:         23        37        42        39        43        31        42
 2975:         36        32        40        48        47        38        34
 2982:         35        39        37        32        40        38        45
 2989:         28        38        34        46        34        39        40
 2996:         31        56        38        47        36        40        33
 3003:         34        45        33        36        39        25        39
 3010:         46        42        49        39        36        31        46
 3017:         33        34        34        40        51        44        34
 3024:         40        55        35        37        27        39        40
 3031:         44        32        35        31        48        36        58
 3038:         37        42        45        30        39        35        42
 3045:         31        31        32        43        39        39        50
 3052:         39        44        37        32        44        36        41
 3059:         45        42        42        29        45        25        46
 3066:         30        39        36        52        26        42        43
 3073:         39        49        36        34        56        31        42
 3080:         30        39        31        37        39        31        37
 3087:         36        37        34        29        28        29        44
 3094:         34        44        33        36        35        33        34
 3101:         46        44        33        46        44        33        37
 3108:         35        34        34        43        34        31        36
 3115:         35        48        40        38        46        38        38
 3122:         46        30        46        39        39        42        39
 3129:         43        30        43        33        49        27        28
 3136:         51        40        34        35        36        53        35
 3143:         43        29        44        32        41        31        42
 3150:         31        33        44        43        50        40        42
 3157:         40        36        37        38        27        44        50
 3164:         39        34        33        43        29        39        27
 3171:         47        36        35        39        47        40        37
 3178:         41        33        36        39        42        31        26
 3185:         30        37        35        40        43        32        30
 3192:         37        37        45        39        49        42        37
 3199:         41        32        47        41        29        42        31
 3206:         33        39        39        48        27        38        36
 3213:         38        30        31        29        31        37        32
 3220:         52        38        34        35        48        42        44
 3227:         34        36        33        27        44        32        48
 3234:         49        39        43        30        31        35        48
 3241:         36        42        39        41        37        36        39
 3248:         38        41        36        27        31        47        32
 3255:         31        34        31        37        36        42        30
 3262:         31        35        43        37        34        48        41
 3269:         29        37        34        40        38        44        35
 3276:         41        42        34        34        24        38        35
 3283:         42        43        41        50        38        45        39
 3290:         30        33        38        37        36        36        42
 3297:         32        37        48        23        26        41        36
 3304:         36        33        39        43        34        38        41
 3311:         43        39        49        30        33        32        35
 3318:         39        31        36        45        37        37        38
 3325:         37        38        44        43        37        45        29
 3332:         29        40        46        43        31        28        40
 3339:         44        43        25        44        33        37        36
 3346:         41        40        41        36        34        42        46
 3353:         36        33        40        28        36        41        49
 3360:         38        33        37        47        37        39        46
 3367:         35        30        31        53        31        30        27
 3374:         34        36        49        37        39        41        36
 3381:         28        33        37        25        35        36        36
 3388:         41        44        36        32        36        35        35
 3395:         35        33        47        36        43        27        35
 3402:         33        37        37        27        44        48        37
 3409:         45        33        31        35        32        29        43
 3416:         35        41        41        43        38        38        36
 3423:         28        31        37        32        34        36        32
 3430:         45        34        38        34        32        37        27
 3437:         37        43        36        36        29        32        29
 3444:         38        39        27        45        38        29        42
 3451:         36        31        39        43        40        30        46
 3458:         47        41        34        33        43        27        41
 3465:         29        48        35        30        26        30        39
 3472:         42        30        35        35        42        42        26
 3479:         31        34        35        45        36        46        50
 3486:         37        36        40        34        40        36        47
 3493:         42        29        31        34        34        31        43
 3500:         37        36        35        33        36        47        35
 3507:         26        32        45        39        30        31        36
 3514:         37        50        40        32        37        45        45
 3521:         43        40        43        28        42        48        46
 3528:         41        36        30        39        29        33        42
 3535:         27        39        27        36        44        27        41
 3542:         31        39        54        43        34        26        29
 3549:         40        46        37        41        38        39        44
 3556:         35        43        34        42        42        42        42
 3563:         31        34        50        40        30        32        42
 3570:         43        33        37        29        29        37        39
 3577:         41        32        34        36        36        43        32
 3584:         38        25        39        49        38        36        52
 3591:         35        43        32        29        33        36        51
 3598:         44        32        36        36        35        36        36
 3605:         40        32        36        39        43        46        36
 3612:         39        31        40        38        33        42        26
 3619:         39        35        28        34        32        39        28
 3626:         31        34        36        43        33        31        29
 3633:         28        32        44        32        42        55        43
 3640:         36        26        50        43        37        29        33
 3647:         38        40        32        39        33        26        40
 3654:         30        34        42        37        43        27        27
 3661:         32        26        31        46        30        39        42
 3668:         43        51        41        37        35        29        32
 3675:         28        31        29        44        33        40        43
 3682:         44        33        41        41        29        33        35
 3689:         27        37        34        38        51        47        36
 3696:         42        42        31        46        36        34        32
 3703:         32        30        36        28        37        47        36
 3710:         39        28        33        38        33        31        39
 3717:         42        29        40        45        31        33        37
 3724:         44        46        43        34        37        23        30
 3731:         32        40        34        35        41        45        21
 3738:         45        33        40        37        41        24        39
 3745:         30        33        36        30        34        38        35
 3752:         30        32        34        43        49        45        38
 3759:         32        39        31        37        34        31        46
 3766:         37        38        36        39        35        42        28
 3773:         41        35        38        26        46        38        37
 3780:         33        33        36        37        31        33        30
 3787:         36        36        38        35        42        19        38
 3794:         33        34        42        26        35        36        33
 3801:         38        40        27        32        36        32        31
 3808:         28        32        43        25        37        27        49
 3815:         24        34        30        45        33        47        30
 3822:         31        40        37        37        35        28        35
 3829:         43        39        33        33        47        44        37
 3836:         33        33        34        32        26        30        37
 3843:         44        38        31        28        34        26        28
 3850:         31        34        34        29        27        35        40
 3857:         43        29        43        39        37        46        40
 3864:         45        39        29        33        34        41        28
 3871:         33        41        25        35        27        34        33
 3878:         34        35        28        28        31        33        40
 3885:         35        37        43        30        48        28        36
 3892:         32        45        38        45        39        44        37
 3899:         35        42        32        33        34        32        31
 3906:         36        34        40        40        36        35        40
 3913:         34        44        46        31        39        35        34
 3920:         39        40        31        27        36        29        29
 3927:         46        34        33        29        35        25        50
 3934:         40        34        40        29        31        36        38
 3941:         44        30        38        43        35        41        26
 3948:         41        36        42        24        46        43        40
 3955:         32        40        31        42        30        36        26
 3962:         33        34        35        46        45        37        42
 3969:         37        29        40        26        28        43        38
 3976:         38        28        42        39        36        35        31
 3983:         41        44        35        41        48        37        32
 3990:         37        30        36        30        50        24        31
 3997:         33        54        34        35        37        30        19
 4004:         28        35        35        37        29        31        48
 4011:         29        48        39        25        39        39        33
 4018:         43        41        27        39        37        44        35
 4025:         30        43        49        33        28        32        28
 4032:         36        34        38        40        32        35        36
 4039:         32        32        30        34        36        37        45
 4046:         42        41        35        32        32        32        34
 4053:         46        44        35        39        33        30        20
 4060:         33        35        38        46        37        43        35
 4067:         36        38        40        36        33        40        34
 4074:         43        32        25        45        31        33        29
 4081:         35        24        38        31        32        44        26
 4088:         36        44        34        24        28        41        34
 4095:         39        33        34        38        45        30        39
 4102:         38        33        36        37        28        38        31
 4109:         29        39        38        25        32        28        35
 4116:         35        29        32        32        30        29        31
 4123:         40        38        29        38        29        44        35
 4130:         29        47        43        35        34        38        32
 4137:         34        30        45        34        36        33        38
 4144:         32        24        42        34        30        41        25
 4151:         36        41        40        29        27        34        39
 4158:         24        36        45        44        48        44        34
 4165:         37        33        30        29        30        30        42
 4172:         35        29        31        30        39        39        35
 4179:         34        28        29        33        27        30        44
 4186:         33        30        27        21        38        26        32
 4193:         40        25        52        34        35        35        35
 4200:         30        31        41        33        43        35        38
 4207:         26        30        32        32        47        38        41
 4214:         40        28        32        36        29        34        35
 4221:         38        40        36        40        36        38        43
 4228:         28        45        32        34        25        35        42
 4235:         32        37        29        39        25        38        29
 4242:         39        25        29        28        38        47        39
 4249:         33        28        45        48        35        33        33
 4256:         31        35        30        35        37        40        32
 4263:         43        39        39        40        26        28        39
 4270:         22        36        35        35        35        31        27
 4277:         40        31        27        27        48        27        30
 4284:         38        46        30        39        34        29        36
 4291:         37        38        29        30        31        32        24
 4298:         48        24        30        33        29        26        40
 4305:         39        45        24        35        32        32        33
 4312:         27        42        37        38        35        38        34
 4319:         39        45        28        42        42        29        34
 4326:         32        34        33        37        34        33        43
 4333:         35        34        30        34        34        39        37
 4340:         29        33        25        31        34        33        40
 4347:         28        34        46        35        48        31        43
 4354:         32        38        38        19        36        36        29
 4361:         31        26        37        44        33        36        38
 4368:         38        26        29        32        41        31        39
 4375:         38        24        35        36        37        37        32
 4382:         32        27        29        36        27        36        39
 4389:         38        40        41        40        36        33        35
 4396:         41        40        25        44        30        35        25
 4403:         42        42        28        33        32        48        49
 4410:         45        43        29        24        32        37        25
 4417:         26        29        38        37        30        32        39
 4424:         28        53        30        42        39        31        38
 4431:         34        27        46        31        39        32        41
 4438:         32        43        30        36        40        33        30
 4445:         32        42        27        30        33        33        24
 4452:         40        27        35        38        41        40        41
 4459:         36        30        21        39        31        30        36
 4466:         36        39        28        39        36        35        23
 4473:         50        28        38        30        36        37        44
 4480:         35        28        43        28        48        36        42
 4487:         31        32        35        38        40        37        39
 4494:         33        35        39        35        37        33        50
 4501:         35        36        37        39        30        43        42
 4508:         37        37        33        38        32        44        42
 4515:         34        40        52        41        38        26        30
 4522:         33        29        33        35        26        32        36
 4529:         31        26        34        28        43        29        25
 4536:         44        30        26        42        40        34        33
 4543:         38        40        39        34        30        44        33
 4550:         28        29        39        39        42        46        33
 4557:         41        36        38        38        35        31        32
 4564:         44        26        28        40        38        31        38
 4571:         45        37        30        35        34        38        32
 4578:         59        41        33        45        34        33        48
 4585:         46        33        31        34        30        48        42
 4592:         26        36        26        32        32        20        23
 4599:         34        33        37        41        22        34        36
 4606:         35        23        27        32        38        38        34
 4613:         38        33        42        34        35        29        30
 4620:         44        40        29        32        28        37        33
 4627:         42        43        42        32        34        32        27
 4634:         27        33        40        33        35        39        41
 4641:         44        39        28        37        35        45        37
 4648:         32        38        34        30        36        40        37
 4655:         44        33        40        32        42        41        37
 4662:         49        33        30        46        43        38        40
 4669:         43        38        29        40        30        35        32
 4676:         32        36        38        36        39        29        43
 4683:         35        43        44        34        39        34        49
 4690:         36        31        32        35        33        40        36
 4697:         31        32        44        30        43        41        39
 4704:         37        36        26        37        26        31        38
 4711:         39        38        33        29        41        30        31
 4718:         33        26        31        39        39        41        29
 4725:         45        41        39        36        27        44        28
 4732:         29        38        33        31        42        28        35
 4739:         34        38        42        44        34        50        27
 4746:         28        31        27        46        51        27        35
 4753:         23        36        39        30        36        36        25
 4760:         34        44        29        35        41        44        29
 4767:         32        29        35        51        35        40        38
 4774:         39        37        27        40        31        46        27
 4781:         37        42        44        32        38        34        35
 4788:         42        40        36        33        44        42        43
 4795:         33        32        31        35        39        44        46
 4802:         31        32        26        37        39        46        30
 4809:         32        31        33        34        40        32        28
 4816:         42        28        38        34        33        28        29
 4823:         30        29        28        39        34        40        33
 4830:         37        34        28        34        36        37        33
 4837:         31        48        39        47        30        45        36
 4844:         33        24        40        35        35        43        35
 4851:         37        34        44        37        31        41        41
 4858:         30        35        27        37        39        38        41
 4865:         32        36        29        40        45        29        44
 4872:         40        44        29        37        35        38        37
 4879:         32        42        46        36        43        33        33
 4886:         35        31        36        37        42        27        32
 4893:         39        26        37        29        31        29        27
 4900:         36        42        37        39        34        39        34
 4907:         28        46        43        36        34        48        40
 4914:         43        28        39        48        32        36        37
 4921:         28        39        36        35        36        36        47
 4928:         36        46        26        30        30        44        38
 4935:         30        44        37        41        37        29        26
 4942:         37        38        50        46        36        43        46
 4949:         46        40        30        33        40        31        28
 4956:         29        35        31        37        36        40        32
 4963:         31        31        31        36        32        39        35
 4970:         33        34        45        34        44        33        23
 4977:         34        39        34        37        50        43        32
 4984:         31        24        42        22        33        37        25
 4991:         38        44        33        37        39        43        38
 4998:         45        44        33        35        52        45        40
 5005:         40        34        46        40        45        43        36
 5012:         43        46        38        40        36        44        29
 5019:         49        24        43        44        31        42        42
 5026:         27        48        25        44        54        41        42
 5033:         41        39        33        44        28        35        47
 5040:         35        46        24        42        32        35        47
 5047:         30        36        37        44        33        35        34
 5054:         39        33        38        33        39        32        35
 5061:         36        43        39        30        44        36        29
 5068:         35        34        35        39        37        30        28
 5075:         34        32        26        35        28        26        39
 5082:         32        36        34        43        39        38        37
 5089:         39        33        40        32        41        39        36
 5096:         43        27        37        38        40        37        41
 5103:         37        39        38        49        39        25        42
 5110:         35        36        39        38        44        42        42
 5117:         32        29        37        45        33        40        29
 5124:         44        40        27        37        37        35        38
 5131:         41        35        49        36        40        34        49
 5138:         36        35        38        33        39        30        41
 5145:         37        42        36        34        46        44        35
 5152:         31        34        38        34        40        47        34
 5159:         24        28        25        32        36        31        50
 5166:         25        43        41        50        46        28        40
 5173:         41        35        38        46        33        34        34
 5180:         32        29        42        29        42        31        34
 5187:         33        35        33        30        38        33        38
 5194:         35        36        37        45        32        35        35
 5201:         45        41        39        34        34        37        37
 5208:         31        42        35        39        36        31        44
 5215:         46        36        44        48        44        46        36
 5222:         36        34        48        44        32        26        36
 5229:         32        47        45        33        30        39        42
 5236:         29        30        43        33        40        45        32
 5243:         35        37        41        48        43        29        38
 5250:         27        37        39        36        42        45        34
 5257:         41        44        34        33        54        33        41
 5264:         37        36        42        43        50        31        40
 5271:         37        43        47        45        49        34        51
 5278:         30        37        37        42        34        42        28
 5285:         38        27        35        26        40        33        41
 5292:         43        43        30        33        30        45        31
 5299:         40        39        40        39        21        39        38
 5306:         47        36        35        37        51        32        36
 5313:         34        39        38        36        46        38        36
 5320:         32        47        30        45        33        34        39
 5327:         35        22        46        34        30        46        35
 5334:         37        25        40        35        36        36        47
 5341:         45        42        50        44        38        33        42
 5348:         46        32        38        35        55        36        44
 5355:         38        40        34        50        41        42        31
 5362:         33        38        40        51        37        39        37
 5369:         36        43        24        42        45        54        41
 5376:         40        39        40        40        48        39        42
 5383:         34        41        37        40        43        48        32
 5390:         38        47        34        37        34        41        34
 5397:         46        29        33        39        50        26        48
 5404:         47        27        35        49        38        40        49
 5411:         33        43        28        39        44        36        31
 5418:         43        41        34        31        36        42        37
 5425:         50        47        33        33        32        33        33
 5432:         37        45        43        41        27        41        43
 5439:         31        49        25        33        33        39        42
 5446:         31        50        35        48        43        41        46
 5453:         28        40        35        42        37        45        32
 5460:         35        29        46        39        43        41        45
 5467:         42        34        33        44        41        52        41
 5474:         40        34        39        36        56        60        35
 5481:         32        35        28        38        40        49        33
 5488:         37        41        35        30        44        39        32
 5495:         42        35        35        40        39        42        34
 5502:         30        40        46        40        47        32        33
 5509:         42        42        38        25        48        32        42
 5516:         38        46        40        34        30        48        54
 5523:         43        47        35        23        45        42        43
 5530:         52        39        41        53        44        39        37
 5537:         50        50        39        40        42        41        35
 5544:         37        34        32        36        38        49        40
 5551:         41        44        28        44        39        42        39
 5558:         34        32        34        39        34        38        31
 5565:         44        31        39        41        38        44        39
 5572:         45        44        26        50        41        57        43
 5579:         32        31        42        43        38        36        38
 5586:         38        45        48        48        32        43        29
 5593:         23        36        38        30        51        30        35
 5600:         40        26        46        42        50        42        42
 5607:         31        37        35        49        43        59        42
 5614:         41        43        49        39        28        37        37
 5621:         47        36        43        45        45        52        39
 5628:         47        42        37        34        45        29        39
 5635:         37        46        33        30        36        36        38
 5642:         42        39        32        39        38        52        28
 5649:         55        49        41        48        48        43        33
 5656:         42        34        45        37        43        44        40
 5663:         42        33        31        38        44        34        33
 5670:         34        34        31        37        37        35        30
 5677:         43        37        41        32        36        44        32
 5684:         47        45        43        37        28        34        49
 5691:         47        41        52        33        34        52        44
 5698:         34        60        46        41        46        45        38
 5705:         35        29        40        46        51        46        36
 5712:         38        42        34        33        39        44        40
 5719:         42        40        54        41        46        30        39
 5726:         35        37        35        44        46        42        37
 5733:         48        36        33        43        32        31        37
 5740:         50        38        32        47        32        37        27
 5747:         36        41        36        41        32        33        37
 5754:         33        43        35        38        45        50        38
 5761:         42        33        39        42        36        40        40
 5768:         36        49        31        37        41        43        32
 5775:         48        41        41        31        39        53        51
 5782:         49        40        47        46        35        40        41
 5789:         56        33        46        47        40        36        44
 5796:         39        44        42        53        38        38        41
 5803:         47        36        44        31        51        41        49
 5810:         32        34        44        40        44        50        43
 5817:         45        45        49        27        52        41        37
 5824:         41        39        40        54        42        37        38
 5831:         47        44        36        36        52        39        44
 5838:         40        40        45        34        41        40        43
 5845:         44        51        33        37        41        38        40
 5852:         41        35        35        43        26        40        39
 5859:         38        37        33        34        38        34        47
 5866:         38        57        30        42        51        38        48
 5873:         37        45        40        39        31        37        45
 5880:         51        41        32        41        35        47        42
 5887:         41        38        40        38        43        41        50
 5894:         43        39        38        37        37        36        45
 5901:         35        33        44        47        37        33        42
 5908:         40        62        57        34        37        47        49
 5915:         42        37        36        40        46        39        50
 5922:         44        54        45        46        49        37        48
 5929:         50        41        40        43        56        38        50
 5936:         43        35        53        45        46        43        43
 5943:         49        40        41        52        49        51        36
 5950:         38        49        44        60        35        55        53
 5957:         30        47        51        38        44        34        39
 5964:         43        41        39        43        46        39        36
 5971:         36        41        58        52        41        54        41
 5978:         36        35        37        52        51        45        42
 5985:         52        39        44        58        27        51        46
 5992:         44        47        43        36        42        50        37
 5999:         47        52        36        46        41        36        38
 6006:         27        46        50        47        42        33        32
 6013:         51        42        34        52        43        50        40
 6020:         34        29        46        34        37        54        38
 6027:         35        37        43        54        38        49        47
 6034:         58        40        52        44        36        39        40
 6041:         42        50        38        35        46        39        36
 6048:         43        32        56        37        45        35        38
 6055:         47        47        49        42        48        56        36
 6062:         45        40        42        48        46        50        41
 6069:         50        32        47        44        34        48        34
 6076:         42        50        44        37        36        47        39
 6083:         37        38        41        45        44        37        40
 6090:         43        47        36        49        48        55        53
 6097:         47        56        40        41        37        44        54
 6104:         37        43        52        43        55        43        40
 6111:         39        41        47        49        44        50        48
 6118:         43        36        45        39        46        54        38
 6125:         42        47        43        39        49        41        47
 6132:         40        47        45        54        32        44        35
 6139:         42        51        46        53        37        47        44
 6146:         54        35        43        45        40        51        44
 6153:         43        35        45        39        38        37        39
 6160:         42        54        61        42        50        50        54
 6167:         47        43        34        45        35        43        45
 6174:         45        44        36        36        38        40        42
 6181:         35        43        43        31        49        40        40
 6188:         38        41        44        44        48        50        45
 6195:         43        44        41        36        45        49        52
 6202:         43        47        42        46        51        46        39
 6209:         52        41        42        38        35        37        57
 6216:         33        45        58        54        48        54        47
 6223:         52        38        55        38        40        41        35
 6230:         47        43        40        48        43        33        53
 6237:         62        49        40        48        51        34        48
 6244:         46        33        50        33        42        57        41
 6251:         50        48        39        38        39        40        42
 6258:         46        50        37        53        44        47        50
 6265:         48        37        43        41        42        56        50
 6272:         45        41        48        41        42        47        44
 6279:         42        35        44        44        49        45        52
 6286:         50        47        55        53        50        46        38
 6293:         40        33        44        39        44        35        54
 6300:         38        53        52        41        43        40        40
 6307:         41        38        51        34        41        39        42
 6314:         44        46        49        42        40        45        55
 6321:         44        43        43        53        35        55        25
 6328:         56        50        44        39        43        50        47
 6335:         44        38        41        60        44        37        46
 6342:         34        45        44        44        43        34        37
 6349:         44        49        43        57        41        43        30
 6356:         45        38        53        38        48        46        43
 6363:         36        51        48        48        41        37        31
 6370:         35        41        53        52        48        54        41
 6377:         39        35        42        46        47        54        37
 6384:         56        46        39        45        46        42        62
 6391:         57        56        44        44        45        58        49
 6398:         49        42        52        45        38        46        41
 6405:         48        49        41        40        45        47        44
 6412:         47        48        35        42        49        54        49
 6419:         38        40        43        38        46        45        48
 6426:         45        45        50        48        39        47        35
 6433:         43        62        42        42        59        48        46
 6440:         50        53        41        41        48        28        39
 6447:         49        42        47        61        51        44        41
 6454:         43        49        41        44        38        44        56
 6461:         46        44        45        35        34        33        40
 6468:         51        36        42        43        41        44        48
 6475:         40        34        40        32        44        37        44
 6482:         45        43        46        51        43        45        50
 6489:         50        49        39        39        40        38        40
 6496:         38        46        43        37        52        38        42
 6503:         55        43        42        47        44        41        47
 6510:         45        50        35        39        48        39        46
 6517:         42        38        47        44        59        38        53
 6524:         36        50        58        38        47        39        42
 6531:         36        38        44        40        40        39        40
 6538:         30        50        42        53        47        40        37
 6545:         38        36        38        36        38        43        29
 6552:         37        35        38        41        44        40        41
 6559:         36        68        50        48        32        36        44
 6566:         57        39        42        32        41        48        51
 6573:         42        35        39        41        39        48        43
 6580:         38        59        38        41        36        37        36
 6587:         39        49        49        39        55        36        33
 6594:         43        38        56        40        46        40        43
 6601:         52        47        46        40        51        32        29
 6608:         41        45        36        37        46        49        43
 6615:         34        54        42        30        27        40        32
 6622:         35        36        39        34        33        33        37
 6629:         29        58        44        35        33        47        50
 6636:         43        32        46        33        37        34        47
 6643:         43        45        32        45        45        40        32
 6650:         34        39        29        43        20        37        42
 6657:         58        43        39        27        36        25        36
 6664:         36        28        41        35        37        41        31
 6671:         33        30        42        29        34        35        36
 6678:         27        42        35        42        46        46        35
 6685:         38        28        43        25        44        30        38
 6692:         29        30        28        27        32        34        37
 6699:         38        26        38        39        33        33        34
 6706:         30        33        39        47        37        38        39
 6713:         22        41        40        37        34        29        36
 6720:         38        33        35        37        37        34        23
 6727:         43        44        29        22        42        47        38
 6734:         32        44        40        41        31        39        56
 6741:         34        33        36        35        43        40        33
 6748:         37        42        31        38        39        34        34
 6755:         35        44        29        51        36        42        44
 6762:         37        23        30        35        29        44        38
 6769:         48        25        34        41        36        44        35
 6776:         30        40        38        29        40        31        32
 6783:         34        37        30        25        23        21        30
 6790:         25        44        46        35        36        25        28
 6797:         42        49        35        30        38        46        28
 6804:         39        33        36        28        39        28        36
 6811:         21        37        37        37        25        40        32
 6818:         35        25        29        36        33        30        42
 6825:         30        37        28        31        24        40        33
 6832:         36        38        39        29        33        40        30
 6839:         27        44        27        34        31        31        38
 6846:         36        38        38        23        33        33        31
 6853:         38        31        36        35        44        40        25
 6860:         22        41        25        33        27        29        39
 6867:         35        28        31        47        27        43        36
 6874:         35        35        31        23        34        45        31
 6881:         39        28        26        29        32        39        34
 6888:         23        25        30        26        29        26        28
 6895:         29        29        37        28        33        32        26
 6902:         32        24        26        40        35        35        31
 6909:         31        30        40        36        30        27        26
 6916:         30        34        35        24        26        35        31
 6923:         39        31        32        32        37        30        35
 6930:         27        24        34        24        28        31        36
 6937:         34        39        30        37        37        31        33
 6944:         41        23        19        40        29        25        28
 6951:         37        37        32        29        30        19        36
 6958:         29        20        31        35        34        32        18
 6965:         29        27        21        34        33        25        23
 6972:         41        25        24        23        28        25        24
 6979:         36        32        25        36        21        28        35
 6986:         33        36        36        36        40        29        26
 6993:         25        18        29        22        42        36        23
 7000:         29        27        26        23        22        28        34
 7007:         22        29        27        38        28        35        25
 7014:         31        37        33        29        25        37        27
 7021:         28        33        23        29        40        41        39
 7028:         31        20        23        33        29        18        24
 7035:         33        27        30        31        19        31        31
 7042:         35        38        30        32        25        32        28
 7049:         25        30        32        37        36        27        24
 7056:         32        43        32        24        45        28        27
 7063:         24        41        34        33        27        25        26
 7070:         32        25        34        38        21        31        33
 7077:         29        29        33        27        23        21        23
 7084:         26        26        30        22        26        37        27
 7091:         22        19        31        34        19        24        37
 7098:         33        26        28        25        36        24        26
 7105:         43        22        26        27        25        30        27
 7112:         34        44        32        34        19        39        25
 7119:         22        25        37        30        25        31        31
 7126:         35        26        23        29        39        31        32
 7133:         33        22        25        22        24        21        28
 7140:         26        40        26        31        20        29        33
 7147:         20        33        27        25        34        25        27
 7154:         35        30        22        26        24        20        34
 7161:         29        21        37        30        20        22        26
 7168:         22        26        27        29        33        37        29
 7175:         31        25        22        26        27        31        37
 7182:         25        28        33        32        25        30        35
 7189:         32        30        28        29        33        25        26
 7196:         30        37        36        32        15        29        24
 7203:         29        23        26        30        35        21        24
 7210:         37        23        30        36        29        38        23
 7217:         32        32        29        35        35        31        25
 7224:         26        31        31        23        30        44        27
 7231:         31        20        22        29        23        39        35
 7238:         25        24        33        27        25        30        35
 7245:         19        28        29        22        23        25        29
 7252:         38        34        27        37        20        31        20
 7259:         21        26        26        27        24        30        26
 7266:         34        30        21        30        31        22        21
 7273:         22        36        19        30        23        28        28
 7280:         32        26        24        29        29        36        25
 7287:         21        33        28        30        23        34        24
 7294:         34        49        29        32        27        19        29
 7301:         39        22        27        17        29        32        33
 7308:         28        22        31        29        29        25        28
 7315:         28        26        38        21        18        39        20
 7322:         22        21        39        27        40        18        19
 7329:         28        22        30        23        26        30        34
 7336:         28        32        19        27        24        14        31
 7343:         18        28        28        29        23        22        29
 7350:         23        26        26        27        30        27        16
 7357:         28        29        18        29        19        19        31
 7364:         33        33        29        29        23        27        23
 7371:         43        30        28        23        30        27        15
 7378:         28        23        28        28        36        34        36
 7385:         28        31        30        21        24        20        24
 7392:         26        25        30        30        27        28        26
 7399:         31        37        20        25        20        30        26
 7406:         17        33        27        25        28        22        36
 7413:         30        35        33        31        30        36        35
 7420:         31        28        31        41        29        31        17
 7427:         33        28        27        26        30        26        38
 7434:         19        15        27        30        32        25        30
 7441:         27        29        31        35        28        26        30
 7448:         28        26        34        24        29        35        31
 7455:         25        33        25        26        22        24        29
 7462:         31        29        29        29        34        22        24
 7469:         32        27        37        31        22        27        30
 7476:         35        26        39        27        18        27        19
 7483:         26        35        29        24        22        24        34
 7490:         26        29        31        28        32        21        30
 7497:         33        34        24        21        26        32        31
 7504:         24        30        35        28        20        31        31
 7511:         29        23        33        29        20        33        29
 7518:         29        20        33        38        24        26        37
 7525:         23        30        24        29        20        27        23
 7532:         17        29        26        30        35        20        23
 7539:         22        18        23        19        24        31        26
 7546:         22        29        25        43        27        23        30
 7553:         25        29        27        30        34        27        22
 7560:         21        32        24        24        30        35        26
 7567:         23        33        25        24        30        28        21
 7574:         27        20        28        33        17        30        29
 7581:         28        24        36        22        18        36        34
 7588:         26        27        24        30        26        27        28
 7595:         26        27        21        16        30        28        34
 7602:         21        38        20        26        33        30        27
 7609:         25        13        29        25        20        26        26
 7616:         36        33        36        27        28        27        32
 7623:         36        19        26        26        29        35        23
 7630:         30        30        28        31        34        36        28
 7637:         24        26        23        27        30        27        25
 7644:         33        25        30        31        19        26        24
 7651:         20        20        30        24        26        28        18
 7658:         29        32        28        30        27        24        34
 7665:         32        30        25        25        22        39        24
 7672:         26        20        26        32        18        34        20
 7679:         23        30        36        38        35        27        22
 7686:         33        24        25        29        25        23        29
 7693:         40        26        28        36        26        36        25
 7700:         22        28        29        21        29        28        27
 7707:         26        29        28        25        32        35        31
 7714:         30        27        23        34        36        34        37
 7721:         37        33        32        28        25        28        26
 7728:         26        25        23        34        39        34        38
 7735:         25        24        30        28        27        30        32
 7742:         33        25        28        30        39        34        30
 7749:         29        30        34        37        22        35        21
 7756:         30        32        41        33        34        47        30
 7763:         27        36        40        29        41        34        37
 7770:         30        34        37        23        43        35        41
 7777:         29        33        32        36        47        25        32
 7784:         28        34        40        33        33        42        34
 7791:         35        25        35        40        32        28        37
 7798:         35        40        32        38        42        30        31
 7805:         30        31        45        34        32        31        46
 7812:         45        42        36        41        45        40        37
 7819:         33        41        37        34        43        43        39
 7826:         34        31        42        40        42        49        42
 7833:         42        40        50        43        42        42        42
 7840:         51        44        42        37        45        44        45
 7847:         43        37        41        40        49        37        47
 7854:         48        54        50        50        50        54        51
 7861:         43        48        39        48        39        46        54
 7868:         56        49        44        42        54        47        40
 7875:         40        49        32        53        47        52        48
 7882:         51        62        51        53        48        39        65
 7889:         50        44        56        47        45        54        41
 7896:         43        54        59        51        47        65        63
 7903:         57        55        50        62        48        50        42
 7910:         44        47        64        62        59        74        41
 7917:         65        72        54        60        54        61        59
 7924:         62        53        55        57        45        73        60
 7931:         60        57        61        62        59        64        59
 7938:         73        65        64        87        57        64        66
 7945:         52        69        66        65        57        65        47
 7952:         63        73        67        77        61        60        48
 7959:         66        71        70        69        53        79        78
 7966:         75        66        77        72        65        66        86
 7973:         74        73        71        60        62        67        80
 7980:         73        90        90        74        79        63        89
 7987:         82        93        69        75        86        75        85
 7994:         68        95        79        90        88        76        91
 8001:         74        73        69        85        98        73        75
 8008:         88        78        77        88        84        82        75
 8015:         86        96        91        78        74        74        66
 8022:         91        82        82        79        83       104       102
 8029:         97        99        83       105        90        96        86
 8036:        101        84        89       102        96       123        98
 8043:        107       120        99        85        95        87        89
 8050:         99       105        97        96       106       109        87
 8057:        101       114        95        92       105       101       107
 8064:         96       106        94       108       104       106       104
 8071:         96        94       103       102        95       106       102
 8078:         97       110       106       103       132       117       108
 8085:        126       100       118       107        77       106       114
 8092:        107       116       112       120       128       104        95
 8099:         93       117       100       121       108       110       123
 8106:        115       124       125       129       115       103       145
 8113:        114       116       112       144       114       125       138
 8120:        113       124       122       132       112       133       131
 8127:        124       122       118       112       129       120       132
 8134:        120       120       132       153       117       120       133
 8141:        109       140       176       142       126       126       121
 8148:        120       133       131       109       136       133       140
 8155:        128       148       123       161       129       136       149
 8162:        133       128       131       119       137       120       131
 8169:        125       144       143       142       129       132       133
 8176:        116       132       169       119       135       133       118
 8183:        141       108       144       134       140       120       142
 8190:        136       133       127       151       146       138       122
 8197:        150       139       147       146       144       119       138
 8204:        143       114       142       126       129       139       113
 8211:        143       122       158       132       154       150       128
 8218:        143       137       145       133       142       137       123
 8225:        130       137       137       148       139       146       140
 8232:        124       130       122       124       146       139       138
 8239:        125       138       117       145       145       120       132
 8246:        133       144       140       133       129       149       142
 8253:        127       149       148       138       130       130       138
 8260:        167       127       128       122       141       144       133
 8267:        138       139       131       130       128       136       123
 8274:        139       135       165       127       128       134       121
 8281:        138       144       139       160       148       127       135
 8288:        138       112       134       143       135       134       128
 8295:        134       124       138       131       139       136       126
 8302:        132       128       119       126       146       134       120
 8309:        136       139       146       138       132       125       125
 8316:        140       152       152       124       127       127       137
 8323:        143       129       123       150       135       132       132
 8330:        139       145       131       129       137       127       131
 8337:        133       128       130       117       120       134       142
 8344:        147       111       117       114       121       134       143
 8351:        136       120       122       121       123       124       122
 8358:        116       123       118       114       130       120       118
 8365:        121       117       126       139       126       120       128
 8372:        126       130       109       134       123       126       136
 8379:        122       120       114       122       115       127       104
 8386:        130       113       104       132       127       118       107
 8393:        129       116       132       114       112       101       122
 8400:         99        89       111       110        96       113        90
 8407:        119        96        98       103       106       102       118
 8414:        124        99       123       108       106       108       109
 8421:        116        83        99        95       105        84        84
 8428:        106       101        85        86       101        91       112
 8435:        101        96        96       124        83       111        90
 8442:        108       103        98       109        78        94        90
 8449:        106       109       102        72       100        88        84
 8456:         84        82        98        83        78        84        84
 8463:         92        83        80        88        75        93        97
 8470:         90        95        96        92        79        64        75
 8477:         80        75        79        73        77        88        82
 8484:         89        80        86        75        79        78        73
 8491:         99        66        76        71        87        80        84
 8498:         78        67        76        63        62        68        78
 8505:         80        67        58        67        69        86        73
 8512:         70        59        69        60        72        59        94
 8519:         74        58        75        64        65        73        62
 8526:         56        68        76        59        67        61        67
 8533:         81        64        62        56        66        61        69
 8540:         48        67        58        64        60        58        44
 8547:         56        70        64        69        53        60        56
 8554:         64        51        50        69        57        65        68
 8561:         51        64        50        54        56        47        55
 8568:         50        59        50        55        38        51        56
 8575:         54        65        56        63        50        50        45
 8582:         49        35        49        44        49        49        55
 8589:         38        46        40        46        44        41        46
 8596:         37        48        45        52        53        36        47
 8603:         46        42        41        35        46        48        34
 8610:         56        50        45        50        35        34        34
 8617:         40        38        45        35        48        40        42
 8624:         49        49        33        39        48        41        37
 8631:         30        37        41        33        41        43        42
 8638:         33        27        36        30        46        25        35
 8645:         37        39        24        28        33        40        40
 8652:         35        29        41        30        30        38        32
 8659:         25        31        20        32        33        14        26
 8666:         37        25        30        28        34        28        29
 8673:         34        37        38        23        26        31        29
 8680:         28        40        23        26        39        22        30
 8687:         22        27        21        27        28        36        22
 8694:         25        37        30        28        31        25        28
 8701:         20        25        23        25        36        27        31
 8708:         31        21        26        17        26        24        32
 8715:         23        25        25        26        25        27        27
 8722:         26        17        25        29        27        24        21
 8729:         28        17        38        28        26        17        18
 8736:         22        22        21        24        23        28        14
 8743:         29        22        20        21        14        22        18
 8750:         26        34        30        20        26        19        15
 8757:         28        19        21        24        24        18        16
 8764:         18        18        16        19        25        36        20
 8771:         20        23        20        20        24        33        23
 8778:         25        20        20        20        19        22        15
 8785:         17        28        20        19        25        22        20
 8792:         22        19        27        28        21        23        15
 8799:         25        18        24        24        26        24        18
 8806:         17        26        17        27        10        23        27
 8813:         22        18        20        32        15        21        25
 8820:         25        24        29        33        29        18        25
 8827:         25        20        26        16        28        24        21
 8834:         14        25        24        21        18        12        25
 8841:         17         9        23        27        23        21        17
 8848:         18        23        22        28        19        30        28
 8855:         28        24        19        27        25        34        26
 8862:         29        23        33        25        26        27        27
 8869:         16        28        34        28        31        24        32
 8876:         37        30        36        21        25        27        30
 8883:         15        28        29        32        23        27        21
 8890:         32        25        31        36        25        28        24
 8897:         31        26        24        23        36        27        28
 8904:         34        37        30        27        40        26        38
 8911:         41        33        21        24        38        45        22
 8918:         42        32        36        39        32        23        30
 8925:         33        32        28        29        27        33        33
 8932:         28        29        35        29        32        26        29
 8939:         37        34        26        31        32        33        31
 8946:         30        30        27        22        30        39        46
 8953:         46        35        28        32        40        26        28
 8960:         32        39        36        44        39        30        41
 8967:         48        43        52        49        35        46        42
 8974:         35        37        42        38        39        39        44
 8981:         52        39        42        46        39        37        42
 8988:         38        39        46        30        46        40        44
 8995:         50        34        49        40        35        43        58
 9002:         46        47        45        61        45        53        39
 9009:         48        49        58        51        39        42        51
 9016:         47        36        54        54        53        57        43
 9023:         52        51        50        49        45        48        63
 9030:         47        61        60        54        50        51        54
 9037:         62        63        54        61        47        48        62
 9044:         52        50        71        59        62        55        61
 9051:         57        52        65        65        53        58        60
 9058:         51        65        54        67        57        63        62
 9065:         62        66        70        62        54        73        57
 9072:         69        78        53        66        63        56        57
 9079:         64        67        59        74        59        56        75
 9086:         72        72        62        54        76        76        65
 9093:         78        68        80        75        85        75        68
 9100:         72        77        71        70        79        83        87
 9107:         59        62        69        75        99        76        77
 9114:         83        73        80        79        71        79        88
 9121:         77        91        89        78        84        83        79
 9128:         72        62        79        79        97        96        71
 9135:         85        80        85        75        90        82        86
 9142:         74        97        93        69        77       105        74
 9149:         90        77        72        85       105        90        83
 9156:         85        89        90        91        85        90        89
 9163:         83        81        86        93       100        73        87
 9170:         99        80       104        80        90        98        89
 9177:        112        96        84       101       101        79        83
 9184:         82        99        92        96        81        78       112
 9191:         99        94       101        84        90        88        85
 9198:         92       103       109        85        92       109       104
 9205:         98        82       100        84        97       118       118
 9212:        111       107       111       101        98       106        88
 9219:        102        95        95       121       103        98        86
 9226:         99        93       113       111       103       106       112
 9233:        102       103       107        92       109       104       107
 9240:        115       110       111        97        93        88        97
 9247:        110       110       104       115       117       124        96
 9254:        100       104       107       109        99       113       113
 9261:        100        99       105       120       115       117       107
 9268:        117       110        98       110       107        98        93
 9275:        108       130       107       101       101       113       114
 9282:         88       107       104       108       101       109       125
 9289:        105       112       107       117       118       105        97
 9296:        121       104       109       105       112       114       103
 9303:        128       101       135       110       114       115       107
 9310:        116       120       110       104        99       109       123
 9317:        125       133       116       120       102       127       111
 9324:        122       127       119       119       113       117       112
 9331:         90       104       116       125       105       105       114
 9338:        102       111       115       109       119       109       114
 9345:        113        92       113       123       120       120       126
 9352:         98        97       121       109       113       106       112
 9359:        118       132       112       113       117       120       109
 9366:        116       105       110       106       134       103       111
 9373:        122       125       111       126       113       115       104
 9380:        104       101       105       120       106       109        83
 9387:        126       118        83       109        91       104       116
 9394:        120       116       116       107       124       109       116
 9401:        105       117       112       100       110       112       116
 9408:        123       101       132        90        97       114       128
 9415:        113        86       102       109        95       104        98
 9422:        120       103       115       115       104       121        94
 9429:        107       100       118       101        91        96        94
 9436:        102       100        97       107        98       112        93
 9443:        109       113       100       104        82       109        94
 9450:         99        97       101       113        97        93       113
 9457:         98        88        82        96        99       107        93
 9464:         98        80        99        81        97        89       103
 9471:        116       106        83        91        97        85        97
 9478:        105        84       101        95        82        90        95
 9485:         95       101        97        86        96       102        84
 9492:         88        97       114        81        78        96        87
 9499:         88        84        85        91        83        76        99
 9506:         91        85        88        75        89        83        85
 9513:         83        71        88        88        77        82        85
 9520:         78        85        83        96        79        94        76
 9527:         82        90        80        93        83        75        80
 9534:         71        92        75        79        80        75        69
 9541:         81        87        79        62        68        80        70
 9548:         72        73        69        69        90        64        78
 9555:         75        92        85        74        81        66        77
 9562:         80        64        68        57        51        71        66
 9569:         85        71        58        59        62        66        64
 9576:         65        64        76        70        76        70        64
 9583:         79        61        65        64        65        58        52
 9590:         52        53        66        68        61        55        58
 9597:         79        50        57        45        49        57        54
 9604:         57        72        56        61        53        62        44
 9611:         62        52        71        61        44        49        59
 9618:         60        56        57        52        47        50        60
 9625:         59        61        72        64        56        59        50
 9632:         48        58        70        51        48        52        45
 9639:         52        47        49        40        47        42        57
 9646:         32        47        53        47        54        45        51
 9653:         48        53        41        46        39        46        47
 9660:         38        42        40        30        41        40        40
 9667:         39        41        33        39        50        43        58
 9674:         35        35        27        41        37        43        34
 9681:         40        36        40        48        43        42        37
 9688:         43        50        36        36        34        42        51
 9695:         47        36        35        31        41        36        31
 9702:         37        34        34        38        32        36        31
 9709:         40        30        35        31        26        36        28
 9716:         31        31        26        31        28        24        20
 9723:         31        37        30        23        21        28        24
 9730:         42        30        25        34        31        39        37
 9737:         34        33        29        28        31        26        25
 9744:         30        28        22        24        15        27        35
 9751:         27        32        26        23        20        29        26
 9758:         27        30        23        25        24        23        25
 9765:         31        27        18        21        24        21        26
 9772:         20        23        23        28        21        14        23
 9779:         17        17        19        23        29        23        23
 9786:         24        22        27        18        32        16        11
 9793:         21        26        18        20        26        28        13
 9800:         23        18        18        18        20        23        24
 9807:         15        17        18        13         9        16        17
 9814:         17        15        20        15        10        23        16
 9821:         16        18        18        20        21        16        15
 9828:         19        20        17        19        17        14        15
 9835:         22        17        22        11        13        17        11
 9842:         12        14         8        21        15        10        15
 9849:         12        14        12        17        12        22        14
 9856:         13        14        21        20        14        15        20
 9863:          6        16        11        19        13        11        14
 9870:         13        11        19        12         9        11        10
 9877:         13        20        14        11        18         9        13
 9884:         13        11        11        11        11        13         5
 9891:         12        11         3        13         6        20        11
 9898:         15        15         9        14        13         7         9
 9905:         15         7        13        10        10         5        12
 9912:         10         8        10         9        12        10        11
 9919:          9        15         7         7         8         6        12
 9926:         14        11        10        13        14        11         5
 9933:         12        11         4        16        16         7         4
 9940:         11        14        14        12        13         9         7
 9947:         15         8         9         8         7        14        11
 9954:          5         6         7         6         7         6         4
 9961:          8        12         7         6        11         7         6
 9968:          7         5        10         8        11         5         7
 9975:          9         5        11         5         7         7         7
 9982:          7         5         4         8         4         5         7
 9989:          6         7         6         7         8         9        13
 9996:          9        10         7         6        11         9        14
10003:         10         4         8         7         5         7         7
10010:          9         8         8         8         7         7         9
10017:          8         5         3        10         7         4         7
10024:          4         4         6         6         6         9         4
10031:          7         7         8         6         8         7         2
10038:          5         4         9         4         6         4         2
10045:          5         7        12         7         5         8         5
10052:          5         8         7         4        12         3         5
10059:          5         3         9         7         4         5         7
10066:          9         2         4         4         3         6         7
10073:          4         4         4         7        10         3         2
10080:          3         4         7         2         3         5         2
10087:          4         6         8         4         8         5         4
10094:          6         5         8         6         4         8         3
10101:          5         5         1         9         8         6         4
10108:          7         2         1         3         3         6         2
10115:          6         2         4         4         4         2         3
10122:          6         5         5         4         6         2         4
10129:          7         3         4         6         5         1         7
10136:         10         4         3         6         5         6         4
10143:          4         5         3         5         2         8         5
10150:          5         1         3         2         7         3        10
10157:          5         5         5         5         1         4         2
10164:          5         3         6         3         2         4         3
10171:          7         3         3         5         3         3         5
10178:          8         3         7         5         5         3         4
10185:          9         7         5         4         9         2         4
10192:          3         6         3         7         4         7         6
10199:          2         1         3         4         3         5         6
10206:          8         2         6         3         3         2         4
10213:          4         1         1         4         3         2         3
10220:          2         3         5         7         4         3         2
10227:          8         6         6         5         2         2         3
10234:          7         4         5         3         6         5         0
10241:          8         3         2         4         5         4         6
10248:          5         6         7         4         5         7         7
10255:          8         0         4         1         5         2         1
10262:          3         7         4         1         3         3         4
10269:          6         4         8         6         1         5         3
10276:          4         4        12         5         3         7         9
10283:          2         3         1         6         2         5         5
10290:          8         4         2         1         3         2         4
10297:          4         4         6         3         3         3         3
10304:          3         2         1         2         6         8         7
10311:          7         1         6         5         3         8         0
10318:          5         1         4         3         4         4         2
10325:          1         3         4         7         2         7         6
10332:          3         2         5         6         3         3         4
10339:          6         1         4         7         6         6         4
10346:          2         6         6         6         3         5         4
10353:          3         4         2         4         6         4         6
10360:          5         4         3         5         4         2         6
10367:          7         1         3         6         1         2         3
10374:          6         4         2         2         7         6         4
10381:          2         3         5         2         6         4         2
10388:          5         3         3         2         3         3         5
10395:          3         3         4         8         1         4         3
10402:          1         6         8         6         3         3         3
10409:          1         1         3         3         1         4         6
10416:          3         5         2         4         8         2         1
10423:          1         1         1         7         6         1         5
10430:          3         6         1         2         2         5         5
10437:          6         3         9         5         4         6         3
10444:          1         4         8         7         2         6         4
10451:          0         3         3         4         2         2         2
10458:          0         2         6         3         2         6         4
10465:          5         5         2         5         6         5         4
10472:          2         4         3         4         2         2         3
10479:          6         4         2         3         5         4         2
10486:          5         3         3         7         4         3         5
10493:          2         8         4         4         5         4         6
10500:          3         5         7         4         2         7         5
10507:          2         4         4         2         5         3         1
10514:          3         3         2         3         4         2         6
10521:          3         1         4         0         3         5         4
10528:          7         2         3         7         3         5         8
10535:          3         5         3         2         2         6         3
10542:          3         2         3         1         3         6         3
10549:          5         0         4         3         3         5         5
10556:          2         2         4         4         1         6         6
10563:          3         3         4         3         4         5         1
10570:          2         7         2         4         2         1         4
10577:          5         3         4         6         6         3         3
10584:          2         1         2         4         2         3         6
10591:          9         6         2         4         2         3         6
10598:          6         9         3         2         3         1         5
10605:          0         6         7         3         5         5         3
10612:          8         2         5         5         1         6         3
10619:          4         4         3         2         8         1         3
10626:          1         5         4         1         4         4         6
10633:          2         3         3         2         5         7         3
10640:          2         3         4         2         7         2         4
10647:          3         2         3         4         4         5         3
10654:          5         4         4         8         3         4         3
10661:          3         3         3         3         3         5         4
10668:          2         7         6         3         4         3         4
10675:          2         1         7         6         2         2         2
10682:          6         3         8         2         5         4         3
10689:          5         4         0         5         5         5         3
10696:          4         2         1         2         0         3         7
10703:          5         2         3         2         1         4         4
10710:          3         3         7         5         4         2         3
10717:          2         7         5         1         5         4         7
10724:          1         6         3         4         1         2         5
10731:          1         3         2         6         5         7         3
10738:          1         3         3         2         6         5         9
10745:          6         4         1         2         4         3         1
10752:          6         8         3         1         9         2         2
10759:          2         0         5         3         4         5         0
10766:          5         4         4         7         6         3         8
10773:          4         1         7         1         3         4         4
10780:          3         5         5         6         3         3         4
10787:          6         4         4         3         2         1         5
10794:          3         2         1         3         4         5         2
10801:          7         5         5         4         4         6         3
10808:          2         7         3         5         4         1         4
10815:          3         3         6         7         3         3         3
10822:          4         5         5         4         4         3         7
10829:          5         4         2         9         1         4         3
10836:          3         3         9         5         3         4         6
10843:          4         1         2         5         3         5         0
10850:          2         2         4         7         2         4         3
10857:          3         7         2         6         4         3         9
10864:          2         5         3         4         6         1         7
10871:          1         1         4         4         6         1         5
10878:          5         2         4         3         4         2         2
10885:          3         4         7         9         5         5         7
10892:          6         1         4         6         9         1         3
10899:          4         1         3         5         0         4         1
10906:          4         5         5         2         3         3         1
10913:          6         3         3         4         4         4         2
10920:          3         4         4         3         5         3         2
10927:          6         3         1         3         9         4         5
10934:          2         1         3         4         6         5         1
10941:          4         1         3         3         4         2         5
10948:          1         2         4         2         2         2         3
10955:          1         2         4         3         5         4         4
10962:          2         3         5         0         7         4         1
10969:          4         3         9         5         3         4        10
10976:          3         3         2         3         1         4         3
10983:          3         1         2         4         2         4         1
10990:          5         2         4         5         5         1         5
10997:          6         1         2         7         3         4         2
11004:          2         2         8         4         4         5         2
11011:          1         3         5         4         1        11         3
11018:          4         3         4         3         6         4         2
11025:          5         3         2         6         3         2         7
11032:          5         2         4         3         1         3        11
11039:          3         1         3         8         1         3         8
11046:          3         7         3         4         5         3         6
11053:          6         5         4         5         6         2         4
11060:          5         4         2         2         3        10         3
11067:          3         1         2         3         2         4         6
11074:          2         2         3         3         5         5         5
11081:          6         2         5         3         5         3         5
11088:          2         2         4         5         3         3         1
11095:          2         4         3         4         1         4         1
11102:          7        10         3         5         4         1         4
11109:          6         4         4         1         3         2         2
11116:          4         6         0         2         3         4         2
11123:          1         4         5         3         5         4         2
11130:          7         6         7         5         1         4         5
11137:          7         2         4         1         5         1         4
11144:          1         1         3         5         3         6         4
11151:          4         4         2         2         5         2         3
11158:          0         1         2         1         3         1         7
11165:          3         7         3         2         5         3         3
11172:          1         5         0         3         7         6         2
11179:          1         3         4         1         5         2         2
11186:          4         3         2         1         4         3         1
11193:          3         3         1         3         5         2         1
11200:          3         2         6         2         4         4         2
11207:          1         5         2         3         5         4         3
11214:          7         5         2         6         4         3         4
11221:          4         2         3         3         4         2         3
11228:          6         5         2         6         1         4         3
11235:          3         5         5         4         1         2         6
11242:          6         5         3         5         3         6         3
11249:          2         3         3         3         5         2         3
11256:          2         2         2         3         3         5         2
11263:          2         1         2         1         1         3         3
11270:          3         5         5         4         4         1         1
11277:          5         4         4         1         3         8         1
11284:          2         5         2         7         4         3         1
11291:          8         7         5         7         6         4         2
11298:          5         6         3         6         5         5         2
11305:          3         1         6         4         4         3         4
11312:          0         3         7         4         6         1         2
11319:          1         3         5         7         6         4         1
11326:          5         1         7         2         5         4         4
11333:          3         3         3         5         4         4         7
11340:          4         2         5         3         0         1         3
11347:          1         2         6         1         0         7         2
11354:          3         6         1         2         2         5         3
11361:          4         5         6         3         1         1         5
11368:          2         3         3         1         4         4         4
11375:          3         2         5         2         2         1         3
11382:          6         3         2         4         3         3         7
11389:          0         3         5         3         6         4         2
11396:          4         4         4         3         1         1         1
11403:          2         4         3         2         9         3         2
11410:          1         1         3         0         2         5         2
11417:          5         6         6         3         5         3         2
11424:          1         4         4         3         4         4         8
11431:          3         7         4         1         4         7         5
11438:          5         3         4         5         5         3         2
11445:          1         1         2         3         1         2         3
11452:          0         5         6         6         2         1         5
11459:          1         1         0         2         3         5         2
11466:          2         3         4         2         3         3         4
11473:          2         5         8         5         3         1         4
11480:          4         4         3         5         4         2         4
11487:          4         3         2         3         3         2         1
11494:          3         5         6         5         3         3         3
11501:          4         3         5         2         4         3         4
11508:          3         4         0         5         1         2         2
11515:          0         5         6         2         4         3         3
11522:          2         3         4         1         1         8         6
11529:          2         3         1         0         4         4         3
11536:          1         0         7         6         2         5         3
11543:          7         6         2         3         1         1         7
11550:          1         2         0         2         5         5         3
11557:          3         0         4         2         4         1         7
11564:          3         0         8         5         2         6         3
11571:          2         2         3         2         3         4         4
11578:          1         1         7         4         5         2         3
11585:          2         2         5         0         3         3         8
11592:          2         4         2         4         4         4         4
11599:          4         0         2         2         4         3         2
11606:          4         7         2         0         3         6         1
11613:          6         4         4         4         0         7         2
11620:          3         2         3         3         0         6         4
11627:          1         3         1         2         2         4         2
11634:          3         3         4         5         6         1         2
11641:          6         4         7         2         2         5         3
11648:          4         3         2         4         2         4         3
11655:          4         4         2         1         2         1         2
11662:          3         9         4         0         1         3         2
11669:          6         1         2         3         3         3         2
11676:          3         5         3         2         4         5         4
11683:          0         4         3         3         4         2         3
11690:          3         3         4         7         1         3         4
11697:          3         2         5         4         5         0         5
11704:          1         3         2         5         1         4         4
11711:          4         4         2         4         2         2         6
11718:          3         5         1         5         5         2         3
11725:          3         3         5         3         2         1         4
11732:          2         4         2         3         4         2         0
11739:          3         3         1         4         6         4         4
11746:          5         5         5         1         1         6         2
11753:          3         1         2         1         1         4         2
11760:          4         2         1         5         1         4         4
11767:          3         5         3         2         3         3         2
11774:          2         4         0         3         0         3         6
11781:          3         4         2         4         6         6         2
11788:          2         4         2         3         3         3         3
11795:          1         2         4         1         2         3         2
11802:          1         8         2         3         0         5         1
11809:          8         5         3         2         5         3         4
11816:          4         4         2         0         3         5         1
11823:          2         2         3         4         6         4         1
11830:          1         3         2         2         4         2         1
11837:          4         4         1         2         3         2         2
11844:          4         1         3         2         0         1         1
11851:          3         2         0         4         2         3         4
11858:          2         3         5         2         1         3         2
11865:          3         2         1         4         2         2         3
11872:          2         6         5         4         3         2         2
11879:          3         4         3         1         3         3         4
11886:          6         4         3         1         2         1         6
11893:          5         2         3         3         1         5         4
11900:          4         5         2         2         0         3         3
11907:          3         0         3         1         0         3         3
11914:          6         4         3         2         2         3         6
11921:          4         4         5         1         3         6         1
11928:          3         4         1         2         0         4         1
11935:          4         4         2         3         3         2         2
11942:          3         2         2         1         2         3         6
11949:          1         5         5         1         4         3         1
11956:          5         5         2         2         1         2         2
11963:          4         0         2         0         1         4         4
11970:          3         6         2         5         4         1         1
11977:          3         4         3         6         4         4         2
11984:          3         1         3         0         5         3         1
11991:          4         3         1         1         6         2         4
11998:          1         2         3         1         4         1         5
12005:          2         3         3         6         2         1         2
12012:          1         0         4         3         4         1         5
12019:          1         3         3         0         4         5         0
12026:          5         2         1         2         2         3         1
12033:          0         3         2         2         0         2         2
12040:          6         2         2         3         5         3         1
12047:          3         2         7         5         5         1         3
12054:          3         3         3         1         1         3         0
12061:          3         1         4         6         3         5         3
12068:          5         2         4         2         2         3         2
12075:          4         0         6         2         3         2         1
12082:          1         2         1         5         2         5         5
12089:          5         0         5         3         3         3         3
12096:          6         5         4         1         1         2         4
12103:          2         3         1         3         4         1         3
12110:          2         0         4         3         3         2         0
12117:          3         2         4         4         3         1         0
12124:          5         3         3         0         0         2         2
12131:          2         0         1         0         2         5         0
12138:          2         3         2         5         2         3         2
12145:          4         2         2         2         1         2         3
12152:          7         3         2         5         2         5         2
12159:          2         2         4         3         2         2         1
12166:          4         5         2         4         3         5         2
12173:          3         1         3         6         2         1         2
12180:          2         2         2         8         1         4         6
12187:          2         2         1         4         2         1         3
12194:          1         6         1         2         2         4         5
12201:          5         4         2         1         3         2         4
12208:          1         2         3         4         3         2         2
12215:          0         5         4         3         0         2         4
12222:          2         5         5         2         2         1         1
12229:          3         4         3         2         4         0         6
12236:          2         1         2         1         4         4         5
12243:          5         0         2         2         2         3         5
12250:          2         3         2         2         3         9         2
12257:          5         3         2         4         1         3         3
12264:          2         2         0         4         2         2         1
12271:          4         1         4         3         3         5         3
12278:          3         2         4         6         3         3         1
12285:          4         2         4         3         2         3         3
12292:          2         4         1         3         4         3         5
12299:          3         4         5         3         8         2         7
12306:          3         2         3         3         2         2         1
12313:          4         4         2         6         4         1         1
12320:          5         3         3         1         4         1         5
12327:          1         3         5         2         3         0         3
12334:          1         4         2         1         0         2         5
12341:          3         3         3         3         2         2         1
12348:          0         4         5         5         6         2         6
12355:          4         4         1         1         4         1         3
12362:          1         2         2         1         2         3         2
12369:          0         4         0         4         2         5         2
12376:          2         4         1         2         4         4         3
12383:          2         3         0         1         5         3         2
12390:          2         4         1         1         3         1         2
12397:          4         3         1         3         4         4         3
12404:          3         6         5         3         6         3         2
12411:          4         4         4         2         0         3         3
12418:          2         3         3         2         1         4         3
12425:          1         1         1         1         3         1         2
12432:          4         2         1         2         4         2         4
12439:          2         3         1         3         3         4         3
12446:          3         3         2         1         4         2         1
12453:          2         1         0         1         3         1         2
12460:          1         2         7         3         3         3         3
12467:          3         2         1         2         3         0         3
12474:          3         2         1         1         1         3         4
12481:          3         4         4         4         2         1         2
12488:          2         2         3         3         3         2         4
12495:          2         4         4         1         0         0         3
12502:          6         2         3         1         2         2         1
12509:          1         1         0         2         3         0         4
12516:          1        10         7         4         3         1         2
12523:          7         2         2         2         3         3         3
12530:          3         2         0         1         4         1         3
12537:          5         1         4         2         5         2         7
12544:          2         4         7         1         4         3         0
12551:          2         0         3         3         1         6         2
12558:          1         1         2         4         3         3         5
12565:          5         4         1         2         4         2         4
12572:          2         0         4         2         5         2         1
12579:          1         1         3         5         3         1         1
12586:          5         7         2         3         3         1         2
12593:          1         3         2         5         1         2         5
12600:          7         6         5         2         3         2         0
12607:          4         0         3         3         3         1         2
12614:          2         3         3         2         3         2         3
12621:          0         2         2         5         2         3         0
12628:          3         3         3         3         1         5         1
12635:          0         0         4         0         4         1         2
12642:          7         0         3         1         2         4         2
12649:          5         2         4         6         1         1         2
12656:          3         3         3         2         0         1         3
12663:          0         2         2         2         2         1         6
12670:          4         4         2         1         5         2         4
12677:          3         1         0         2         3         1         6
12684:          3         3         1         1         1         2         1
12691:          3         2         2         3         2         4         6
12698:          5         2         2         2         0         2         2
12705:          0         2         6         1         4         3         2
12712:          2         4         0         2         2         1         1
12719:          2         0         2         0         2         3         2
12726:          0         2         2         4         2         4         2
12733:          4         2         3         2         3         1         3
12740:          1         2         3         2         5         3         2
12747:          3         3         5         4         4         6         2
12754:          4         3         2         2         2         3         1
12761:          1         2         1         0         3         2         4
12768:          2         1         4         1         2         1         2
12775:          7         6         1         3         0         2         1
12782:          3         2         3         2         2         2         3
12789:          1         5         4         0         2         3         2
12796:          3         3         1         3         6         1         5
12803:          2         2         4         2         1         5         6
12810:          4         1         1         2         2         1         2
12817:          1         4         2         3         5         1         1
12824:          1         4         2         0         1         7         1
12831:          1         0         3         1         5         2         0
12838:          2         1         4         2         2         2         4
12845:          4         2         4         2         1         0         4
12852:          2         1         4         1         2         1         3
12859:          4         5         2         5         3         2         1
12866:          5         4         3         1         1         1         4
12873:          2         2         3         1         4         1         3
12880:          2         4         3         2         5         5         4
12887:          5         0         0         1         0         2         2
12894:          2         4         2         2         2         0         2
12901:          3         2         5         1         1         0         2
12908:          2         2         1         4         2         1         1
12915:          3         2         1         0         0         1         1
12922:          2         0         0         3         0         4         3
12929:          3         1         0         3         2         2         3
12936:          3         5         3         2         2         4         2
12943:          1         3         1         1         0         2         2
12950:          3         0         1         2         3         1         4
12957:          0         2         5         1         5         3         3
12964:          3         2         3         2         1         0         2
12971:          1         1         0         1         3         0         2
12978:          2         3         2         1         2         3         0
12985:          3         3         2         7         2         3         2
12992:          3         5         0         2         2         1         3
12999:          4         2         2         2         1         1         3
13006:          1         2         3         2         1         3         1
13013:          2         3         4         0         3         3         3
13020:          3         4         2         2         2         8         2
13027:          0         6         4         4         2         1         3
13034:          4         3         2         3         3         3         0
13041:          2         2         1         1         1         1         1
13048:          3         1         2         1         3         1         4
13055:          2         2         4         2         3         2         5
13062:          1         1         4         4         3         4         2
13069:          3         0         2         3         3         3         3
13076:          2         3         2         2         2         3         2
13083:          2         0         3         4         1         1         2
13090:          2         3         4         1         3         0         0
13097:          1         3         3         2         2         1         3
13104:          3         2         0         1         0         0         3
13111:          1         3         6         2         2         4         2
13118:          3         3         2         3         1         6         2
13125:          0         3         1         2         2         2         1
13132:          5         0         1         2         2         2         3
13139:          2         2         2         2         3         2         3
13146:          1         3         3         2         5         1         2
13153:          3         3         3         3         2         6         4
13160:          4         2         4         2         0         3         3
13167:          2         2         4         2         1         4         2
13174:          1         4         1         2         3         2         1
13181:          3         2         1         4         2         2         3
13188:          5         3         2         0         1         4         2
13195:          3         1         1         3         3         4         1
13202:          5         1         2         2         5         2         2
13209:          3         2         2         2         3         0         2
13216:          3         3         0         3         1         4         1
13223:          4         3         0         2         1         3         1
13230:          1         5         4         2         1         2         2
13237:          3         4         5         2         1         3         1
13244:          0         2         1         4         2         6         3
13251:          0         5         0         1         2         2         1
13258:          2         0         1         4         3         0         1
13265:          3         2         3         3         1         0         3
13272:          4         3         3         5         3         4         2
13279:          1         3         3         5         2         7         1
13286:          3         3         6         2         1         2         1
13293:          4         2         2         2         2         2         3
13300:          2         1         4         1         4         1         2
13307:          3         1         1         5         0         3         2
13314:          4         2         2         3         5         2         2
13321:          1         2         4         0         4         3         2
13328:          1         1         1         0         4         1         0
13335:          2         2         3         3         6         4         1
13342:          6         1         3         3         4         3         5
13349:          2         2         4         1         5         1         2
13356:          3         3         3         2         4         1         3
13363:          1         2         4         2         3         1         1
13370:          1         1         2         2         2         4         1
13377:          1         0         1         3         2         1         2
13384:          1         1         3         0         1         3         2
13391:          2         1         4         0         2         3         1
13398:          3         1         2         2         6         1         1
13405:          4         1         0         4         3         3         0
13412:          2         3         4         6         2         2         5
13419:          0         0         4         0         3         4         0
13426:          2         4         1         1         4         0         2
13433:          6         4         1         2         1         1         0
13440:          0         4         2         0         0         1         1
13447:          4         3         2         0         0         0         1
13454:          1         2         2         1         2         2         4
13461:          4         4         6         3         0         3         0
13468:          3         3         2         5         0         7         1
13475:          0         2         3         2         3         2         2
13482:          2         1         3         4         5         1         5
13489:          4         6         5         2         3         4         5
13496:          4         2         4         7         3         1         3
13503:          3         3         6         4         2         2         2
13510:          0         0         2         1         2         1         1
13517:          5         0         1         3         3         2         2
13524:          1         5         0         1         3         5         0
13531:          0         2         3         1         4         1         1
13538:          3         2         0         2         3         4         2
13545:          2         2         1         4         2         1         6
13552:          3         4         1         3         1         3         1
13559:          1         1         3         3         2         2         4
13566:          1         2         1         4         3         1         0
13573:          1         2         2         1         1         2         0
13580:          2         3         1         4         1         1         4
13587:          2         2         3         3         4         2         1
13594:          2         2         0         3         1         0         1
13601:          3         1         4         1         1         3         4
13608:          1         2         1         2         1         3         1
13615:          2         0         2         3         2         3         2
13622:          5         1         4         2         0         1         1
13629:          1         2         2         3         3         1         2
13636:          2         4         0         0         1         3         0
13643:          2         2         2         1         3         5         1
13650:          2         0         3         6         3         3         4
13657:          2         3         3         3         4         2         4
13664:          3         5         7         1         2         3         4
13671:          1         5         3         5         4         1         1
13678:          2         3         4         3         2         3         1
13685:          2         4         3         4         1         4         5
13692:          0         4         1         2         3         1         1
13699:          2         4         2         2         1         4         2
13706:          3         2         2         4         0         1         0
13713:          2         5         0         4         1         2         5
13720:          4         0         2         1         1         3         2
13727:          4         2         4         2         4         0         2
13734:          5         1         1         2         4         1         3
13741:          3         4         3         5         3         3         1
13748:          4         2         3         4         4         4         4
13755:          3         1         1         0         2         2         2
13762:          2         2         4         1         1         3         2
13769:          0         4         3         0         2         2         1
13776:          4         2         1         2         2         0         5
13783:          5         3         3         3         5         6         2
13790:          3         1         2         1         0         0         2
13797:          2         1         1         5         0         3         0
13804:          3         2         3         2         3         3         1
13811:          1         1         4         1         2         2         1
13818:          4         3         2         3         4         2         4
13825:          3         3         2         3         3         2         0
13832:          3         3         3         1         3         1         1
13839:          3         8         3         2         2         2         2
13846:          3         0         2         2         2         2         6
13853:          2         1         3         2         3         3         2
13860:          1         0         1         1         5         0         2
13867:          3         1         2         2         1         3         2
13874:          1         1         1         4         2         4         1
13881:          4         5         3         3         2         1         2
13888:          2         2         1         1         1         3         2
13895:          4         2         4         4         2         3         2
13902:          1         0         1         3         5         2         2
13909:          2         0         4         1         1         0         4
13916:          0         2         2         2         1         1         2
13923:          2         0         3         3         4         1         2
13930:          3         1         2         5         0         1         1
13937:          2         3         3         1         6         2         3
13944:          1         4         2         2         3         1         1
13951:          1         1         5         4         2         3         2
13958:          1         1         2         2         2         1         3
13965:          5         4         3         4         2         1         4
13972:          0         1         2         6         2         1         6
13979:          1         3         1         2         2         0         2
13986:          3         6         5         2         1         2         2
13993:          2         0         3         3         0         1         2
14000:          2         3         2         3         2         1         1
14007:          1         1         0         2         1         2         3
14014:          2         2         0         2         4         5         0
14021:          4         3         2         2         1         0         3
14028:          3         2         1         4         3         1         0
14035:          3         4         4         2         1         3         3
14042:          2         3         3         3         1         2         4
14049:          0         4         3         1         1         0         0
14056:          0         2         3         5         4         3         0
14063:          5         0         2         3         2         2         2
14070:          1         0         3         0         4         2         1
14077:          4         1         3         2         1         2         3
14084:          5         2         0         0         4         2         1
14091:          4         1         1         6         4         1         1
14098:          0         0         3         3         1         1         8
14105:          3         1         2         1         0         0         1
14112:          3         6         3         1         2         4         0
14119:          4         1         2         0         2         1         3
14126:          0         2         4         1         1         5         1
14133:          2         3         2         2         1         4         0
14140:          2         2         1         2         1         6         2
14147:          0         0         2         2         3         2         2
14154:          0         2         4         2         1         0         5
14161:          0         2         1         1         1         2         0
14168:          3         0         1         2         1         1         3
14175:          5         0         0         2         6         3         1
14182:          1         0         1         4         1         3         3
14189:          0         1         4         0         1         3         1
14196:          1         3         3         2         2         4         2
14203:          3         1         3         5         1         0         2
14210:          4         2         5         2         3         2         3
14217:          0         3         2         3         2         2         3
14224:          0         0         2         3         1         4         2
14231:          1         2         4         4         2         3         2
14238:          2         0         1         4         1         2         3
14245:          2         2         3         3         3         4         1
14252:          1         1         3         3         3         2         0
14259:          2         2         3         1         1         1         0
14266:          3         2         1         2         2         3         4
14273:          1         4         1         3         4         3         1
14280:          2         1         1         4         0         3         3
14287:          4         3         2         2         3         3         1
14294:          5         4         2         2         3         2         1
14301:          2         0         3         4         4         2         0
14308:          0         0         1         3         1         2         1
14315:          1         2         2         3         1         3         3
14322:          3         3         0         2         4         3         3
14329:          1         2         2         0         2         3         3
14336:          1         2         3         2         1         2         7
14343:          2         1         0         4         5         1         2
14350:          1         2         4         1         1         3         3
14357:          3         2         1         1         5         1         1
14364:          3         2         1         1         2         2         5
14371:          1         2         4         3         1         3         3
14378:          2         3         2         6         1         3         4
14385:          4         2         6         3         3         0         2
14392:          1         1         2         1         4         2         0
14399:          2         2         2         2         1         1         3
14406:          2         1         3         4         8         3         4
14413:          1         1         3         2         3         2         1
14420:          1         1         2         1         0         2         2
14427:          4         3         5         5         3         2         2
14434:          1         2         2         5         3         2         2
14441:          4         1         3         1         0         2         5
14448:          2         5         1         1         4         3         6
14455:          5         1         2         2         1         1         3
14462:          5         3         3         2         2         1         1
14469:          2         2         1         2         4         4         4
14476:          3         1         3         2         1         5         0
14483:          0         2         2         3         3         0         2
14490:          2         1         3         3         3         2         3
14497:          1         2         2         3         3         2         1
14504:          1         5         3         1         2         1         2
14511:          3         3         1         4         2         5         1
14518:          3         0         1         0         2         3         5
14525:          0         1         2         2         0         3         0
14532:          5         2         4         1         4         3         5
14539:          1         2         1         2         2         1         3
14546:          4         2         1         1         1         3         0
14553:          3         1         5         3         3         3         4
14560:          0         1         2         2         1         4         1
14567:          2         2         4         4         1         0         1
14574:          3         2         1         4         3         4         2
14581:          4         2         1         3         2         1         3
14588:          2         2         1         2         0         3         3
14595:          6         1         4         0         2         3         5
14602:          2         4         1         1         3         2         1
14609:          3         0         1         0         1         2         1
14616:          1         3         2         1         5         0         0
14623:          1         1         4         3         1         4         3
14630:          4         1         2         1         2         0         1
14637:          3         3         2         0         1         4         2
14644:          5         4         0         1         2         3         2
14651:          2         0         2         2         2         2         3
14658:          1         2         1         1         1         1         2
14665:          0         1         6         3         0         4         3
14672:          2         2         0         4         3         3         2
14679:          4         3         0         2         2         3         4
14686:          1         3         3         1         2         9         1
14693:          3         0         2         3         1         1         3
14700:          1         1         2         0         6         1         4
14707:          3         2         1         0         2         4         3
14714:          1         2         0         3         1         1         1
14721:          4         1         0         2         3         0         1
14728:          1         2         5         4         3         1         2
14735:          1         2         3         1         1         3         3
14742:          1         1         0         2         1         2         0
14749:          3         1         4         3         2         2         4
14756:          2         2         2         1         2         0         1
14763:          5         1         1         2         4         1         3
14770:          3         1         1         3         3         2         2
14777:          2         2         1         4         2         4         2
14784:          1         1         4         3         3         2         0
14791:          3         2         1         1         2         0         2
14798:          0         4         0         1         0         0         2
14805:          6         1         1         2         1         1         3
14812:          3         4         3         5         3         7         3
14819:          1         2         2         1         2         1         4
14826:          3         3         1         1         4         4         2
14833:          2         0         3         3         1         1         2
14840:          0         1         0         1         1         3         2
14847:          0         3         2         2         2         3         2
14854:          2         4         3         3         3         2         4
14861:          1         1         0         1         5         2         1
14868:          0         4         1         2         2         1         1
14875:          3         5         2         1         0         2         5
14882:          4         3         1         5         3         1         4
14889:          4         5         5         2         1         3         3
14896:          2         3         3         2         1         1         1
14903:          4         2         1         3         2         1         2
14910:          2         1         1         2         3         1         1
14917:          1         0         1         2         1         2         0
14924:          4         0         2         2         2         1         3
14931:          1         4         1         2         6         1         1
14938:          0         4         6         2         1         3         1
14945:          2         2         3         2         2         3         2
14952:          3         7         0         0         2         2         4
14959:          2         4         4         2         1         1         6
14966:          2         1         1         6         1         1         6
14973:          0         1         2         0         2         2         3
14980:          4         4         2         2         5         2         2
14987:          1         1         1         1         2         2         1
14994:          0         1         4         3         2         5         2
15001:          1         1         4         4         4         2         6
15008:          1         1         2         2         2         4         3
15015:          1         1         2         0         4         1         3
15022:          0         0         4         3         1         4         0
15029:          2         3         6         2         3         4         5
15036:          3         1         3         1         1         3         2
15043:          3         3         2         0         4         4         3
15050:          1         1         4         2         3         8         3
15057:          2         5         5         2         2         2         2
15064:          1         2         3         4         2         2         3
15071:          0         2         5         3         2         1         4
15078:          4         4         1         2         1         1         1
15085:          0         3         4         4         3         3         2
15092:          2         2         3         2         4         2         1
15099:          4         3         1         2         1         3         1
15106:          3         2         2         3         1         4         1
15113:          3         2         2         1         1         3         2
15120:          2         1         4         3         1         0         3
15127:          3         3         3         2         5         3         4
15134:          2         1         3         2         1         2         3
15141:          1         3         6         3         2         3         1
15148:          4         3         2         2         4         2         2
15155:          1         0         3         4         1         3         0
15162:          2         2         2         2         2         3         5
15169:          0         2         2         3         4         1         3
15176:          5         2         4         4         2         3         3
15183:          2         0         6         1         1         1         0
15190:          2         2         0         3         0         5         1
15197:          0         1         2         3         1         3         2
15204:          4         2         1         2         2         4         3
15211:          0         3         3         0         3         0         1
15218:          1         1         2         1         0         3         2
15225:          3         1         2         2         1         1         2
15232:          1         3         3         5         4         4         6
15239:          4         2         2         2         4         3         1
15246:          3         4         5         4         0         1         3
15253:          4         1         4         1         2         1         3
15260:          1         2         0         2         0         1         1
15267:          2         1         2         0         1         3         2
15274:          2         5         2         2         3         2         2
15281:          1         2         5         1         3         1         4
15288:          1         5         2         3         2         2         2
15295:          1         3         2         6         2         2         2
15302:          3         2         2         5         4         0         2
15309:          2         2         1         5         3         3         3
15316:          2         1         0         3         1         2         1
15323:          3         2         3         4         2         1         1
15330:          1         2         3         3         1         2         4
15337:          2         5         0         1         3         0         5
15344:          1         4         1         2         2         2         1
15351:          1         4         2         2         2         1         1
15358:          1         3         1         2         2         0         2
15365:          4         0         1         2         4         2         1
15372:          2         3         1         4         2         5         2
15379:          0         0         3         2         2         2         3
15386:          1         0         2         1         4         4         0
15393:          0         2         4         1         1         4         2
15400:          0         1         4         3         2         1         3
15407:          3         5         2         0         1         1         3
15414:          2         1         0         2         2         1         3
15421:          4         4         3         4         1         3         1
15428:          2         2         4         4         0         2         1
15435:          3         3         0         2         0         4         3
15442:          2         1         0         3         0         4         5
15449:          2         4         1         1         1         3         2
15456:          0         3         1         3         4         1         1
15463:          2         1         3         5         3         2         2
15470:          1         2         1         1         3         1         2
15477:          2         1         1         3         3         4         1
15484:          1         6         2         1         1         2         2
15491:          1         4         2         4         1         1         1
15498:          1         1         1         2         4         4         4
15505:          2         4         0         3         3         3         1
15512:          0         3         5         2         5         5         3
15519:          2         0         3         4         1         1         1
15526:          2         3         4         2         2         1         2
15533:          3         2         2         1         7         2         1
15540:          1         3         0         3         3         2         2
15547:          1         2         5         5         2         2         2
15554:          1         0         4         3         1         4         5
15561:          5         1         3         3         0         1         1
15568:          1         1         2         4         3         1         3
15575:          2         0         0         0         1         1         1
15582:          3         1         1         1         0         2         5
15589:          1         5         3         2         3         2         0
15596:          5         1         2         1         0         3         4
15603:          2         4         2         0         3         6         1
15610:          3         3         1         5         2         3         1
15617:          5         1         3         2         4         2         7
15624:          1         1         1         7         2         1         1
15631:          0         4         2         7         0         6         4
15638:          0         2         8         1         3         4         2
15645:          1         1         3         5         2         0         1
15652:          3         1         3         1         3         5         4
15659:          3         4         2         1         3         7         2
15666:          2         1         1         2         5         4         0
15673:          2         2         3         2         1         2         1
15680:          3         0         3         3         4         1         2
15687:          1         1         3         2         5         1         2
15694:          0         6         3         2         1         4         0
15701:          0         5         3         2         1         1         1
15708:          1         3         4         2         1         2         2
15715:          2         0         2         2         1         2         1
15722:          0         2         2         2         2         4         1
15729:          2         3         2         3         1         3         1
15736:          4         3         2         0         2         3         0
15743:          2         2         4         1         2         0         2
15750:          0         5         1         1         4         1         2
15757:          2         2         1         1         2         1         3
15764:          4         0         2         3         2         0         1
15771:          2         0         0         2         1         0         4
15778:          4         4         3         1         0         3         1
15785:          2         1         2         2         2         0         3
15792:          3         0         4         2         2         1         3
15799:          1         1         0         2         1         3         0
15806:          1         1         0         1         2         1         3
15813:          2         4         3         1         0         4         2
15820:          2         1         0         1         4         0         5
15827:          1         3         0         5         0         2         0
15834:          3         0         0         0         2         2         3
15841:          0         1         2         2         1         5         2
15848:          3         0         2         1         1         0         0
15855:          2         0         0         1         2         3         2
15862:          3         2         3         1         0         1         3
15869:          1         5         2         2         1         2         1
15876:          2         2         3         2         4         1         3
15883:          2         3         2         1         1         1         1
15890:          1         2         1         3         1         2         1
15897:          0         3         2         2         1         1         1
15904:          2         0         2         1         3         1         1
15911:          3         1         1         2         2         0         1
15918:          1         1         2         0         3         1         0
15925:          0         1         3         1         0         2         0
15932:          1         3         0         2         0         0         1
15939:          1         0         2         1         1         1         3
15946:          2         0         2         2         3         3         2
15953:          3         1         4         1         2         2         0
15960:          3         3         2         3         3         0         2
15967:          0         3         2         0         0         1         0
15974:          2         1         1         1         1         2         1
15981:          2         3         4         0         1         1         1
15988:          1         0         0         2         1         1         1
15995:          1         1         2         2         2         4         3
16002:          1         1         3         0         1         1         4
16009:          2         2         1         1         3         1         0
16016:          1         1         1         1         3         5         4
16023:          0         3         0         0         0         3         0
16030:          3         3         2         1         3         2         2
16037:          3         0         1         2         2         3         1
16044:          0         2         2         1         1         4         1
16051:          1         3         0         0         1         0         1
16058:          2         2         2         2         4         1         1
16065:          0         0         0         3         1         0         1
16072:          4         1         5         2         7         1         1
16079:          1         1         0         2         0         2         2
16086:          3         0         1         2         2         1         1
16093:          0         4         1         0         2         1         2
16100:          2         0         1         2         2         1         1
16107:          1         2         0         0         1         3         1
16114:          0         0         1         2         1         0         1
16121:          2         0         3         3         1         1         1
16128:          0         0         0         0         0         0         0
16135:          0         0         0         0         0         0         0
16142:          0         0         0         0         0         0         0
16149:          0         0         0         0         0         0         0
16156:          0         0         0         0         0         0         0
16163:          0         0         0         0         0         0         0
16170:          0         0         0         0         0         0         0
16177:          0         0         0         0         0         0         0
16184:          0         0         0         0         0         0         0
16191:          0         0         0         0         0         0         0
16198:          0         0         0         0         0         0         0
16205:          0         0         0         0         0         0         0
16212:          0         0         0         0         0         0         0
16219:          0         0         0         0         0         0         0
16226:          0         0         0         0         0         0         0
16233:          0         0         0         0         0         0         0
16240:          0         0         0         0         0         0         0
16247:          0         0         0         0         0         0         0
16254:          0         0         0         0         0         0         0
16261:          0         0         0         0         0         0         0
16268:          0         0         0         0         0         0         0
16275:          0         0         0         0         0         0         0
16282:          0         0         0         0         0         0         0
16289:          0         0         0         0         0         0         0
16296:          0         0         0         0         0         0         0
16303:          0         0         0         0         0         0         0
16310:          0         0         0         0         0         0         0
16317:          0         0         0         0         0         0         0
16324:          0         0         0         0         0         0         0
16331:          0         0         0         0         0         0         0
16338:          0         0         0         0         0         0         0
16345:          0         0         0         0         0         0         0
16352:          0         0         0         0         0         0         0
16359:          0         0         0         0         0         0         0
16366:          0         0         0         0         0         0         0
16373:          0         0         0         0         0         0         0
16380:          0         0         0         0