Vernier Format 2
Untitled.cmbl 9/22/2026 16:15:35 .
Latest
Time	Potential
t	Pot
s	V

0	0.778998778999
0.1	0.778998778999
0.2	0.778998778999
0.3	0.781440781441
0.4	0.778998778999
0.5	0.778998778999
0.6	0.778998778999
0.7	0.777777777778
0.8	0.781440781441
0.9	0.778998778999
1	0.778998778999
1.1	0.778998778999
1.2	0.78021978022
1.3	0.778998778999
1.4	0.778998778999
1.5	0.778998778999
1.6	0.78021978022
1.7	0.778998778999
1.8	0.778998778999
1.9	0.777777777778
2	0.78021978022
2.1	0.778998778999
2.2	0.777777777778
2.3	0.778998778999
2.4	0.778998778999
2.5	0.778998778999
2.6	0.778998778999
2.7	0.778998778999
2.8	0.778998778999
2.9	0.778998778999
3	0.777777777778
3.1	0.778998778999
3.2	0.778998778999
3.3	0.778998778999
3.4	0.778998778999
3.5	0.778998778999
3.6	0.778998778999
3.7	0.778998778999
3.8	0.778998778999
3.9	0.778998778999
4	0.778998778999
4.1	0.778998778999
4.2	0.778998778999
4.3	0.778998778999
4.4	0.778998778999
4.5	0.778998778999
4.6	0.778998778999
4.7	0.778998778999
4.8	0.781440781441
4.9	0.778998778999
5	0.778998778999
5.1	0.781440781441
5.2	0.778998778999
5.3	0.778998778999
5.4	0.778998778999
5.5	0.777777777778
5.6	0.778998778999
5.7	0.778998778999
5.8	0.778998778999
5.9	0.778998778999
6	0.778998778999
6.1	0.778998778999
6.2	0.782661782662
6.3	0.788766788767
6.4	0.796092796093
6.5	0.805860805861
6.6	0.818070818071
6.7	0.831501831502
6.8	0.844932844933
6.9	0.860805860806
7	0.879120879121
7.1	0.896214896215
7.2	0.915750915751
7.3	0.935286935287
7.4	0.954822954823
7.5	0.974358974359
7.6	0.996336996337
7.7	1.01587301587
7.8	1.03785103785
7.9	1.05616605617
8	1.07814407814
8.1	1.09768009768
8.2	1.11843711844
8.3	1.13919413919
8.4	1.15873015873
8.5	1.17948717949
8.6	1.19902319902
8.7	1.21733821734
8.8	1.23565323565
8.9	1.25641025641
9	1.27472527473
9.1	1.29304029304
9.2	1.31257631258
9.3	1.33211233211
9.4	1.35286935287
9.5	1.37240537241
9.6	1.39072039072
9.7	1.41147741148
9.8	1.43101343101
9.9	1.45054945055
10	1.47008547009
10.1	1.4884004884
10.2	1.50671550672
10.3	1.52503052503
10.4	1.54212454212
10.5	1.56043956044
10.6	1.57753357753
10.7	1.59340659341
10.8	1.60805860806
10.9	1.62148962149
11	1.6336996337
11.1	1.64468864469
11.2	1.65567765568
11.3	1.66666666667
11.4	1.68253968254
11.5	1.69719169719
11.6	1.71428571429
11.7	1.73137973138
11.8	1.74969474969
11.9	1.76923076923
12	1.78632478632
12.1	1.81074481074
12.2	1.84004884005
12.3	1.86935286935
12.4	1.89987789988
12.5	1.92796092796
12.6	1.95726495726
12.7	1.98656898657
12.8	2.01587301587
12.9	2.04273504274
13	2.06837606838
13.1	2.09645909646
13.2	2.12454212454
13.3	2.15384615385
13.4	2.18803418803
13.5	2.221001221
13.6	2.25518925519
13.7	2.28693528694
13.8	2.31868131868
13.9	2.35042735043
14	2.38217338217
14.1	2.41025641026
14.2	2.442002442
14.3	2.46886446886
14.4	2.49816849817
14.5	2.52503052503
14.6	2.54945054945
14.7	2.57631257631
14.8	2.60317460317
14.9	2.62881562882
15	2.65079365079
15.1	2.67521367521
15.2	2.69719169719
15.3	2.71916971917
15.4	2.74481074481
15.5	2.76556776557
15.6	2.78754578755
15.7	2.80463980464
15.8	2.82783882784
15.9	2.84981684982
16	2.86935286935
16.1	2.88644688645
16.2	2.9072039072
16.3	2.9242979243
16.4	2.94261294261
16.5	2.96092796093
16.6	2.9768009768
16.7	2.99389499389
16.8	3.01343101343
16.9	3.0293040293
17	3.04273504274
17.1	3.05738705739
17.2	3.07326007326
17.3	3.09035409035
17.4	3.10256410256
17.5	3.11721611722
17.6	3.13431013431
17.7	3.14774114774
17.8	3.15995115995
17.9	3.1746031746
18	3.18803418803
18.1	3.19902319902
18.2	3.21245421245
18.3	3.22466422466
18.4	3.2380952381
18.5	3.25030525031
18.6	3.26007326007
18.7	3.27106227106
18.8	3.28327228327
18.9	3.29426129426
19	3.30891330891
19.1	3.3199023199
19.2	3.33333333333
19.3	3.34920634921
19.4	3.36752136752
19.5	3.38339438339
19.6	3.40170940171
19.7	3.42124542125
19.8	3.442002442
19.9	3.45787545788
20	3.47863247863
20.1	3.49694749695
20.2	3.51648351648
20.3	3.53846153846
20.4	3.55921855922
20.5	3.57997557998
20.6	3.60317460317
20.7	3.62515262515
20.8	3.64346764347
20.9	3.66422466422
21	3.68498168498
21.1	3.70451770452
21.2	3.7264957265
21.3	3.74969474969
21.4	3.77167277167
21.5	3.79609279609
21.6	3.81929181929
21.7	3.84371184371
21.8	3.86935286935
21.9	3.89255189255
22	3.91575091575
22.1	3.93894993895
22.2	3.96214896215
22.3	3.98168498168
22.4	4.00488400488
22.5	4.02564102564
22.6	4.04517704518
22.7	4.06593406593
22.8	4.08424908425
22.9	4.10134310134
23	4.11843711844
23.1	4.13797313797
23.2	4.15384615385
23.3	4.16483516484
23.4	4.15995115995
23.5	4.1514041514
23.6	4.14407814408
23.7	4.13553113553
23.8	4.12332112332
23.9	4.11111111111
24	4.09523809524
24.1	4.07936507937
24.2	4.06593406593
24.3	4.05128205128
24.4	4.03174603175
24.5	4.01343101343
24.6	3.99389499389
24.7	3.97557997558
24.8	3.95604395604
24.9	3.93772893773
25	3.91697191697
25.1	3.9010989011
25.2	3.88278388278
25.3	3.86324786325
25.4	3.84737484737
25.5	3.83028083028
25.6	3.81196581197
25.7	3.79487179487
25.8	3.77777777778
25.9	3.75824175824
26	3.74358974359
26.1	3.72771672772
26.2	3.70818070818
26.3	3.69352869353
26.4	3.67887667888
26.5	3.66178266178
26.6	3.64713064713
26.7	3.63003663004
26.8	3.61294261294
26.9	3.59951159951
27	3.58363858364
27.1	3.56776556777
27.2	3.55311355311
27.3	3.53846153846
27.4	3.52258852259
27.5	3.50793650794
27.6	3.49450549451
27.7	3.47985347985
27.8	3.4652014652
27.9	3.45054945055
28	3.43467643468
28.1	3.42490842491
28.2	3.40903540904
28.3	3.39438339438
28.4	3.38339438339
28.5	3.36874236874
28.6	3.35409035409
28.7	3.3431013431
28.8	3.32967032967
28.9	3.3137973138
29	3.30158730159
29.1	3.28937728938
29.2	3.27716727717
29.3	3.26495726496
29.4	3.25152625153
29.5	3.23687423687
29.6	3.22466422466
29.7	3.2148962149
29.8	3.20024420024
29.9	3.18925518926
30	3.17704517705
30.1	3.16483516484
30.2	3.15262515263
30.3	3.14163614164
30.4	3.12942612943
30.5	3.11965811966
30.6	3.10744810745
30.7	3.09523809524
30.8	3.08669108669
30.9	3.07203907204
31	3.06227106227
31.1	3.05006105006
31.2	3.03907203907
31.3	3.02808302808
31.4	3.01709401709
31.5	3.00854700855
31.6	2.99633699634
31.7	2.98534798535
31.8	2.97557997558
31.9	2.96459096459
32	2.9536019536
32.1	2.94383394383
32.2	2.93284493284
32.3	2.92185592186
32.4	2.91330891331
32.5	2.90231990232
32.6	2.89377289377
32.7	2.88156288156
32.8	2.87301587302
32.9	2.86568986569
33	2.85347985348
33.1	2.84249084249
33.2	2.83394383394
33.3	2.82295482295
33.4	2.81318681319
33.5	2.80463980464
33.6	2.79609279609
33.7	2.78632478632
33.8	2.77777777778
33.9	2.76678876679
34	2.75824175824
34.1	2.74847374847
34.2	2.73992673993
34.3	2.73015873016
34.4	2.72283272283
34.5	2.71184371184
34.6	2.70451770452
34.7	2.69474969475
34.8	2.68742368742
34.9	2.67765567766
35	2.67032967033
35.1	2.66056166056
35.2	2.65079365079
35.3	2.64224664225
35.4	2.63247863248
35.5	2.62637362637
35.6	2.61904761905
35.7	2.60927960928
35.8	2.60073260073
35.9	2.59462759463
36	2.58608058608
36.1	2.57875457875
36.2	2.56898656899
36.3	2.56166056166
36.4	2.55189255189
36.5	2.54700854701
36.6	2.53601953602
36.7	2.52991452991
36.8	2.52136752137
36.9	2.51282051282
37	2.50549450549
37.1	2.49694749695
37.2	2.49084249084
37.3	2.48351648352
37.4	2.47619047619
37.5	2.46764346764
37.6	2.46153846154
37.7	2.45299145299
37.8	2.44566544567
37.9	2.43711843712
38	2.43101343101
38.1	2.42368742369
38.2	2.41636141636
38.3	2.41025641026
38.4	2.40293040293
38.5	2.39438339438
38.6	2.38827838828
38.7	2.37973137973
38.8	2.37362637363
38.9	2.36752136752
39	2.3601953602
39.1	2.35409035409
39.2	2.34554334554
39.3	2.33943833944
39.4	2.33333333333
39.5	2.32600732601
39.6	2.31746031746
39.7	2.31135531136
39.8	2.30647130647
39.9	2.29914529915
40	2.29181929182
40.1	2.28571428571
40.2	2.27960927961
40.3	2.27228327228
40.4	2.26495726496
40.5	2.26007326007
40.6	2.25274725275
40.7	2.24664224664
40.8	2.24053724054
40.9	2.23321123321
41	2.22832722833
41.1	2.22222222222
41.2	2.2148962149
41.3	2.20879120879
41.4	2.20268620269
41.5	2.1978021978
41.6	2.18925518926
41.7	2.18437118437
41.8	2.17704517705
41.9	2.17338217338
42	2.16727716728
42.1	2.15995115995
42.2	2.15262515263
42.3	2.15018315018
42.4	2.14285714286
42.5	2.13675213675
42.6	2.13064713065
42.7	2.12576312576
42.8	2.11965811966
42.9	2.11477411477
43	2.10622710623
43.1	2.10134310134
43.2	2.09523809524
43.3	2.09157509158
43.4	2.08547008547
43.5	2.07936507937
43.6	2.07326007326
43.7	2.0695970696
43.8	2.06349206349
43.9	2.05738705739
44	2.05128205128
44.1	2.0463980464
44.2	2.04029304029
44.3	2.03540903541
44.4	2.03052503053
44.5	2.02442002442
44.6	2.01831501832
44.7	2.01343101343
44.8	2.00976800977
44.9	2.00366300366
45	1.99755799756
45.1	1.99389499389
45.2	1.98778998779
45.3	1.98290598291
45.4	1.9768009768
45.5	1.97191697192
45.6	1.96825396825
45.7	1.96092796093
45.8	1.95848595849
45.9	1.95115995116
46	1.9474969475
46.1	1.94261294261
46.2	1.93650793651
46.3	1.93162393162
46.4	1.92673992674
46.5	1.92307692308
46.6	1.91819291819
46.7	1.91208791209
46.8	1.9072039072
46.9	1.90231990232
47	1.89865689866
47.1	1.89255189255
47.2	1.88888888889
47.3	1.884004884
47.4	1.87912087912
47.5	1.87423687424
47.6	1.87057387057
47.7	1.86568986569
47.8	1.85958485958
47.9	1.85592185592
48	1.85103785104
48.1	1.84615384615
48.2	1.84126984127
48.3	1.83882783883
48.4	1.83272283272
48.5	1.82783882784
48.6	1.82295482295
48.7	1.81807081807
48.8	1.81440781441
48.9	1.81074481074
49	1.80708180708
49.1	1.8021978022
49.2	1.79609279609
49.3	1.79242979243
49.4	1.78876678877
49.5	1.78388278388
49.6	1.78021978022
49.7	1.77533577534
49.8	1.77045177045
49.9	1.76678876679
50	1.76312576313
50.1	1.75946275946
50.2	1.75335775336
50.3	1.74969474969
50.4	1.74725274725
50.5	1.74114774115
50.6	1.73748473748
50.7	1.73382173382
50.8	1.72893772894
50.9	1.7264957265
51	1.72161172161
51.1	1.71794871795
51.2	1.71306471306
51.3	1.70818070818
51.4	1.70451770452
51.5	1.70207570208
51.6	1.69719169719
51.7	1.69352869353
51.8	1.68986568987
51.9	1.68498168498
52	1.68131868132
52.1	1.67765567766
52.2	1.67277167277
52.3	1.67155067155
52.4	1.66422466422
52.5	1.66178266178
52.6	1.6568986569
52.7	1.65445665446
52.8	1.65079365079
52.9	1.64590964591
53	1.64468864469
53.1	1.63858363858
53.2	1.63492063492
53.3	1.63125763126
53.4	1.62881562882
53.5	1.62271062271
53.6	1.62026862027
53.7	1.61660561661
53.8	1.61294261294
53.9	1.60927960928
54	1.60683760684
54.1	1.60195360195
54.2	1.59951159951
54.3	1.59584859585
54.4	1.59096459096
54.5	1.5873015873
54.6	1.58363858364
54.7	1.58241758242
54.8	1.57631257631
54.9	1.57387057387
55	1.57020757021
55.1	1.56776556777
55.2	1.5641025641
55.3	1.55921855922
55.4	1.55921855922
55.5	1.55311355311
55.6	1.54945054945
55.7	1.54700854701
55.8	1.54456654457
55.9	1.53968253968
56	1.53601953602
56.1	1.53235653236
56.2	1.52869352869
56.3	1.52625152625
56.4	1.52380952381
56.5	1.52014652015
56.6	1.51648351648
56.7	1.51404151404
56.8	1.51037851038
56.9	1.50549450549
57	1.50427350427
57.1	1.50061050061
57.2	1.49694749695
57.3	1.49328449328
57.4	1.49084249084
57.5	1.48717948718
57.6	1.48473748474
57.7	1.48107448107
57.8	1.47863247863
57.9	1.47496947497
58	1.47130647131
58.1	1.46886446886
58.2	1.46642246642
58.3	1.46275946276
58.4	1.46031746032
58.5	1.45787545788
58.6	1.45299145299
58.7	1.45177045177
58.8	1.44810744811
58.9	1.44566544567
59	1.44078144078
59.1	1.43711843712
59.2	1.4358974359
59.3	1.43345543346
59.4	1.42979242979
59.5	1.42612942613
59.6	1.42368742369
59.7	1.42124542125
59.8	1.4188034188
59.9	1.41514041514
60	1.41025641026
60.1	1.40903540904
60.2	1.40781440781
60.3	1.40415140415
60.4	1.40170940171
60.5	1.39804639805
60.6	1.3956043956
60.7	1.39194139194
60.8	1.39072039072
60.9	1.38705738706
61	1.38339438339
61.1	1.38095238095
61.2	1.37851037851
61.3	1.37484737485
61.4	1.37240537241
61.5	1.37118437118
61.6	1.36752136752
61.7	1.36507936508
61.8	1.36263736264
61.9	1.35897435897
62	1.35653235653
62.1	1.35409035409
62.2	1.35164835165
62.3	1.34920634921
62.4	1.34554334554
62.5	1.3431013431
62.6	1.34065934066
62.7	1.33943833944
62.8	1.33577533578
62.9	1.33455433455
63	1.33211233211
63.1	1.32844932845
63.2	1.32600732601
63.3	1.32234432234
63.4	1.3199023199
63.5	1.31746031746
63.6	1.31501831502
63.7	1.3137973138
63.8	1.31013431013
63.9	1.30769230769
64	1.30525030525
64.1	1.30158730159
64.2	1.29914529915
64.3	1.29792429792
64.4	1.29548229548
64.5	1.29181929182
64.6	1.2905982906
64.7	1.28815628816
64.8	1.28571428571
64.9	1.28205128205
65	1.28205128205
65.1	1.27838827839
65.2	1.27594627595
65.3	1.27228327228
65.4	1.27228327228
65.5	1.2673992674
65.6	1.26617826618
65.7	1.26373626374
65.8	1.26251526252
65.9	1.26007326007
66	1.25763125763
66.1	1.25518925519
66.2	1.25396825397
66.3	1.25030525031
66.4	1.24786324786
66.5	1.24542124542
66.6	1.2442002442
66.7	1.24175824176
66.8	1.23931623932
66.9	1.23687423687
67	1.23565323565
67.1	1.23321123321
67.2	1.23199023199
67.3	1.22710622711
67.4	1.22588522589
67.5	1.22344322344
67.6	1.22222222222
67.7	1.21978021978
67.8	1.21855921856
67.9	1.2148962149
68	1.21367521368
68.1	1.21245421245
68.2	1.20879120879
68.3	1.20634920635
68.4	1.20512820513
68.5	1.20268620269
68.6	1.20024420024
68.7	1.19902319902
68.8	1.19658119658
68.9	1.19536019536
69	1.19291819292
69.1	1.1916971917
69.2	1.18803418803
69.3	1.18681318681
69.4	1.18437118437
69.5	1.18315018315
69.6	1.18192918193
69.7	1.17704517705
69.8	1.17704517705
69.9	1.17338217338
70	1.17338217338
70.1	1.16971916972
70.2	1.1684981685
70.3	1.16605616606
70.4	1.16361416361
70.5	1.16239316239
70.6	1.15995115995
70.7	1.15995115995
70.8	1.15750915751
70.9	1.15506715507
71	1.15262515263
71.1	1.1514041514
71.2	1.14896214896
71.3	1.14774114774
71.4	1.1452991453
71.5	1.14285714286
71.6	1.14163614164
71.7	1.13919413919
71.8	1.13797313797
71.9	1.13553113553
72	1.13308913309
72.1	1.13308913309
72.2	1.13064713065
72.3	1.12942612943
72.4	1.12698412698
72.5	1.12576312576
72.6	1.12332112332
72.7	1.12087912088
72.8	1.11965811966
72.9	1.11843711844
73	1.11843711844
73.1	1.11477411477
73.2	1.11233211233
73.3	1.11111111111
73.4	1.10866910867
73.5	1.10622710623
73.6	1.10500610501
73.7	1.10500610501
73.8	1.10256410256
73.9	1.10134310134
74	1.0989010989
74.1	1.09768009768
74.2	1.09645909646
74.3	1.09401709402
74.4	1.09157509158
74.5	1.09035409035
74.6	1.08791208791
74.7	1.08669108669
74.8	1.08669108669
74.9	1.08424908425
75	1.08302808303
75.1	1.08180708181
75.2	1.07936507937
75.3	1.07692307692
75.4	1.0757020757
75.5	1.07326007326
75.6	1.07326007326
75.7	1.07081807082
75.8	1.06837606838
75.9	1.06837606838
76	1.06471306471
76.1	1.06471306471
76.2	1.06349206349
76.3	1.06105006105
76.4	1.05982905983
76.5	1.05860805861
76.6	1.05738705739
76.7	1.05616605617
76.8	1.05372405372
76.9	1.0525030525
77	1.05128205128
77.1	1.05006105006
77.2	1.04761904762
77.3	1.0463980464
77.4	1.04517704518
77.5	1.04273504274
77.6	1.04151404151
77.7	1.04029304029
77.8	1.04029304029
77.9	1.03663003663
78	1.03540903541
78.1	1.03540903541
78.2	1.03540903541
78.3	1.03174603175
78.4	1.03052503053
78.5	1.0293040293
78.6	1.02808302808
78.7	1.02564102564
78.8	1.02442002442
78.9	1.0231990232
79	1.02197802198
79.1	1.02197802198
79.2	1.01953601954
79.3	1.01831501832
79.4	1.01709401709
79.5	1.01587301587
79.6	1.01343101343
79.7	1.01221001221
79.8	1.01098901099
79.9	1.00976800977
80	1.00854700855
80.1	1.00610500611
80.2	1.00366300366
80.3	1.00488400488
80.4	1.00366300366
80.5	1.00244200244
80.6	1.00122100122
80.7	0.998778998779
80.8	0.997557997558
80.9	0.996336996337
81	0.995115995116
81.1	0.993894993895
81.2	0.992673992674
81.3	0.991452991453
81.4	0.990231990232
81.5	0.989010989011
81.6	0.98778998779
81.7	0.985347985348
81.8	0.985347985348
81.9	0.984126984127
82	0.982905982906
82.1	0.981684981685
82.2	0.980463980464
82.3	0.979242979243
82.4	0.978021978022
82.5	0.976800976801
82.6	0.974358974359
82.7	0.974358974359
82.8	0.974358974359
82.9	0.971916971917
83	0.970695970696
83.1	0.969474969475
83.2	0.967032967033
83.3	0.968253968254
83.4	0.967032967033
83.5	0.965811965812
83.6	0.964590964591
83.7	0.96336996337
83.8	0.960927960928
83.9	0.960927960928
84	0.959706959707
84.1	0.957264957265
84.2	0.957264957265
84.3	0.956043956044
84.4	0.954822954823
84.5	0.954822954823
84.6	0.953601953602
84.7	0.952380952381
84.8	0.95115995116
84.9	0.948717948718
85	0.947496947497
85.1	0.947496947497
85.2	0.946275946276
85.3	0.945054945055
85.4	0.945054945055
85.5	0.942612942613
85.6	0.942612942613
85.7	0.941391941392
85.8	0.93894993895
85.9	0.93894993895
86	0.937728937729
86.1	0.93894993895
86.2	0.934065934066
86.3	0.934065934066
86.4	0.932844932845
86.5	0.931623931624
86.6	0.932844932845
86.7	0.930402930403
86.8	0.929181929182
86.9	0.929181929182
87	0.927960927961
87.1	0.927960927961
87.2	0.924297924298
87.3	0.925518925519
87.4	0.923076923077
87.5	0.919413919414
87.6	0.920634920635
87.7	0.920634920635
87.8	0.919413919414
87.9	0.919413919414
88	0.919413919414
88.1	0.916971916972
88.2	0.915750915751
88.3	0.913308913309
88.4	0.913308913309
88.5	0.913308913309
88.6	0.909645909646
88.7	0.909645909646
88.8	0.912087912088
88.9	0.910866910867
89	0.908424908425
89.1	0.905982905983
89.2	0.907203907204
89.3	0.905982905983
89.4	0.904761904762
89.5	0.903540903541
89.6	0.903540903541
89.7	0.901098901099
89.8	0.901098901099
89.9	0.899877899878
90	0.901098901099
90.1	0.898656898657
90.2	0.896214896215
90.3	0.896214896215
90.4	0.896214896215
90.5	0.894993894994
90.6	0.893772893773
90.7	0.893772893773
90.8	0.891330891331
90.9	0.891330891331
91	0.888888888889
91.1	0.89010989011
91.2	0.89010989011
91.3	0.887667887668
91.4	0.886446886447
91.5	0.886446886447
91.6	0.885225885226
91.7	0.885225885226
91.8	0.886446886447
91.9	0.882783882784
92	0.881562881563
92.1	0.882783882784
92.2	0.881562881563
92.3	0.880341880342
92.4	0.879120879121
92.5	0.880341880342
92.6	0.879120879121
92.7	0.876678876679
92.8	0.876678876679
92.9	0.875457875458
93	0.875457875458
93.1	0.875457875458
93.2	0.873015873016
93.3	0.871794871795
93.4	0.871794871795
93.5	0.870573870574
93.6	0.870573870574
93.7	0.869352869353
93.8	0.869352869353
93.9	0.869352869353
94	0.868131868132
94.1	0.868131868132
94.2	0.866910866911
94.3	0.866910866911
94.4	0.86568986569
94.5	0.864468864469
94.6	0.864468864469
94.7	0.863247863248
94.8	0.863247863248
94.9	0.860805860806
95	0.860805860806
95.1	0.859584859585
95.2	0.859584859585
95.3	0.858363858364
95.4	0.858363858364
95.5	0.857142857143
95.6	0.855921855922
95.7	0.855921855922
95.8	0.854700854701
95.9	0.854700854701
96	0.854700854701
96.1	0.854700854701
96.2	0.852258852259
96.3	0.852258852259
96.4	0.851037851038
96.5	0.849816849817
96.6	0.851037851038
96.7	0.849816849817
96.8	0.848595848596
96.9	0.848595848596
97	0.847374847375
97.1	0.847374847375
97.2	0.847374847375
97.3	0.844932844933
97.4	0.844932844933
97.5	0.843711843712
97.6	0.843711843712
97.7	0.843711843712
97.8	0.842490842491
97.9	0.842490842491
98	0.84126984127
98.1	0.84126984127
98.2	0.840048840049
98.3	0.840048840049
98.4	0.838827838828
98.5	0.837606837607
98.6	0.838827838828
98.7	0.837606837607
98.8	0.836385836386
98.9	0.836385836386
99	0.836385836386
99.1	0.836385836386
99.2	0.833943833944
99.3	0.835164835165
99.4	0.833943833944
99.5	0.832722832723
99.6	0.832722832723
99.7	0.831501831502
99.8	0.831501831502
99.9	0.831501831502
100	0.830280830281
100.1	0.82905982906
100.2	0.82905982906
100.3	0.82905982906
100.4	0.82905982906
100.5	0.827838827839
100.6	0.827838827839
100.7	0.827838827839
100.8	0.826617826618
100.9	0.825396825397
101	0.825396825397
101.1	0.825396825397
101.2	0.822954822955
101.3	0.824175824176
101.4	0.822954822955
101.5	0.821733821734
101.6	0.821733821734
101.7	0.821733821734
101.8	0.821733821734
101.9	0.821733821734
102	0.818070818071
102.1	0.819291819292
102.2	0.819291819292
102.3	0.819291819292
102.4	0.81684981685
102.5	0.81684981685
102.6	0.81684981685
102.7	0.815628815629
102.8	0.815628815629
102.9	0.81684981685
103	0.815628815629
103.1	0.815628815629
103.2	0.815628815629
103.3	0.813186813187
103.4	0.813186813187
103.5	0.813186813187
103.6	0.813186813187
103.7	0.813186813187
103.8	0.813186813187
103.9	0.810744810745
104	0.810744810745
104.1	0.809523809524
104.2	0.809523809524
104.3	0.810744810745
104.4	0.810744810745
104.5	0.809523809524
104.6	0.808302808303
104.7	0.808302808303
104.8	0.808302808303
104.9	0.808302808303
105	0.808302808303
105.1	0.807081807082
105.2	0.805860805861
105.3	0.805860805861
105.4	0.80463980464
105.5	0.80463980464
105.6	0.805860805861
105.7	0.80463980464
105.8	0.80463980464
105.9	0.803418803419
106	0.803418803419
106.1	0.803418803419
106.2	0.803418803419
106.3	0.800976800977
106.4	0.800976800977
106.5	0.802197802198
106.6	0.800976800977
106.7	0.800976800977
106.8	0.800976800977
106.9	0.798534798535
107	0.799755799756
107.1	0.799755799756
107.2	0.798534798535
107.3	0.797313797314
107.4	0.797313797314
107.5	0.796092796093
107.6	0.798534798535
107.7	0.796092796093
107.8	0.796092796093
107.9	0.796092796093
108	0.797313797314
108.1	0.794871794872
108.2	0.794871794872
108.3	0.793650793651
108.4	0.793650793651
108.5	0.793650793651
108.6	0.793650793651
108.7	0.79242979243
108.8	0.79242979243
108.9	0.79242979243
109	0.79242979243
109.1	0.791208791209
109.2	0.791208791209
109.3	0.791208791209
109.4	0.79242979243
109.5	0.791208791209
109.6	0.789987789988
109.7	0.791208791209
109.8	0.789987789988
109.9	0.789987789988
110	0.787545787546
110.1	0.788766788767
110.2	0.788766788767
110.3	0.786324786325
110.4	0.787545787546
110.5	0.788766788767
110.6	0.788766788767
110.7	0.787545787546
110.8	0.788766788767
110.9	0.787545787546
111	0.787545787546
111.1	0.785103785104
111.2	0.783882783883
111.3	0.785103785104
111.4	0.783882783883
111.5	0.786324786325
111.6	0.785103785104
111.7	0.785103785104
111.8	0.783882783883
111.9	0.782661782662
112	0.783882783883
112.1	0.783882783883
112.2	0.783882783883
112.3	0.783882783883
112.4	0.782661782662
112.5	0.782661782662
112.6	0.781440781441
112.7	0.781440781441
112.8	0.781440781441
112.9	0.781440781441
113	0.781440781441
113.1	0.781440781441
113.2	0.778998778999
113.3	0.778998778999
113.4	0.778998778999
113.5	0.778998778999
113.6	0.778998778999
113.7	0.778998778999
113.8	0.777777777778
113.9	0.778998778999
114	0.776556776557
114.1	0.777777777778
114.2	0.778998778999
114.3	0.776556776557
114.4	0.777777777778
114.5	0.776556776557
114.6	0.776556776557
114.7	0.776556776557
114.8	0.776556776557
114.9	0.775335775336
115	0.775335775336
115.1	0.775335775336
115.2	0.775335775336
115.3	0.775335775336
115.4	0.775335775336
115.5	0.774114774115
115.6	0.774114774115
115.7	0.774114774115
115.8	0.774114774115
115.9	0.774114774115
116	0.775335775336
116.1	0.774114774115
116.2	0.774114774115
116.3	0.772893772894
116.4	0.772893772894
116.5	0.772893772894
116.6	0.772893772894
116.7	0.771672771673
116.8	0.772893772894
116.9	0.771672771673
117	0.771672771673
117.1	0.771672771673
117.2	0.771672771673
117.3	0.771672771673
117.4	0.770451770452
117.5	0.770451770452
117.6	0.770451770452
117.7	0.771672771673
117.8	0.769230769231
117.9	0.769230769231
118	0.770451770452
118.1	0.769230769231
118.2	0.769230769231
118.3	0.76800976801
118.4	0.769230769231
118.5	0.769230769231
118.6	0.769230769231
118.7	0.769230769231
118.8	0.76800976801
118.9	0.769230769231
119	0.76800976801
119.1	0.76800976801
119.2	0.76800976801
119.3	0.76800976801
119.4	0.76800976801
119.5	0.765567765568
119.6	0.766788766789
119.7	0.76800976801
119.8	0.766788766789
119.9	0.766788766789
120	0.766788766789
120.1	0.765567765568
120.2	0.766788766789
120.3	0.76800976801
120.4	0.765567765568
120.5	0.765567765568
120.6	0.765567765568
120.7	0.765567765568
120.8	0.764346764347
120.9	0.765567765568
121	0.765567765568
121.1	0.765567765568
121.2	0.764346764347
121.3	0.764346764347
121.4	0.765567765568
121.5	0.764346764347
121.6	0.764346764347
121.7	0.764346764347
121.8	0.764346764347
121.9	0.763125763126
122	0.764346764347
122.1	0.763125763126
122.2	0.763125763126
122.3	0.763125763126
122.4	0.761904761905
122.5	0.764346764347
122.6	0.761904761905
122.7	0.763125763126
122.8	0.763125763126
122.9	0.761904761905
123	0.763125763126
123.1	0.763125763126
123.2	0.761904761905
123.3	0.763125763126
123.4	0.760683760684
123.5	0.761904761905
123.6	0.760683760684
123.7	0.761904761905
123.8	0.761904761905
123.9	0.761904761905
124	0.760683760684
124.1	0.761904761905
124.2	0.759462759463
124.3	0.760683760684
124.4	0.761904761905
124.5	0.760683760684
124.6	0.759462759463
124.7	0.760683760684
124.8	0.760683760684
124.9	0.759462759463
125	0.760683760684
125.1	0.759462759463
125.2	0.759462759463
125.3	0.759462759463
125.4	0.759462759463
125.5	0.759462759463
125.6	0.759462759463
125.7	0.759462759463
125.8	0.757020757021
125.9	0.758241758242
126	0.759462759463
126.1	0.758241758242
126.2	0.759462759463
126.3	0.759462759463
126.4	0.758241758242
126.5	0.758241758242
126.6	0.758241758242
126.7	0.757020757021
126.8	0.757020757021
126.9	0.7557997558
127	0.758241758242
127.1	0.759462759463
127.2	0.759462759463
127.3	0.758241758242
127.4	0.758241758242
127.5	0.758241758242
127.6	0.757020757021
127.7	0.7557997558
127.8	0.758241758242
127.9	0.757020757021
128	0.757020757021
128.1	0.757020757021
128.2	0.758241758242
128.3	0.7557997558
128.4	0.7557997558
128.5	0.757020757021
128.6	0.7557997558
128.7	0.757020757021
128.8	0.757020757021
128.9	0.757020757021
129	0.7557997558
129.1	0.753357753358
129.2	0.757020757021
129.3	0.7557997558
129.4	0.757020757021
129.5	0.757020757021
129.6	0.757020757021
129.7	0.7557997558
129.8	0.754578754579
129.9	0.7557997558
130	0.7557997558
130.1	0.7557997558
130.2	0.754578754579
130.3	0.754578754579
130.4	0.754578754579
130.5	0.7557997558
130.6	0.7557997558
130.7	0.7557997558
130.8	0.7557997558
130.9	0.7557997558
131	0.7557997558
131.1	0.7557997558
131.2	0.754578754579
131.3	0.754578754579
131.4	0.7557997558
131.5	0.754578754579
131.6	0.754578754579
131.7	0.754578754579
131.8	0.753357753358
131.9	0.754578754579
132	0.754578754579
132.1	0.753357753358
132.2	0.753357753358
132.3	0.753357753358
132.4	0.753357753358
132.5	0.753357753358
132.6	0.754578754579
132.7	0.7557997558
132.8	0.753357753358
132.9	0.754578754579
133	0.753357753358
133.1	0.753357753358
133.2	0.753357753358
133.3	0.753357753358
133.4	0.753357753358
133.5	0.753357753358
133.6	0.752136752137
133.7	0.752136752137
133.8	0.753357753358
133.9	0.754578754579
134	0.754578754579
134.1	0.752136752137
134.2	0.753357753358
134.3	0.754578754579
134.4	0.753357753358
134.5	0.753357753358
134.6	0.752136752137
134.7	0.753357753358
134.8	0.753357753358
134.9	0.753357753358
135	0.752136752137
135.1	0.753357753358
135.2	0.752136752137
135.3	0.752136752137
135.4	0.752136752137
135.5	0.753357753358
135.6	0.753357753358
135.7	0.753357753358
135.8	0.753357753358
135.9	0.753357753358
136	0.753357753358
136.1	0.752136752137
136.2	0.752136752137
136.3	0.752136752137
136.4	0.753357753358
136.5	0.753357753358
136.6	0.752136752137
136.7	0.752136752137
136.8	0.752136752137
136.9	0.753357753358
137	0.752136752137
137.1	0.752136752137
137.2	0.752136752137
137.3	0.752136752137
137.4	0.753357753358
137.5	0.752136752137
137.6	0.752136752137
137.7	0.752136752137
137.8	0.752136752137
137.9	0.752136752137
138	0.752136752137
138.1	0.752136752137
138.2	0.752136752137
138.3	0.753357753358
138.4	0.752136752137
138.5	0.752136752137
138.6	0.753357753358
138.7	0.752136752137
138.8	0.753357753358
138.9	0.752136752137
139	0.750915750916
139.1	0.752136752137
139.2	0.752136752137
139.3	0.752136752137
139.4	0.752136752137
139.5	0.752136752137
139.6	0.750915750916
139.7	0.752136752137
139.8	0.752136752137
139.9	0.750915750916
140	0.752136752137
140.1	0.752136752137
140.2	0.752136752137
140.3	0.752136752137
140.4	0.752136752137
140.5	0.752136752137
140.6	0.752136752137
140.7	0.753357753358
140.8	0.750915750916
140.9	0.752136752137
141	0.750915750916
141.1	0.752136752137
141.2	0.750915750916
141.3	0.752136752137
141.4	0.752136752137
141.5	0.752136752137
141.6	0.752136752137
141.7	0.750915750916
141.8	0.752136752137
141.9	0.750915750916
142	0.753357753358
142.1	0.752136752137
142.2	0.752136752137
142.3	0.752136752137
142.4	0.752136752137
142.5	0.750915750916
142.6	0.750915750916
142.7	0.752136752137
142.8	0.750915750916
142.9	0.752136752137
143	0.752136752137
143.1	0.750915750916
143.2	0.750915750916
143.3	0.752136752137
143.4	0.752136752137
143.5	0.752136752137
143.6	0.750915750916
143.7	0.750915750916
143.8	0.750915750916
143.9	0.752136752137
144	0.752136752137
144.1	0.752136752137
144.2	0.752136752137
144.3	0.750915750916
144.4	0.752136752137
144.5	0.752136752137
144.6	0.752136752137
144.7	0.750915750916
144.8	0.750915750916
144.9	0.752136752137
145	0.750915750916
145.1	0.750915750916
145.2	0.752136752137
145.3	0.750915750916
145.4	0.752136752137
145.5	0.752136752137
145.6	0.752136752137
145.7	0.752136752137
145.8	0.752136752137
145.9	0.752136752137
146	0.752136752137
146.1	0.750915750916
146.2	0.752136752137
146.3	0.752136752137
146.4	0.752136752137
146.5	0.752136752137
146.6	0.749694749695
146.7	0.752136752137
146.8	0.752136752137
146.9	0.752136752137
147	0.752136752137
147.1	0.749694749695
147.2	0.750915750916
147.3	0.750915750916
147.4	0.752136752137
147.5	0.750915750916
147.6	0.752136752137
147.7	0.752136752137
147.8	0.752136752137
147.9	0.750915750916
148	0.750915750916
148.1	0.752136752137
148.2	0.750915750916
148.3	0.752136752137
148.4	0.750915750916
148.5	0.750915750916
148.6	0.752136752137
148.7	0.753357753358
148.8	0.753357753358
148.9	0.750915750916
149	0.752136752137
149.1	0.752136752137
149.2	0.750915750916
149.3	0.752136752137
149.4	0.752136752137
149.5	0.750915750916
149.6	0.752136752137
149.7	0.750915750916
149.8	0.752136752137
149.9	0.752136752137
150	0.752136752137
150.1	0.752136752137
150.2	0.752136752137
150.3	0.753357753358
150.4	0.750915750916
150.5	0.752136752137
150.6	0.750915750916
150.7	0.752136752137
150.8	0.752136752137
150.9	0.750915750916
151	0.752136752137
151.1	0.752136752137
151.2	0.753357753358
151.3	0.752136752137
151.4	0.750915750916
151.5	0.752136752137
151.6	0.752136752137
151.7	0.752136752137
151.8	0.753357753358
151.9	0.752136752137
152	0.752136752137
152.1	0.753357753358
152.2	0.752136752137
152.3	0.752136752137
152.4	0.749694749695
152.5	0.750915750916
152.6	0.752136752137
152.7	0.752136752137
152.8	0.750915750916
152.9	0.750915750916
153	0.752136752137
153.1	0.753357753358
153.2	0.750915750916
153.3	0.752136752137
153.4	0.753357753358
153.5	0.752136752137
153.6	0.753357753358
153.7	0.752136752137
153.8	0.752136752137
153.9	0.752136752137
154	0.752136752137
154.1	0.752136752137
154.2	0.752136752137
154.3	0.750915750916
154.4	0.753357753358
154.5	0.750915750916
154.6	0.752136752137
154.7	0.753357753358
154.8	0.752136752137
154.9	0.752136752137
155	0.753357753358
155.1	0.752136752137
155.2	0.750915750916
155.3	0.752136752137
155.4	0.752136752137
155.5	0.753357753358
155.6	0.752136752137
155.7	0.753357753358
155.8	0.752136752137
155.9	0.752136752137
156	0.753357753358
156.1	0.752136752137
156.2	0.753357753358
156.3	0.753357753358
156.4	0.753357753358
156.5	0.753357753358
156.6	0.753357753358
156.7	0.753357753358
156.8	0.753357753358
156.9	0.752136752137
157	0.753357753358
157.1	0.753357753358
157.2	0.754578754579
157.3	0.753357753358
157.4	0.753357753358
157.5	0.753357753358
157.6	0.752136752137
157.7	0.753357753358
157.8	0.752136752137
157.9	0.752136752137
158	0.753357753358
158.1	0.754578754579
158.2	0.753357753358
158.3	0.753357753358
158.4	0.754578754579
158.5	0.753357753358
158.6	0.753357753358
158.7	0.753357753358
158.8	0.752136752137
158.9	0.753357753358
159	0.753357753358
159.1	0.753357753358
159.2	0.753357753358
159.3	0.752136752137
159.4	0.753357753358
159.5	0.754578754579
159.6	0.754578754579
159.7	0.753357753358
159.8	0.753357753358
159.9	0.754578754579
160	0.752136752137
160.1	0.753357753358
160.2	0.753357753358
160.3	0.753357753358
160.4	0.753357753358
160.5	0.752136752137
160.6	0.754578754579
160.7	0.753357753358
160.8	0.753357753358
160.9	0.753357753358
161	0.753357753358
161.1	0.754578754579
161.2	0.753357753358
161.3	0.753357753358
161.4	0.753357753358
161.5	0.753357753358
161.6	0.754578754579
161.7	0.753357753358
161.8	0.753357753358
161.9	0.754578754579
162	0.754578754579
162.1	0.753357753358
162.2	0.754578754579
162.3	0.754578754579
162.4	0.7557997558
162.5	0.754578754579
162.6	0.753357753358
162.7	0.752136752137
162.8	0.754578754579
162.9	0.754578754579
163	0.754578754579
163.1	0.754578754579
163.2	0.754578754579
163.3	0.754578754579
163.4	0.754578754579
163.5	0.753357753358
163.6	0.753357753358
163.7	0.754578754579
163.8	0.754578754579
163.9	0.754578754579
164	0.754578754579
164.1	0.754578754579
164.2	0.754578754579
164.3	0.754578754579
164.4	0.7557997558
164.5	0.754578754579
164.6	0.7557997558
164.7	0.754578754579
164.8	0.7557997558
164.9	0.754578754579
165	0.754578754579
165.1	0.7557997558
165.2	0.754578754579
165.3	0.754578754579
165.4	0.7557997558
165.5	0.7557997558
165.6	0.754578754579
165.7	0.754578754579
165.8	0.754578754579
165.9	0.754578754579
166	0.754578754579
166.1	0.7557997558
166.2	0.7557997558
166.3	0.754578754579
166.4	0.754578754579
166.5	0.7557997558
166.6	0.7557997558
166.7	0.7557997558
166.8	0.754578754579
166.9	0.7557997558
167	0.754578754579
167.1	0.754578754579
167.2	0.7557997558
167.3	0.7557997558
167.4	0.7557997558
167.5	0.7557997558
167.6	0.754578754579
167.7	0.7557997558
167.8	0.7557997558
167.9	0.7557997558
168	0.757020757021
168.1	0.7557997558
168.2	0.754578754579
168.3	0.7557997558
168.4	0.7557997558
168.5	0.7557997558
168.6	0.757020757021
168.7	0.7557997558
168.8	0.7557997558
168.9	0.757020757021
169	0.757020757021
169.1	0.7557997558
169.2	0.7557997558
169.3	0.7557997558
169.4	0.757020757021
169.5	0.758241758242
169.6	0.7557997558
169.7	0.757020757021
169.8	0.757020757021
169.9	0.754578754579
170	0.7557997558
170.1	0.757020757021
170.2	0.757020757021
170.3	0.757020757021
170.4	0.7557997558
170.5	0.7557997558
170.6	0.7557997558
170.7	0.7557997558
170.8	0.757020757021
170.9	0.757020757021
171	0.757020757021
171.1	0.757020757021
171.2	0.758241758242
171.3	0.757020757021
171.4	0.757020757021
171.5	0.757020757021
171.6	0.757020757021
171.7	0.757020757021
171.8	0.757020757021
171.9	0.757020757021
172	0.757020757021
172.1	0.757020757021
172.2	0.757020757021
172.3	0.757020757021
172.4	0.758241758242
172.5	0.757020757021
172.6	0.758241758242
172.7	0.757020757021
172.8	0.757020757021
172.9	0.757020757021
173	0.758241758242
173.1	0.7557997558
173.2	0.758241758242
173.3	0.757020757021
173.4	0.757020757021
173.5	0.757020757021
173.6	0.757020757021
173.7	0.757020757021
173.8	0.758241758242
173.9	0.758241758242
174	0.757020757021
174.1	0.758241758242
174.2	0.757020757021
174.3	0.758241758242
174.4	0.757020757021
174.5	0.759462759463
174.6	0.757020757021
174.7	0.758241758242
174.8	0.757020757021
174.9	0.758241758242
175	0.757020757021
175.1	0.758241758242
175.2	0.757020757021
175.3	0.758241758242
175.4	0.757020757021
175.5	0.758241758242
175.6	0.758241758242
175.7	0.758241758242
175.8	0.758241758242
175.9	0.758241758242
176	0.758241758242
176.1	0.758241758242
176.2	0.758241758242
176.3	0.758241758242
176.4	0.759462759463
176.5	0.758241758242
176.6	0.759462759463
176.7	0.758241758242
176.8	0.759462759463
176.9	0.758241758242
177	0.758241758242
177.1	0.759462759463
177.2	0.758241758242
177.3	0.759462759463
177.4	0.759462759463
177.5	0.758241758242
177.6	0.758241758242
177.7	0.759462759463
177.8	0.759462759463
177.9	0.758241758242
178	0.758241758242
178.1	0.759462759463
178.2	0.759462759463
178.3	0.759462759463
178.4	0.759462759463
178.5	0.758241758242
178.6	0.759462759463
178.7	0.759462759463
178.8	0.758241758242
178.9	0.759462759463
179	0.758241758242
179.1	0.759462759463
179.2	0.759462759463
179.3	0.758241758242
179.4	0.759462759463
179.5	0.758241758242
179.6	0.759462759463
179.7	0.759462759463
179.8	0.758241758242
179.9	0.759462759463
180	0.758241758242
180.1	0.759462759463
180.2	0.759462759463
180.3	0.758241758242
180.4	0.759462759463
180.5	0.759462759463
180.6	0.760683760684
180.7	0.759462759463
180.8	0.759462759463
180.9	0.759462759463
181	0.760683760684
181.1	0.759462759463
181.2	0.761904761905
181.3	0.759462759463
181.4	0.759462759463
181.5	0.759462759463
181.6	0.759462759463
181.7	0.760683760684
181.8	0.759462759463
181.9	0.760683760684
182	0.761904761905
182.1	0.761904761905
182.2	0.760683760684
182.3	0.761904761905
182.4	0.759462759463
182.5	0.760683760684
182.6	0.760683760684
182.7	0.759462759463
182.8	0.760683760684
182.9	0.760683760684
183	0.759462759463
183.1	0.759462759463
183.2	0.761904761905
183.3	0.761904761905
183.4	0.761904761905
183.5	0.760683760684
183.6	0.760683760684
183.7	0.760683760684
183.8	0.760683760684
183.9	0.761904761905
184	0.761904761905
184.1	0.760683760684
184.2	0.761904761905
184.3	0.759462759463
184.4	0.761904761905
184.5	0.759462759463
184.6	0.760683760684
184.7	0.760683760684
184.8	0.761904761905
184.9	0.761904761905
185	0.760683760684
185.1	0.761904761905
185.2	0.761904761905
185.3	0.761904761905
185.4	0.760683760684
185.5	0.761904761905
185.6	0.760683760684
185.7	0.761904761905
185.8	0.760683760684
185.9	0.760683760684
186	0.763125763126
186.1	0.758241758242
186.2	0.761904761905
186.3	0.761904761905
186.4	0.761904761905
186.5	0.761904761905
186.6	0.763125763126
186.7	0.763125763126
186.8	0.761904761905
186.9	0.760683760684
187	0.763125763126
187.1	0.761904761905
187.2	0.763125763126
187.3	0.761904761905
187.4	0.761904761905
187.5	0.761904761905
187.6	0.763125763126
187.7	0.761904761905
187.8	0.761904761905
187.9	0.761904761905
188	0.761904761905
188.1	0.763125763126
188.2	0.761904761905
188.3	0.763125763126
188.4	0.761904761905
188.5	0.763125763126
188.6	0.761904761905
188.7	0.761904761905
188.8	0.761904761905
188.9	0.761904761905
189	0.761904761905
189.1	0.761904761905
189.2	0.763125763126
189.3	0.761904761905
189.4	0.761904761905
189.5	0.761904761905
189.6	0.763125763126
189.7	0.761904761905
189.8	0.763125763126
189.9	0.763125763126
190	0.763125763126
190.1	0.761904761905
190.2	0.761904761905
190.3	0.763125763126
190.4	0.763125763126
190.5	0.763125763126
190.6	0.763125763126
190.7	0.763125763126
190.8	0.763125763126
190.9	0.761904761905
191	0.763125763126
191.1	0.763125763126
191.2	0.761904761905
191.3	0.761904761905
191.4	0.763125763126
191.5	0.764346764347
191.6	0.763125763126
191.7	0.763125763126
191.8	0.763125763126
191.9	0.763125763126
192	0.763125763126
192.1	0.763125763126
192.2	0.764346764347
192.3	0.761904761905
192.4	0.761904761905
192.5	0.763125763126
192.6	0.763125763126
192.7	0.763125763126
192.8	0.764346764347
192.9	0.764346764347
193	0.764346764347
193.1	0.764346764347
193.2	0.763125763126
193.3	0.763125763126
193.4	0.763125763126
193.5	0.764346764347
193.6	0.763125763126
193.7	0.763125763126
193.8	0.764346764347
193.9	0.763125763126
194	0.763125763126
194.1	0.764346764347
194.2	0.764346764347
194.3	0.763125763126
194.4	0.764346764347
194.5	0.764346764347
194.6	0.764346764347
194.7	0.764346764347
194.8	0.764346764347
194.9	0.765567765568
195	0.764346764347
195.1	0.764346764347
195.2	0.764346764347
195.3	0.765567765568
195.4	0.764346764347
195.5	0.764346764347
195.6	0.764346764347
195.7	0.765567765568
195.8	0.764346764347
195.9	0.764346764347
196	0.764346764347
196.1	0.765567765568
196.2	0.764346764347
196.3	0.764346764347
196.4	0.765567765568
196.5	0.764346764347
196.6	0.764346764347
196.7	0.764346764347
196.8	0.765567765568
196.9	0.764346764347
197	0.764346764347
197.1	0.764346764347
197.2	0.764346764347
197.3	0.765567765568
197.4	0.764346764347
197.5	0.764346764347
197.6	0.765567765568
197.7	0.764346764347
197.8	0.765567765568
197.9	0.765567765568
198	0.764346764347
198.1	0.765567765568
198.2	0.764346764347
198.3	0.765567765568
198.4	0.765567765568
198.5	0.764346764347
198.6	0.764346764347
198.7	0.764346764347
198.8	0.764346764347
198.9	0.765567765568
199	0.766788766789
199.1	0.765567765568
199.2	0.764346764347
199.3	0.764346764347
199.4	0.766788766789
199.5	0.765567765568
199.6	0.765567765568
199.7	0.764346764347
199.8	0.765567765568
199.9	0.765567765568
200	0.766788766789
200.1	0.766788766789
200.2	0.765567765568
200.3	0.766788766789
200.4	0.764346764347
200.5	0.765567765568
200.6	0.765567765568
200.7	0.764346764347
200.8	0.765567765568
200.9	0.766788766789
201	0.765567765568
201.1	0.765567765568
201.2	0.766788766789
201.3	0.766788766789
201.4	0.765567765568
201.5	0.766788766789
201.6	0.766788766789
201.7	0.766788766789
201.8	0.765567765568
201.9	0.765567765568
202	0.765567765568
202.1	0.765567765568
202.2	0.765567765568
202.3	0.766788766789
202.4	0.765567765568
202.5	0.766788766789
202.6	0.766788766789
202.7	0.765567765568
202.8	0.766788766789
202.9	0.766788766789
203	0.765567765568
203.1	0.766788766789
203.2	0.765567765568
203.3	0.766788766789
203.4	0.765567765568
203.5	0.766788766789
203.6	0.765567765568
203.7	0.766788766789
203.8	0.766788766789
203.9	0.766788766789
204	0.76800976801
204.1	0.765567765568
204.2	0.764346764347
204.3	0.766788766789
204.4	0.766788766789
204.5	0.766788766789
204.6	0.765567765568
204.7	0.766788766789
204.8	0.76800976801
204.9	0.765567765568
205	0.766788766789
205.1	0.765567765568
205.2	0.766788766789
205.3	0.766788766789
205.4	0.766788766789
205.5	0.766788766789
205.6	0.766788766789
205.7	0.76800976801
205.8	0.766788766789
205.9	0.766788766789
206	0.766788766789
206.1	0.76800976801
206.2	0.766788766789
206.3	0.765567765568
206.4	0.76800976801
206.5	0.76800976801
206.6	0.766788766789
206.7	0.766788766789
206.8	0.766788766789
206.9	0.766788766789
207	0.76800976801
207.1	0.766788766789
207.2	0.766788766789
207.3	0.766788766789
207.4	0.766788766789
207.5	0.766788766789
207.6	0.766788766789
207.7	0.766788766789
207.8	0.76800976801
207.9	0.76800976801
208	0.766788766789
208.1	0.76800976801
208.2	0.76800976801
208.3	0.766788766789
208.4	0.766788766789
208.5	0.766788766789
208.6	0.76800976801
208.7	0.766788766789
208.8	0.766788766789
208.9	0.76800976801
209	0.769230769231
209.1	0.766788766789
209.2	0.76800976801
209.3	0.76800976801
209.4	0.766788766789
209.5	0.766788766789
209.6	0.76800976801
209.7	0.76800976801
209.8	0.76800976801
209.9	0.76800976801
210	0.766788766789
210.1	0.76800976801
210.2	0.76800976801
210.3	0.769230769231
210.4	0.769230769231
210.5	0.76800976801
210.6	0.766788766789
210.7	0.76800976801
210.8	0.76800976801
210.9	0.766788766789
211	0.76800976801
211.1	0.76800976801
211.2	0.769230769231
211.3	0.769230769231
211.4	0.76800976801
211.5	0.769230769231
211.6	0.76800976801
211.7	0.770451770452
211.8	0.76800976801
211.9	0.76800976801
212	0.76800976801
212.1	0.76800976801
212.2	0.76800976801
212.3	0.76800976801
212.4	0.769230769231
212.5	0.769230769231
212.6	0.76800976801
212.7	0.770451770452
212.8	0.76800976801
212.9	0.769230769231
213	0.769230769231
213.1	0.76800976801
213.2	0.76800976801
213.3	0.769230769231
213.4	0.769230769231
213.5	0.766788766789
213.6	0.769230769231
213.7	0.76800976801
213.8	0.769230769231
213.9	0.76800976801
214	0.770451770452
214.1	0.76800976801
214.2	0.769230769231
214.3	0.769230769231
214.4	0.770451770452
214.5	0.76800976801
214.6	0.769230769231
214.7	0.769230769231
214.8	0.769230769231
214.9	0.769230769231
215	0.769230769231
215.1	0.76800976801
215.2	0.769230769231
215.3	0.766788766789
215.4	0.769230769231
215.5	0.769230769231
215.6	0.769230769231
215.7	0.769230769231
215.8	0.769230769231
215.9	0.769230769231
216	0.769230769231
216.1	0.769230769231
216.2	0.769230769231
216.3	0.769230769231
216.4	0.770451770452
216.5	0.769230769231
216.6	0.76800976801
216.7	0.769230769231
216.8	0.770451770452
216.9	0.769230769231
217	0.769230769231
217.1	0.76800976801
217.2	0.769230769231
217.3	0.769230769231
217.4	0.76800976801
217.5	0.76800976801
217.6	0.770451770452
217.7	0.769230769231
217.8	0.769230769231
217.9	0.769230769231
218	0.76800976801
218.1	0.769230769231
218.2	0.769230769231
218.3	0.769230769231
218.4	0.76800976801
218.5	0.769230769231
218.6	0.769230769231
218.7	0.770451770452
218.8	0.769230769231
218.9	0.769230769231
219	0.769230769231
219.1	0.770451770452
219.2	0.769230769231
219.3	0.769230769231
219.4	0.770451770452
219.5	0.770451770452
219.6	0.770451770452
219.7	0.769230769231
219.8	0.770451770452
219.9	0.769230769231
220	0.769230769231
220.1	0.769230769231
220.2	0.76800976801
220.3	0.769230769231
220.4	0.769230769231
220.5	0.769230769231
220.6	0.770451770452
220.7	0.769230769231
220.8	0.770451770452
220.9	0.770451770452
221	0.770451770452
221.1	0.769230769231
221.2	0.770451770452
221.3	0.769230769231
221.4	0.770451770452
221.5	0.770451770452
221.6	0.769230769231
221.7	0.770451770452
221.8	0.770451770452
221.9	0.770451770452
222	0.771672771673
222.1	0.769230769231
222.2	0.769230769231
222.3	0.769230769231
222.4	0.770451770452
222.5	0.771672771673
222.6	0.769230769231
222.7	0.769230769231
222.8	0.771672771673
222.9	0.770451770452
223	0.771672771673
223.1	0.766788766789
223.2	0.771672771673
223.3	0.770451770452
223.4	0.769230769231
223.5	0.771672771673
223.6	0.769230769231
223.7	0.770451770452
223.8	0.770451770452
223.9	0.769230769231
224	0.769230769231
224.1	0.770451770452
224.2	0.770451770452
224.3	0.770451770452
224.4	0.770451770452
224.5	0.770451770452
224.6	0.770451770452
224.7	0.770451770452
224.8	0.771672771673
224.9	0.770451770452
225	0.770451770452
225.1	0.770451770452
225.2	0.769230769231
225.3	0.770451770452
225.4	0.770451770452
225.5	0.769230769231
225.6	0.771672771673
225.7	0.771672771673
225.8	0.770451770452
225.9	0.770451770452
226	0.771672771673
226.1	0.770451770452
226.2	0.771672771673
226.3	0.770451770452
226.4	0.770451770452
226.5	0.771672771673
226.6	0.769230769231
226.7	0.771672771673
226.8	0.770451770452
226.9	0.770451770452
227	0.771672771673
227.1	0.770451770452
227.2	0.769230769231
227.3	0.770451770452
227.4	0.771672771673
227.5	0.771672771673
227.6	0.771672771673
227.7	0.770451770452
227.8	0.770451770452
227.9	0.772893772894
228	0.771672771673
228.1	0.770451770452
228.2	0.771672771673
228.3	0.770451770452
228.4	0.770451770452
228.5	0.771672771673
228.6	0.771672771673
228.7	0.770451770452
228.8	0.771672771673
228.9	0.770451770452
229	0.771672771673
229.1	0.771672771673
229.2	0.772893772894
229.3	0.771672771673
229.4	0.770451770452
229.5	0.772893772894
229.6	0.772893772894
229.7	0.772893772894
229.8	0.770451770452
229.9	0.771672771673
230	0.771672771673
230.1	0.771672771673
230.2	0.772893772894
230.3	0.771672771673
230.4	0.770451770452
230.5	0.771672771673
230.6	0.771672771673
230.7	0.771672771673
230.8	0.771672771673
230.9	0.771672771673
231	0.771672771673
231.1	0.770451770452
231.2	0.771672771673
231.3	0.771672771673
231.4	0.772893772894
231.5	0.770451770452
231.6	0.771672771673
231.7	0.771672771673
231.8	0.771672771673
231.9	0.771672771673
232	0.771672771673
232.1	0.771672771673
232.2	0.770451770452
232.3	0.772893772894
232.4	0.771672771673
232.5	0.772893772894
232.6	0.771672771673
232.7	0.771672771673
232.8	0.771672771673
232.9	0.771672771673
233	0.770451770452
233.1	0.771672771673
233.2	0.771672771673
233.3	0.771672771673
233.4	0.771672771673
233.5	0.771672771673
233.6	0.772893772894
233.7	0.772893772894
233.8	0.771672771673
233.9	0.772893772894
234	0.771672771673
234.1	0.771672771673
234.2	0.771672771673
234.3	0.772893772894
234.4	0.772893772894
234.5	0.772893772894
234.6	0.774114774115
234.7	0.771672771673
234.8	0.772893772894
234.9	0.772893772894
235	0.772893772894
235.1	0.772893772894
235.2	0.771672771673
235.3	0.771672771673
235.4	0.772893772894
235.5	0.772893772894
235.6	0.771672771673
235.7	0.771672771673
235.8	0.771672771673
235.9	0.772893772894
236	0.774114774115
236.1	0.771672771673
236.2	0.772893772894
236.3	0.772893772894
236.4	0.771672771673
236.5	0.772893772894
236.6	0.772893772894
236.7	0.772893772894
236.8	0.771672771673
236.9	0.772893772894
237	0.774114774115
237.1	0.772893772894
237.2	0.774114774115
237.3	0.771672771673
237.4	0.771672771673
237.5	0.774114774115
237.6	0.772893772894
237.7	0.772893772894
237.8	0.772893772894
237.9	0.772893772894
238	0.772893772894
238.1	0.772893772894
238.2	0.772893772894
238.3	0.771672771673
238.4	0.774114774115
238.5	0.772893772894
238.6	0.772893772894
238.7	0.771672771673
238.8	0.772893772894
238.9	0.774114774115
239	0.774114774115
239.1	0.772893772894
239.2	0.774114774115
239.3	0.771672771673
239.4	0.774114774115
239.5	0.772893772894
239.6	0.772893772894
239.7	0.774114774115
239.8	0.772893772894
239.9	0.772893772894
240	0.772893772894
240.1	0.771672771673
240.2	0.772893772894
240.3	0.772893772894
240.4	0.774114774115
240.5	0.772893772894
240.6	0.772893772894
240.7	0.772893772894
240.8	0.772893772894
240.9	0.772893772894
241	0.772893772894
241.1	0.774114774115
241.2	0.772893772894
241.3	0.772893772894
241.4	0.774114774115
241.5	0.772893772894
241.6	0.772893772894
241.7	0.772893772894
241.8	0.772893772894
241.9	0.774114774115
242	0.772893772894
242.1	0.772893772894
242.2	0.771672771673
242.3	0.774114774115
242.4	0.772893772894
242.5	0.772893772894
242.6	0.774114774115
242.7	0.774114774115
242.8	0.772893772894
242.9	0.772893772894
243	0.774114774115
243.1	0.772893772894
243.2	0.772893772894
243.3	0.774114774115
243.4	0.775335775336
243.5	0.774114774115
243.6	0.772893772894
243.7	0.772893772894
243.8	0.774114774115
243.9	0.774114774115
244	0.774114774115
244.1	0.774114774115
244.2	0.772893772894
244.3	0.774114774115
244.4	0.774114774115
244.5	0.772893772894
244.6	0.772893772894
244.7	0.772893772894
244.8	0.774114774115
244.9	0.774114774115
245	0.772893772894
245.1	0.774114774115
245.2	0.774114774115
245.3	0.774114774115
245.4	0.772893772894
245.5	0.774114774115
245.6	0.774114774115
245.7	0.772893772894
245.8	0.774114774115
245.9	0.774114774115
246	0.774114774115
246.1	0.772893772894
246.2	0.772893772894
246.3	0.772893772894
246.4	0.775335775336
246.5	0.774114774115
246.6	0.774114774115
246.7	0.772893772894
246.8	0.774114774115
246.9	0.774114774115
247	0.774114774115
247.1	0.774114774115
247.2	0.774114774115
247.3	0.774114774115
247.4	0.774114774115
247.5	0.774114774115
247.6	0.775335775336
247.7	0.774114774115
247.8	0.774114774115
247.9	0.774114774115
248	0.774114774115
248.1	0.774114774115
248.2	0.774114774115
248.3	0.774114774115
248.4	0.774114774115
248.5	0.774114774115
248.6	0.774114774115
248.7	0.774114774115
248.8	0.775335775336
248.9	0.774114774115
249	0.774114774115
249.1	0.774114774115
249.2	0.774114774115
249.3	0.774114774115
249.4	0.774114774115
249.5	0.774114774115
249.6	0.772893772894
249.7	0.774114774115
249.8	0.774114774115
249.9	0.774114774115
250	0.774114774115
250.1	0.774114774115
250.2	0.774114774115
250.3	0.774114774115
250.4	0.774114774115
250.5	0.774114774115
250.6	0.774114774115
250.7	0.774114774115
250.8	0.774114774115
250.9	0.774114774115
251	0.774114774115
251.1	0.775335775336
251.2	0.774114774115
251.3	0.774114774115
251.4	0.774114774115
251.5	0.774114774115
251.6	0.774114774115
251.7	0.774114774115
251.8	0.775335775336
251.9	0.774114774115
252	0.774114774115
252.1	0.774114774115
252.2	0.774114774115
252.3	0.775335775336
252.4	0.774114774115
252.5	0.774114774115
252.6	0.774114774115
252.7	0.774114774115
252.8	0.775335775336
252.9	0.774114774115
253	0.774114774115
253.1	0.774114774115
253.2	0.775335775336
253.3	0.774114774115
253.4	0.774114774115
253.5	0.774114774115
253.6	0.775335775336
253.7	0.774114774115
253.8	0.775335775336
253.9	0.774114774115
254	0.775335775336
254.1	0.775335775336
254.2	0.774114774115
254.3	0.775335775336
254.4	0.775335775336
254.5	0.774114774115
254.6	0.775335775336
254.7	0.775335775336
254.8	0.774114774115
254.9	0.775335775336
255	0.774114774115
255.1	0.772893772894
255.2	0.775335775336
255.3	0.774114774115
255.4	0.775335775336
255.5	0.774114774115
255.6	0.775335775336
255.7	0.775335775336
255.8	0.775335775336
255.9	0.774114774115
256	0.774114774115
256.1	0.774114774115
256.2	0.775335775336
256.3	0.775335775336
256.4	0.774114774115
256.5	0.774114774115
256.6	0.775335775336
256.7	0.774114774115
256.8	0.774114774115
256.9	0.775335775336
257	0.775335775336
257.1	0.774114774115
257.2	0.774114774115
257.3	0.775335775336
257.4	0.775335775336
257.5	0.775335775336
257.6	0.775335775336
257.7	0.775335775336
257.8	0.775335775336
257.9	0.775335775336
258	0.774114774115
258.1	0.775335775336
258.2	0.774114774115
258.3	0.775335775336
258.4	0.774114774115
258.5	0.775335775336
258.6	0.775335775336
258.7	0.775335775336
258.8	0.775335775336
258.9	0.774114774115
259	0.775335775336
259.1	0.775335775336
259.2	0.775335775336
259.3	0.774114774115
259.4	0.775335775336
259.5	0.775335775336
259.6	0.774114774115
259.7	0.775335775336
259.8	0.775335775336
259.9	0.775335775336
260	0.775335775336
260.1	0.775335775336
260.2	0.775335775336
260.3	0.775335775336
260.4	0.775335775336
260.5	0.776556776557
260.6	0.775335775336
260.7	0.775335775336
260.8	0.775335775336
260.9	0.774114774115
261	0.774114774115
261.1	0.774114774115
261.2	0.775335775336
261.3	0.775335775336
261.4	0.775335775336
261.5	0.774114774115
261.6	0.775335775336
261.7	0.775335775336
261.8	0.775335775336
261.9	0.775335775336
262	0.775335775336
262.1	0.775335775336
262.2	0.774114774115
262.3	0.775335775336
262.4	0.774114774115
262.5	0.775335775336
262.6	0.775335775336
262.7	0.775335775336
262.8	0.774114774115
262.9	0.776556776557
263	0.775335775336
263.1	0.776556776557
263.2	0.775335775336
263.3	0.775335775336
263.4	0.774114774115
263.5	0.776556776557
263.6	0.775335775336
263.7	0.776556776557
263.8	0.774114774115
263.9	0.775335775336
264	0.775335775336
264.1	0.774114774115
264.2	0.775335775336
264.3	0.775335775336
264.4	0.775335775336
264.5	0.775335775336
264.6	0.775335775336
264.7	0.774114774115
264.8	0.776556776557
264.9	0.776556776557
265	0.776556776557
265.1	0.775335775336
265.2	0.776556776557
265.3	0.775335775336
265.4	0.776556776557
265.5	0.776556776557
265.6	0.775335775336
265.7	0.776556776557
265.8	0.776556776557
265.9	0.774114774115
266	0.775335775336
266.1	0.775335775336
266.2	0.775335775336
266.3	0.776556776557
266.4	0.774114774115
266.5	0.774114774115
266.6	0.775335775336
266.7	0.776556776557
266.8	0.775335775336
266.9	0.775335775336
267	0.776556776557
267.1	0.776556776557
267.2	0.775335775336
267.3	0.776556776557
267.4	0.775335775336
267.5	0.774114774115
267.6	0.776556776557
267.7	0.775335775336
267.8	0.776556776557
267.9	0.776556776557
268	0.775335775336
268.1	0.775335775336
268.2	0.776556776557
268.3	0.776556776557
268.4	0.775335775336
268.5	0.776556776557
268.6	0.776556776557
268.7	0.776556776557
268.8	0.775335775336
268.9	0.776556776557
269	0.776556776557
269.1	0.775335775336
269.2	0.775335775336
269.3	0.775335775336
269.4	0.776556776557
269.5	0.775335775336
269.6	0.776556776557
269.7	0.775335775336
269.8	0.776556776557
269.9	0.776556776557
270	0.776556776557
270.1	0.775335775336
270.2	0.774114774115
270.3	0.776556776557
270.4	0.776556776557
270.5	0.776556776557
270.6	0.775335775336
270.7	0.776556776557
270.8	0.776556776557
270.9	0.775335775336
271	0.775335775336
271.1	0.775335775336
271.2	0.776556776557
271.3	0.776556776557
271.4	0.776556776557
271.5	0.775335775336
271.6	0.776556776557
271.7	0.776556776557
271.8	0.776556776557
271.9	0.776556776557
272	0.776556776557
272.1	0.775335775336
272.2	0.776556776557
272.3	0.776556776557
272.4	0.776556776557
272.5	0.776556776557
272.6	0.776556776557
272.7	0.777777777778
272.8	0.776556776557
272.9	0.776556776557
273	0.776556776557
273.1	0.776556776557
273.2	0.775335775336
273.3	0.776556776557
273.4	0.776556776557
273.5	0.775335775336
273.6	0.775335775336
273.7	0.775335775336
273.8	0.776556776557
273.9	0.776556776557
274	0.776556776557
274.1	0.775335775336
274.2	0.775335775336
274.3	0.776556776557
274.4	0.776556776557
274.5	0.776556776557
274.6	0.775335775336
274.7	0.775335775336
274.8	0.776556776557
274.9	0.776556776557
275	0.777777777778
275.1	0.776556776557
275.2	0.777777777778
275.3	0.776556776557
275.4	0.776556776557
275.5	0.775335775336
275.6	0.775335775336
275.7	0.777777777778
275.8	0.776556776557
275.9	0.776556776557
276	0.776556776557
276.1	0.776556776557
276.2	0.776556776557
276.3	0.775335775336
276.4	0.776556776557
276.5	0.776556776557
276.6	0.776556776557
276.7	0.776556776557
276.8	0.776556776557
276.9	0.775335775336
277	0.775335775336
277.1	0.776556776557
277.2	0.776556776557
277.3	0.776556776557
277.4	0.776556776557
277.5	0.776556776557
277.6	0.775335775336
277.7	0.776556776557
277.8	0.777777777778
277.9	0.775335775336
278	0.776556776557
278.1	0.777777777778
278.2	0.776556776557
278.3	0.776556776557
278.4	0.776556776557
278.5	0.776556776557
278.6	0.777777777778
278.7	0.776556776557
278.8	0.775335775336
278.9	0.776556776557
279	0.776556776557
279.1	0.776556776557
279.2	0.776556776557
279.3	0.776556776557
279.4	0.776556776557
279.5	0.777777777778
279.6	0.776556776557
279.7	0.776556776557
279.8	0.776556776557
279.9	0.777777777778
280	0.776556776557
280.1	0.776556776557
280.2	0.775335775336
280.3	0.776556776557
280.4	0.776556776557
280.5	0.776556776557
280.6	0.776556776557
280.7	0.777777777778
280.8	0.777777777778
280.9	0.776556776557
281	0.776556776557
281.1	0.776556776557
281.2	0.776556776557
281.3	0.776556776557
281.4	0.776556776557
281.5	0.776556776557
281.6	0.777777777778
281.7	0.777777777778
281.8	0.778998778999
281.9	0.776556776557
282	0.777777777778
282.1	0.777777777778
282.2	0.776556776557
282.3	0.776556776557
282.4	0.776556776557
282.5	0.776556776557
282.6	0.776556776557
282.7	0.777777777778
282.8	0.777777777778
282.9	0.776556776557
283	0.776556776557
283.1	0.776556776557
283.2	0.777777777778
283.3	0.777777777778
283.4	0.776556776557
283.5	0.776556776557
283.6	0.776556776557
283.7	0.776556776557
283.8	0.777777777778
283.9	0.776556776557
284	0.776556776557
284.1	0.776556776557
284.2	0.777777777778
284.3	0.776556776557
284.4	0.776556776557
284.5	0.777777777778
284.6	0.777777777778
284.7	0.777777777778
284.8	0.777777777778
284.9	0.776556776557
285	0.776556776557
285.1	0.777777777778
285.2	0.777777777778
285.3	0.776556776557
285.4	0.776556776557
285.5	0.777777777778
285.6	0.776556776557
285.7	0.775335775336
285.8	0.776556776557
285.9	0.776556776557
286	0.775335775336
286.1	0.776556776557
286.2	0.776556776557
286.3	0.776556776557
286.4	0.777777777778
286.5	0.777777777778
286.6	0.776556776557
286.7	0.776556776557
286.8	0.776556776557
286.9	0.776556776557
287	0.776556776557
287.1	0.777777777778
287.2	0.776556776557
287.3	0.776556776557
287.4	0.777777777778
287.5	0.777777777778
287.6	0.777777777778
287.7	0.777777777778
287.8	0.777777777778
287.9	0.777777777778
288	0.776556776557
288.1	0.778998778999
288.2	0.777777777778
288.3	0.777777777778
288.4	0.777777777778
288.5	0.777777777778
288.6	0.777777777778
288.7	0.776556776557
288.8	0.776556776557
288.9	0.776556776557
289	0.776556776557
289.1	0.777777777778
289.2	0.777777777778
289.3	0.777777777778
289.4	0.777777777778
289.5	0.777777777778
289.6	0.776556776557
289.7	0.776556776557
289.8	0.776556776557
289.9	0.776556776557
290	0.777777777778
290.1	0.777777777778
290.2	0.777777777778
290.3	0.777777777778
290.4	0.776556776557
290.5	0.776556776557
290.6	0.775335775336
290.7	0.776556776557
290.8	0.776556776557
290.9	0.776556776557
291	0.775335775336
291.1	0.775335775336
291.2	0.776556776557
291.3	0.777777777778
291.4	0.777777777778
291.5	0.777777777778
291.6	0.777777777778
291.7	0.776556776557
291.8	0.776556776557
291.9	0.776556776557
292	0.777777777778
292.1	0.777777777778
292.2	0.776556776557
292.3	0.776556776557
292.4	0.777777777778
292.5	0.776556776557
292.6	0.777777777778
292.7	0.776556776557
292.8	0.776556776557
292.9	0.776556776557
293	0.777777777778
293.1	0.777777777778
293.2	0.776556776557
293.3	0.777777777778
293.4	0.775335775336
293.5	0.776556776557
293.6	0.778998778999
293.7	0.777777777778
293.8	0.776556776557
293.9	0.777777777778
294	0.776556776557
294.1	0.777777777778
294.2	0.777777777778
294.3	0.778998778999
294.4	0.776556776557
294.5	0.777777777778
294.6	0.777777777778
294.7	0.776556776557
294.8	0.776556776557
294.9	0.777777777778
295	0.778998778999
295.1	0.776556776557
295.2	0.777777777778
295.3	0.778998778999
295.4	0.777777777778
295.5	0.777777777778
295.6	0.776556776557
295.7	0.776556776557
295.8	0.777777777778
295.9	0.776556776557
296	0.777777777778
296.1	0.776556776557
296.2	0.777777777778
296.3	0.776556776557
296.4	0.777777777778
296.5	0.777777777778
296.6	0.777777777778
296.7	0.777777777778
296.8	0.777777777778
296.9	0.777777777778
297	0.777777777778
297.1	0.776556776557
297.2	0.777777777778
297.3	0.776556776557
297.4	0.777777777778
297.5	0.777777777778
297.6	0.776556776557
297.7	0.776556776557
297.8	0.777777777778
297.9	0.777777777778
298	0.777777777778
298.1	0.777777777778
298.2	0.777777777778
298.3	0.777777777778
298.4	0.777777777778
298.5	0.777777777778
298.6	0.777777777778
298.7	0.777777777778
298.8	0.777777777778
298.9	0.777777777778
299	0.777777777778
299.1	0.776556776557
299.2	0.777777777778
299.3	0.778998778999
299.4	0.777777777778
299.5	0.776556776557
299.6	0.777777777778
299.7	0.777777777778
299.8	0.777777777778
299.9	0.777777777778
300	0.777777777778
521	0.641025641026
521.1	0.643467643468
521.2	0.641025641026
521.3	0.641025641026
521.4	0.642246642247
521.5	0.641025641026
521.6	0.641025641026
521.7	0.641025641026
521.8	0.641025641026
521.9	0.641025641026
522	0.639804639805
522.1	0.639804639805
522.2	0.638583638584
522.3	0.639804639805
522.4	0.639804639805
522.5	0.639804639805
522.6	0.639804639805
522.7	0.639804639805
522.8	0.639804639805
522.9	0.639804639805
523	0.638583638584
523.1	0.638583638584
523.2	0.638583638584
523.3	0.637362637363
523.4	0.638583638584
523.5	0.638583638584
523.6	0.638583638584
523.7	0.638583638584
523.8	0.638583638584
523.9	0.638583638584
524	0.642246642247
524.1	0.65811965812
524.2	0.677655677656
524.3	0.699633699634
524.4	0.722832722833
524.5	0.747252747253
524.6	0.776556776557
524.7	0.809523809524
524.8	0.844932844933
524.9	0.884004884005
525	0.918192918193
525.1	0.954822954823
525.2	0.990231990232
525.3	1.0231990232
525.4	1.06105006105
525.5	1.10622710623
525.6	1.15506715507
525.7	1.20757020757
525.8	1.25518925519
525.9	1.30402930403
526	1.35286935287
526.1	1.39682539683
526.2	1.44078144078
526.3	1.48962148962
526.4	1.54456654457
526.5	1.60073260073
526.6	1.65445665446
526.7	1.71062271062
526.8	1.76434676435
526.9	1.81562881563
527	1.86691086691
527.1	1.91330891331
527.2	1.96214896215
527.3	2.01098901099
527.4	2.06105006105
527.5	2.11233211233
527.6	2.16361416361
527.7	2.21245421245
527.8	2.25885225885
527.9	2.30525030525
528	2.34920634921
528.1	2.39194139194
528.2	2.43223443223
528.3	2.47252747253
528.4	2.51404151404
528.5	2.55189255189
528.6	2.5873015873
528.7	2.62515262515
528.8	2.65811965812
528.9	2.69230769231
529	2.72527472527
529.1	2.75702075702
529.2	2.78998778999
529.3	2.82051282051
529.4	2.85225885226
529.5	2.87912087912
529.6	2.90842490842
529.7	2.93650793651
529.8	2.96336996337
529.9	2.99145299145
530	3.01709401709
530.1	3.04151404151
530.2	3.06715506716
530.3	3.09157509158
530.4	3.11355311355
530.5	3.13797313797
530.6	3.16117216117
530.7	3.18192918193
530.8	3.20634920635
530.9	3.22466422466
531	3.24542124542
531.1	3.2673992674
531.2	3.28693528694
531.3	3.30525030525
531.4	3.32478632479
531.5	3.34432234432
531.6	3.3601953602
531.7	3.37973137973
531.8	3.3956043956
531.9	3.41147741148
532	3.42857142857
532.1	3.44444444444
532.2	3.46031746032
532.3	3.47619047619
532.4	3.49206349206
532.5	3.50549450549
532.6	3.52136752137
532.7	3.5347985348
532.8	3.54822954823
532.9	3.56166056166
533	3.57753357753
533.1	3.5873015873
533.2	3.60073260073
533.3	3.61538461538
533.4	3.62393162393
533.5	3.63736263736
533.6	3.64957264957
533.7	3.65934065934
533.8	3.67032967033
533.9	3.68131868132
534	3.69108669109
534.1	3.7032967033
534.2	3.71428571429
534.3	3.72161172161
534.4	3.7326007326
534.5	3.74236874237
534.6	3.75091575092
534.7	3.75946275946
534.8	3.76800976801
534.9	3.77777777778
535	3.78754578755
535.1	3.80463980464
535.2	3.82295482295
535.3	3.84249084249
535.4	3.86446886447
535.5	3.89255189255
535.6	3.92551892552
535.7	3.95482295482
535.8	3.98290598291
535.9	4.01465201465
536	4.03907203907
536.1	4.06837606838
536.2	4.0989010989
536.3	4.12454212454
536.4	4.1514041514
536.5	4.1746031746
536.6	4.20268620269
536.7	4.22588522589
536.8	4.25152625153
536.9	4.27716727717
537	4.29914529915
537.1	4.32112332112
537.2	4.33821733822
537.3	4.34920634921
537.4	4.3601953602
537.5	4.37362637363
537.6	4.38339438339
537.7	4.37973137973
537.8	4.37362637363
537.9	4.3663003663
538	4.3601953602
538.1	4.35286935287
538.2	4.34554334554
538.3	4.33089133089
538.4	4.31501831502
538.5	4.29548229548
538.6	4.28083028083
538.7	4.26129426129
538.8	4.24053724054
538.9	4.22222222222
539	4.20024420024
539.1	4.17582417582
539.2	4.15873015873
539.3	4.13675213675
539.4	4.11843711844
539.5	4.09523809524
539.6	4.0757020757
539.7	4.05494505495
539.8	4.03540903541
539.9	4.01465201465
540	3.99633699634
540.1	3.9768009768
540.2	3.95726495726
540.3	3.93894993895
540.4	3.92063492063
540.5	3.90231990232
540.6	3.88156288156
540.7	3.86568986569
540.8	3.84615384615
540.9	3.83028083028
541	3.81318681319
541.1	3.79609279609
541.2	3.77655677656
541.3	3.75824175824
541.4	3.74358974359
541.5	3.7264957265
541.6	3.71184371184
541.7	3.69230769231
541.8	3.67643467643
541.9	3.65934065934
542	3.64468864469
542.1	3.62759462759
542.2	3.61172161172
542.3	3.59951159951
542.4	3.58241758242
542.5	3.5641025641
542.6	3.55067155067
542.7	3.53601953602
542.8	3.52258852259
542.9	3.50549450549
543	3.49084249084
543.1	3.47741147741
543.2	3.46275946276
543.3	3.44810744811
543.4	3.43345543346
543.5	3.42002442002
543.6	3.40659340659
543.7	3.39194139194
543.8	3.37851037851
543.9	3.36507936508
544	3.35164835165
544.1	3.336996337
544.2	3.32234432234
544.3	3.31135531136
544.4	3.29792429792
544.5	3.28327228327
544.6	3.27228327228
544.7	3.25763125763
544.8	3.24542124542
544.9	3.23321123321
545	3.221001221
545.1	3.20757020757
545.2	3.19658119658
545.3	3.18192918193
545.4	3.17094017094
545.5	3.15873015873
545.6	3.14774114774
545.7	3.13553113553
545.8	3.12332112332
545.9	3.11233211233
546	3.0989010989
546.1	3.08791208791
546.2	3.07448107448
546.3	3.06349206349
546.4	3.05494505495
546.5	3.04273504274
546.6	3.03052503053
546.7	3.01953601954
546.8	3.00976800977
546.9	2.99755799756
547	2.98778998779
547.1	2.97557997558
547.2	2.96581196581
547.3	2.95604395604
547.4	2.94505494505
547.5	2.93284493284
547.6	2.92307692308
547.7	2.91330891331
547.8	2.9010989011
547.9	2.89133089133
548	2.88278388278
548.1	2.87179487179
548.2	2.86202686203
548.3	2.85225885226
548.4	2.84126984127
548.5	2.83272283272
548.6	2.82173382173
548.7	2.81074481074
548.8	2.80341880342
548.9	2.79242979243
549	2.78266178266
549.1	2.77533577534
549.2	2.76556776557
549.3	2.7557997558
549.4	2.74603174603
549.5	2.73626373626
549.6	2.72527472527
549.7	2.71794871795
549.8	2.70818070818
549.9	2.69719169719
550	2.69108669109
550.1	2.68131868132
550.2	2.67277167277
550.3	2.66422466422
550.4	2.65567765568
550.5	2.64468864469
550.6	2.63736263736
550.7	2.62881562882
550.8	2.61904761905
550.9	2.61172161172
551	2.60195360195
551.1	2.59584859585
551.2	2.58608058608
551.3	2.57875457875
551.4	2.56776556777
551.5	2.56166056166
551.6	2.55189255189
551.7	2.54456654457
551.8	2.53601953602
551.9	2.52747252747
552	2.52136752137
552.1	2.51282051282
552.2	2.50305250305
552.3	2.49572649573
552.4	2.4884004884
552.5	2.47985347985
552.6	2.47252747253
552.7	2.4652014652
552.8	2.45665445665
552.9	2.44932844933
553	2.442002442
553.1	2.4358974359
553.2	2.42857142857
553.3	2.42002442002
553.4	2.4126984127
553.5	2.40537240537
553.6	2.3956043956
553.7	2.3894993895
553.8	2.38095238095
553.9	2.37484737485
554	2.36874236874
554.1	2.3601953602
554.2	2.35409035409
554.3	2.34676434676
554.4	2.336996337
554.5	2.33211233211
554.6	2.32478632479
554.7	2.31746031746
554.8	2.31013431013
554.9	2.30402930403
555	2.2967032967
555.1	2.2905982906
555.2	2.28327228327
555.3	2.27594627595
555.4	2.26984126984
555.5	2.26251526252
555.6	2.25641025641
555.7	2.24908424908
555.8	2.24297924298
555.9	2.23565323565
556	2.22954822955
556.1	2.221001221
556.2	2.21733821734
556.3	2.21001221001
556.4	2.20268620269
556.5	2.1978021978
556.6	2.19047619048
556.7	2.18315018315
556.8	2.17826617827
556.9	2.17094017094
557	2.16483516484
557.1	2.15995115995
557.2	2.15262515263
557.3	2.14652014652
557.4	2.14041514042
557.5	2.13431013431
557.6	2.12942612943
557.7	2.12087912088
557.8	2.115995116
557.9	2.10989010989
558	2.10378510379
558.1	2.09768009768
558.2	2.0927960928
558.3	2.08547008547
558.4	2.07936507937
558.5	2.0757020757
558.6	2.06837606838
558.7	2.06349206349
558.8	2.05738705739
558.9	2.05006105006
559	2.04517704518
559.1	2.03907203907
559.2	2.03418803419
559.3	2.02808302808
559.4	2.0231990232
559.5	2.01709401709
559.6	2.01098901099
559.7	2.00488400488
559.8	2
559.9	1.99633699634
560	1.98901098901
560.1	1.98412698413
560.2	1.97802197802
560.3	1.97435897436
560.4	1.96581196581
560.5	1.96214896215
560.6	1.95604395604
560.7	1.94993894994
560.8	1.94505494505
560.9	1.94139194139
561	1.93528693529
561.1	1.9304029304
561.2	1.92551892552
561.3	1.91941391941
561.4	1.91575091575
561.5	1.90964590965
561.6	1.90354090354
561.7	1.9010989011
561.8	1.89499389499
561.9	1.89010989011
562	1.884004884
562.1	1.88034188034
562.2	1.87301587302
562.3	1.86935286935
562.4	1.86446886447
562.5	1.85958485958
562.6	1.85347985348
562.7	1.84981684982
562.8	1.84249084249
562.9	1.84004884005
563	1.83516483516
563.1	1.82905982906
563.2	1.8253968254
563.3	1.82051282051
563.4	1.81562881563
563.5	1.81074481074
563.6	1.80463980464
563.7	1.79975579976
563.8	1.79731379731
563.9	1.79365079365
564	1.78754578755
564.1	1.78388278388
564.2	1.77777777778
564.3	1.77289377289
564.4	1.76800976801
564.5	1.76434676435
564.6	1.75946275946
564.7	1.75457875458
564.8	1.74969474969
564.9	1.74603174603
565	1.74358974359
565.1	1.73626373626
565.2	1.73382173382
565.3	1.72893772894
565.4	1.7264957265
565.5	1.71794871795
565.6	1.71550671551
565.7	1.71062271062
565.8	1.70573870574
565.9	1.70207570208
566	1.69719169719
566.1	1.69230769231
566.2	1.68986568987
566.3	1.6862026862
566.4	1.68131868132
566.5	1.67643467643
566.6	1.67399267399
566.7	1.66788766789
566.8	1.66422466422
566.9	1.66056166056
567	1.6568986569
567.1	1.65201465201
567.2	1.64713064713
567.3	1.64346764347
567.4	1.63858363858
567.5	1.63492063492
567.6	1.63125763126
567.7	1.62759462759
567.8	1.62271062271
567.9	1.61782661783
568	1.61538461538
568.1	1.61172161172
568.2	1.60683760684
568.3	1.6043956044
568.4	1.59951159951
568.5	1.59584859585
568.6	1.59218559219
568.7	1.58852258852
568.8	1.58363858364
568.9	1.57997557998
569	1.57631257631
569.1	1.57264957265
569.2	1.56776556777
569.3	1.56532356532
569.4	1.56043956044
569.5	1.55677655678
569.6	1.55311355311
569.7	1.54822954823
569.8	1.54578754579
569.9	1.54334554335
570	1.53724053724
570.1	1.53357753358
570.2	1.52991452991
570.3	1.52625152625
570.4	1.52380952381
570.5	1.51892551893
570.6	1.51648351648
570.7	1.51404151404
570.8	1.50915750916
570.9	1.50549450549
571	1.50183150183
571.1	1.49938949939
571.2	1.49572649573
571.3	1.49206349206
571.4	1.4884004884
571.5	1.48351648352
571.6	1.48107448107
571.7	1.47741147741
571.8	1.47374847375
571.9	1.47008547009
572	1.46764346764
572.1	1.46275946276
572.2	1.46275946276
572.3	1.45665445665
572.4	1.45421245421
572.5	1.45054945055
572.6	1.44688644689
572.7	1.44322344322
572.8	1.43956043956
572.9	1.4358974359
573	1.43223443223
573.1	1.43101343101
573.2	1.42735042735
573.3	1.42246642247
573.4	1.4188034188
573.5	1.41636141636
573.6	1.41391941392
573.7	1.41147741148
573.8	1.40781440781
573.9	1.40415140415
574	1.40048840049
574.1	1.39804639805
574.2	1.39438339438
574.3	1.39194139194
574.4	1.38827838828
574.5	1.38583638584
574.6	1.38095238095
574.7	1.37851037851
574.8	1.37484737485
574.9	1.37240537241
575	1.36874236874
575.1	1.36507936508
575.2	1.36263736264
575.3	1.35897435897
575.4	1.35653235653
575.5	1.35653235653
575.6	1.35164835165
575.7	1.34798534799
575.8	1.34554334554
575.9	1.3431013431
576	1.33821733822
576.1	1.33577533578
576.2	1.33455433455
576.3	1.33089133089
576.4	1.32722832723
576.5	1.32356532357
576.6	1.32112332112
576.7	1.31868131868
576.8	1.31501831502
576.9	1.3137973138
577	1.31013431013
577.1	1.30769230769
577.2	1.30280830281
577.3	1.30158730159
577.4	1.29792429792
577.5	1.29548229548
577.6	1.29181929182
577.7	1.28937728938
577.8	1.28693528694
577.9	1.28571428571
578	1.28205128205
578.1	1.27838827839
578.2	1.27594627595
578.3	1.2735042735
578.4	1.27106227106
578.5	1.2673992674
578.6	1.26495726496
578.7	1.26251526252
578.8	1.26007326007
578.9	1.25763125763
579	1.25396825397
579.1	1.25152625153
579.2	1.24908424908
579.3	1.24664224664
579.4	1.2442002442
579.5	1.24053724054
579.6	1.23931623932
579.7	1.2380952381
579.8	1.23443223443
579.9	1.23076923077
580	1.22832722833
580.1	1.22588522589
580.2	1.22344322344
580.3	1.221001221
580.4	1.21733821734
580.5	1.2148962149
580.6	1.21367521368
580.7	1.20879120879
580.8	1.20757020757
580.9	1.20512820513
581	1.20268620269
581.1	1.19902319902
581.2	1.1978021978
581.3	1.19536019536
581.4	1.19291819292
581.5	1.1916971917
581.6	1.18803418803
581.7	1.18437118437
581.8	1.18315018315
581.9	1.18070818071
582	1.17826617827
582.1	1.17582417582
582.2	1.1746031746
582.3	1.17216117216
582.4	1.1684981685
582.5	1.16605616606
582.6	1.16361416361
582.7	1.16239316239
582.8	1.15995115995
582.9	1.15628815629
583	1.15506715507
583.1	1.15262515263
583.2	1.15018315018
583.3	1.14896214896
583.4	1.1452991453
583.5	1.14285714286
583.6	1.14163614164
583.7	1.13919413919
583.8	1.13675213675
583.9	1.13308913309
584	1.13186813187
584.1	1.12942612943
584.2	1.12698412698
584.3	1.12454212454
584.4	1.12332112332
584.5	1.1221001221
584.6	1.11843711844
584.7	1.11721611722
584.8	1.11355311355
584.9	1.11233211233
585	1.11111111111
585.1	1.10866910867
585.2	1.10500610501
585.3	1.10378510379
585.4	1.10134310134
585.5	1.0989010989
585.6	1.09768009768
585.7	1.09523809524
585.8	1.0927960928
585.9	1.09157509158
586	1.08913308913
586.1	1.08547008547
586.2	1.08424908425
586.3	1.08180708181
586.4	1.08058608059
586.5	1.07936507937
586.6	1.07692307692
586.7	1.0757020757
586.8	1.07203907204
586.9	1.07081807082
587	1.06837606838
587.1	1.06471306471
587.2	1.06471306471
587.3	1.06349206349
587.4	1.06227106227
587.5	1.05738705739
587.6	1.05738705739
587.7	1.05494505495
587.8	1.0525030525
587.9	1.05006105006
588	1.05006105006
588.1	1.04761904762
588.2	1.04517704518
588.3	1.04273504274
588.4	1.04151404151
588.5	1.03907203907
588.6	1.03785103785
588.7	1.03540903541
588.8	1.03540903541
588.9	1.03174603175
589	1.0293040293
589.1	1.02808302808
589.2	1.02442002442
589.3	1.02564102564
589.4	1.02197802198
589.5	1.01953601954
589.6	1.01831501832
589.7	1.01587301587
589.8	1.01587301587
589.9	1.01343101343
590	1.01098901099
590.1	1.00976800977
590.2	1.00732600733
590.3	1.00610500611
590.4	1.00488400488
590.5	1.00244200244
590.6	1
590.7	1
590.8	0.997557997558
590.9	0.995115995116
591	0.992673992674
591.1	0.992673992674
591.2	0.990231990232
591.3	0.98778998779
591.4	0.986568986569
591.5	0.985347985348
591.6	0.982905982906
591.7	0.981684981685
591.8	0.979242979243
591.9	0.980463980464
592	0.976800976801
592.1	0.97557997558
592.2	0.974358974359
592.3	0.970695970696
592.4	0.971916971917
592.5	0.968253968254
592.6	0.967032967033
592.7	0.965811965812
592.8	0.96336996337
592.9	0.962148962149
593	0.960927960928
593.1	0.958485958486
593.2	0.957264957265
593.3	0.954822954823
593.4	0.954822954823
593.5	0.952380952381
593.6	0.95115995116
593.7	0.948717948718
593.8	0.946275946276
593.9	0.946275946276
594	0.943833943834
594.1	0.942612942613
594.2	0.941391941392
594.3	0.940170940171
594.4	0.937728937729
594.5	0.937728937729
594.6	0.934065934066
594.7	0.932844932845
594.8	0.932844932845
594.9	0.930402930403
595	0.929181929182
595.1	0.927960927961
595.2	0.925518925519
595.3	0.924297924298
595.4	0.924297924298
595.5	0.921855921856
595.6	0.919413919414
595.7	0.919413919414
595.8	0.918192918193
595.9	0.915750915751
596	0.91452991453
596.1	0.912087912088
596.2	0.910866910867
596.3	0.910866910867
596.4	0.909645909646
596.5	0.908424908425
596.6	0.908424908425
596.7	0.904761904762
596.8	0.904761904762
596.9	0.90231990232
597	0.899877899878
597.1	0.899877899878
597.2	0.898656898657
597.3	0.896214896215
597.4	0.894993894994
597.5	0.893772893773
597.6	0.892551892552
597.7	0.89010989011
597.8	0.89010989011
597.9	0.887667887668
598	0.887667887668
598.1	0.885225885226
598.2	0.885225885226
598.3	0.884004884005
598.4	0.882783882784
598.5	0.881562881563
598.6	0.880341880342
598.7	0.879120879121
598.8	0.876678876679
598.9	0.875457875458
599	0.875457875458
599.1	0.873015873016
599.2	0.871794871795
599.3	0.870573870574
599.4	0.870573870574
599.5	0.869352869353
599.6	0.86568986569
599.7	0.86568986569
599.8	0.864468864469
599.9	0.863247863248
600	0.862026862027
600.1	0.862026862027
600.2	0.862026862027
600.3	0.858363858364
600.4	0.857142857143
600.5	0.855921855922
600.6	0.85347985348
600.7	0.85347985348
600.8	0.852258852259
600.9	0.849816849817
601	0.849816849817
601.1	0.848595848596
601.2	0.847374847375
601.3	0.847374847375
601.4	0.846153846154
601.5	0.843711843712
601.6	0.842490842491
601.7	0.842490842491
601.8	0.84126984127
601.9	0.840048840049
602	0.838827838828
602.1	0.836385836386
602.2	0.836385836386
602.3	0.833943833944
602.4	0.833943833944
602.5	0.833943833944
602.6	0.831501831502
602.7	0.830280830281
602.8	0.82905982906
602.9	0.82905982906
603	0.826617826618
603.1	0.826617826618
603.2	0.825396825397
603.3	0.822954822955
603.4	0.822954822955
603.5	0.821733821734
603.6	0.821733821734
603.7	0.820512820513
603.8	0.820512820513
603.9	0.818070818071
604	0.81684981685
604.1	0.815628815629
604.2	0.814407814408
604.3	0.813186813187
604.4	0.813186813187
604.5	0.811965811966
604.6	0.810744810745
604.7	0.809523809524
604.8	0.807081807082
604.9	0.808302808303
605	0.805860805861
605.1	0.805860805861
605.2	0.803418803419
605.3	0.803418803419
605.4	0.803418803419
605.5	0.800976800977
605.6	0.800976800977
605.7	0.799755799756
605.8	0.799755799756
605.9	0.798534798535
606	0.796092796093
606.1	0.797313797314
606.2	0.796092796093
606.3	0.793650793651
606.4	0.793650793651
606.5	0.79242979243
606.6	0.791208791209
606.7	0.789987789988
606.8	0.789987789988
606.9	0.788766788767
607	0.787545787546
607.1	0.787545787546
607.2	0.785103785104
607.3	0.785103785104
607.4	0.783882783883
607.5	0.783882783883
607.6	0.782661782662
607.7	0.782661782662
607.8	0.781440781441
607.9	0.778998778999
608	0.777777777778
608.1	0.777777777778
608.2	0.777777777778
608.3	0.776556776557
608.4	0.775335775336
608.5	0.774114774115
608.6	0.774114774115
608.7	0.771672771673
608.8	0.771672771673
608.9	0.771672771673
609	0.769230769231
609.1	0.769230769231
609.2	0.769230769231
609.3	0.766788766789
609.4	0.764346764347
609.5	0.766788766789
609.6	0.765567765568
609.7	0.766788766789
609.8	0.763125763126
609.9	0.763125763126
610	0.761904761905
610.1	0.761904761905
610.2	0.761904761905
610.3	0.759462759463
610.4	0.758241758242
610.5	0.758241758242
610.6	0.758241758242
610.7	0.757020757021
610.8	0.757020757021
610.9	0.7557997558
611	0.754578754579
611.1	0.753357753358
611.2	0.752136752137
611.3	0.752136752137
611.4	0.750915750916
611.5	0.748473748474
611.6	0.750915750916
611.7	0.748473748474
611.8	0.747252747253
611.9	0.748473748474
612	0.747252747253
612.1	0.747252747253
612.2	0.744810744811
612.3	0.744810744811
612.4	0.744810744811
612.5	0.742368742369
612.6	0.742368742369
612.7	0.742368742369
612.8	0.742368742369
612.9	0.739926739927
613	0.738705738706
613.1	0.739926739927
613.2	0.738705738706
613.3	0.737484737485
613.4	0.736263736264
613.5	0.736263736264
613.6	0.736263736264
613.7	0.735042735043
613.8	0.733821733822
613.9	0.732600732601
614	0.732600732601
614.1	0.73137973138
614.2	0.73137973138
614.3	0.730158730159
614.4	0.730158730159
614.5	0.728937728938
614.6	0.728937728938
614.7	0.728937728938
614.8	0.727716727717
614.9	0.727716727717
615	0.727716727717
615.1	0.726495726496
615.2	0.725274725275
615.3	0.724053724054
615.4	0.724053724054
615.5	0.724053724054
615.6	0.722832722833
615.7	0.724053724054
615.8	0.721611721612
615.9	0.720390720391
616	0.720390720391
616.1	0.71916971917
616.2	0.717948717949
616.3	0.717948717949
616.4	0.716727716728
616.5	0.716727716728
616.6	0.715506715507
616.7	0.716727716728
616.8	0.714285714286
616.9	0.715506715507
617	0.714285714286
617.1	0.713064713065
617.2	0.713064713065
617.3	0.711843711844
617.4	0.710622710623
617.5	0.711843711844
617.6	0.710622710623
617.7	0.709401709402
617.8	0.709401709402
617.9	0.709401709402
618	0.709401709402
618.1	0.709401709402
618.2	0.70695970696
618.3	0.70695970696
618.4	0.70695970696
618.5	0.705738705739
618.6	0.705738705739
618.7	0.705738705739
618.8	0.704517704518
618.9	0.703296703297
619	0.703296703297
619.1	0.703296703297
619.2	0.702075702076
619.3	0.703296703297
619.4	0.702075702076
619.5	0.700854700855
619.6	0.702075702076
619.7	0.699633699634
619.8	0.698412698413
619.9	0.697191697192
620	0.699633699634
620.1	0.697191697192
620.2	0.697191697192
620.3	0.695970695971
620.4	0.69474969475
620.5	0.695970695971
620.6	0.695970695971
620.7	0.695970695971
620.8	0.69474969475
620.9	0.693528693529
621	0.692307692308
621.1	0.693528693529
621.2	0.692307692308
621.3	0.691086691087
621.4	0.691086691087
621.5	0.691086691087
621.6	0.691086691087
621.7	0.691086691087
621.8	0.689865689866
621.9	0.687423687424
622	0.689865689866
622.1	0.688644688645
622.2	0.687423687424
622.3	0.687423687424
622.4	0.686202686203
622.5	0.684981684982
622.6	0.686202686203
622.7	0.684981684982
622.8	0.684981684982
622.9	0.683760683761
623	0.683760683761
623.1	0.683760683761
623.2	0.681318681319
623.3	0.683760683761
623.4	0.683760683761
623.5	0.68253968254
623.6	0.681318681319
623.7	0.681318681319
623.8	0.680097680098
623.9	0.681318681319
624	0.678876678877
624.1	0.678876678877
624.2	0.678876678877
624.3	0.677655677656
624.4	0.678876678877
624.5	0.678876678877
624.6	0.676434676435
624.7	0.676434676435
624.8	0.676434676435
624.9	0.676434676435
625	0.676434676435
625.1	0.675213675214
625.2	0.676434676435
625.3	0.675213675214
625.4	0.675213675214
625.5	0.673992673993
625.6	0.672771672772
625.7	0.672771672772
625.8	0.672771672772
625.9	0.672771672772
626	0.671550671551
626.1	0.671550671551
626.2	0.671550671551
626.3	0.67032967033
626.4	0.67032967033
626.5	0.669108669109
626.6	0.67032967033
626.7	0.669108669109
626.8	0.669108669109
626.9	0.669108669109
627	0.669108669109
627.1	0.669108669109
627.2	0.667887667888
627.3	0.667887667888
627.4	0.666666666667
627.5	0.665445665446
627.6	0.665445665446
627.7	0.666666666667
627.8	0.665445665446
627.9	0.664224664225
628	0.665445665446
628.1	0.664224664225
628.2	0.664224664225
628.3	0.665445665446
628.4	0.664224664225
628.5	0.663003663004
628.6	0.663003663004
628.7	0.661782661783
628.8	0.661782661783
628.9	0.661782661783
629	0.661782661783
629.1	0.661782661783
629.2	0.661782661783
629.3	0.659340659341
629.4	0.660561660562
629.5	0.659340659341
629.6	0.659340659341
629.7	0.660561660562
629.8	0.659340659341
629.9	0.65811965812
630	0.65811965812
630.1	0.659340659341
630.2	0.656898656899
630.3	0.656898656899
630.4	0.656898656899
630.5	0.656898656899
630.6	0.656898656899
630.7	0.656898656899
630.8	0.655677655678
630.9	0.655677655678
631	0.655677655678
631.1	0.655677655678
631.2	0.655677655678
631.3	0.654456654457
631.4	0.654456654457
631.5	0.654456654457
631.6	0.653235653236
631.7	0.654456654457
631.8	0.653235653236
631.9	0.652014652015
632	0.652014652015
632.1	0.652014652015
632.2	0.653235653236
632.3	0.652014652015
632.4	0.652014652015
632.5	0.652014652015
632.6	0.650793650794
632.7	0.650793650794
632.8	0.650793650794
632.9	0.649572649573
633	0.649572649573
633.1	0.650793650794
633.2	0.650793650794
633.3	0.649572649573
633.4	0.648351648352
633.5	0.649572649573
633.6	0.648351648352
633.7	0.648351648352
633.8	0.647130647131
633.9	0.648351648352
634	0.648351648352
634.1	0.648351648352
634.2	0.647130647131
634.3	0.647130647131
634.4	0.647130647131
634.5	0.64590964591
634.6	0.647130647131
634.7	0.64590964591
634.8	0.64590964591
634.9	0.644688644689
635	0.644688644689
635.1	0.644688644689
635.2	0.644688644689
635.3	0.64590964591
635.4	0.64590964591
635.5	0.643467643468
635.6	0.644688644689
635.7	0.643467643468
635.8	0.642246642247
635.9	0.642246642247
636	0.643467643468
636.1	0.642246642247
636.2	0.642246642247
636.3	0.642246642247
636.4	0.642246642247
636.5	0.642246642247
636.6	0.641025641026
636.7	0.641025641026
636.8	0.641025641026
636.9	0.639804639805
637	0.639804639805
637.1	0.641025641026
637.2	0.641025641026
637.3	0.639804639805
637.4	0.639804639805
637.5	0.638583638584
637.6	0.638583638584
637.7	0.639804639805
637.8	0.638583638584
637.9	0.638583638584
638	0.638583638584
638.1	0.638583638584
638.2	0.638583638584
638.3	0.637362637363
638.4	0.637362637363
638.5	0.637362637363
638.6	0.637362637363
638.7	0.637362637363
638.8	0.637362637363
638.9	0.637362637363
639	0.637362637363
639.1	0.637362637363
639.2	0.636141636142
639.3	0.634920634921
639.4	0.636141636142
639.5	0.636141636142
639.6	0.634920634921
639.7	0.636141636142
639.8	0.634920634921
639.9	0.6336996337
640	0.634920634921
640.1	0.634920634921
640.2	0.634920634921
640.3	0.634920634921
640.4	0.6336996337
640.5	0.6336996337
640.6	0.6336996337
640.7	0.6336996337
640.8	0.632478632479
640.9	0.632478632479
641	0.632478632479
641.1	0.632478632479
641.2	0.631257631258
641.3	0.632478632479
641.4	0.632478632479
641.5	0.631257631258
641.6	0.632478632479
641.7	0.632478632479
641.8	0.632478632479
641.9	0.632478632479
642	0.632478632479
642.1	0.632478632479
642.2	0.631257631258
642.3	0.631257631258
642.4	0.631257631258
642.5	0.630036630037
642.6	0.631257631258
642.7	0.630036630037
642.8	0.631257631258
642.9	0.628815628816
643	0.628815628816
643.1	0.628815628816
643.2	0.630036630037
643.3	0.630036630037
643.4	0.628815628816
643.5	0.627594627595
643.6	0.627594627595
643.7	0.630036630037
643.8	0.628815628816
643.9	0.628815628816
644	0.628815628816
644.1	0.627594627595
644.2	0.628815628816
644.3	0.628815628816
644.4	0.628815628816
644.5	0.630036630037
644.6	0.627594627595
644.7	0.626373626374
644.8	0.625152625153
644.9	0.627594627595
645	0.626373626374
645.1	0.627594627595
645.2	0.627594627595
645.3	0.625152625153
645.4	0.626373626374
645.5	0.626373626374
645.6	0.625152625153
645.7	0.626373626374
645.8	0.626373626374
645.9	0.625152625153
646	0.625152625153
646.1	0.626373626374
646.2	0.625152625153
646.3	0.625152625153
646.4	0.625152625153
646.5	0.625152625153
646.6	0.625152625153
646.7	0.625152625153
646.8	0.625152625153
646.9	0.625152625153
647	0.625152625153
647.1	0.625152625153
647.2	0.625152625153
647.3	0.625152625153
647.4	0.620268620269
647.5	0.625152625153
647.6	0.625152625153
647.7	0.62148962149
647.8	0.625152625153
647.9	0.62148962149
648	0.625152625153
648.1	0.62148962149
648.2	0.62148962149
648.3	0.62148962149
648.4	0.62148962149
648.5	0.620268620269
648.6	0.62148962149
648.7	0.62148962149
648.8	0.62148962149
648.9	0.62148962149
649	0.620268620269
649.1	0.620268620269
649.2	0.62148962149
649.3	0.62148962149
649.4	0.62148962149
649.5	0.620268620269
649.6	0.62148962149
649.7	0.619047619048
649.8	0.620268620269
649.9	0.620268620269
650	0.620268620269
650.1	0.620268620269
650.2	0.620268620269
650.3	0.620268620269
650.4	0.619047619048
650.5	0.619047619048
650.6	0.620268620269
650.7	0.620268620269
650.8	0.62148962149
650.9	0.619047619048
651	0.617826617827
651.1	0.619047619048
651.2	0.620268620269
651.3	0.617826617827
651.4	0.617826617827
651.5	0.617826617827
651.6	0.617826617827
651.7	0.617826617827
651.8	0.617826617827
651.9	0.616605616606
652	0.617826617827
652.1	0.619047619048
652.2	0.619047619048
652.3	0.619047619048
652.4	0.617826617827
652.5	0.617826617827
652.6	0.617826617827
652.7	0.617826617827
652.8	0.616605616606
652.9	0.617826617827
653	0.617826617827
653.1	0.616605616606
653.2	0.617826617827
653.3	0.617826617827
653.4	0.616605616606
653.5	0.616605616606
653.6	0.616605616606
653.7	0.617826617827
653.8	0.615384615385
653.9	0.616605616606
654	0.617826617827
654.1	0.616605616606
654.2	0.616605616606
654.3	0.615384615385
654.4	0.615384615385
654.5	0.616605616606
654.6	0.615384615385
654.7	0.616605616606
654.8	0.615384615385
654.9	0.615384615385
655	0.615384615385
655.1	0.615384615385
655.2	0.615384615385
655.3	0.615384615385
655.4	0.614163614164
655.5	0.614163614164
655.6	0.614163614164
655.7	0.615384615385
655.8	0.614163614164
655.9	0.614163614164
656	0.615384615385
656.1	0.615384615385
656.2	0.614163614164
656.3	0.614163614164
656.4	0.615384615385
656.5	0.614163614164
656.6	0.614163614164
656.7	0.614163614164
656.8	0.614163614164
656.9	0.612942612943
657	0.614163614164
657.1	0.614163614164
657.2	0.614163614164
657.3	0.614163614164
657.4	0.612942612943
657.5	0.614163614164
657.6	0.612942612943
657.7	0.614163614164
657.8	0.612942612943
657.9	0.612942612943
658	0.614163614164
658.1	0.612942612943
658.2	0.614163614164
658.3	0.612942612943
658.4	0.614163614164
658.5	0.612942612943
658.6	0.612942612943
658.7	0.612942612943
658.8	0.612942612943
658.9	0.610500610501
659	0.611721611722
659.1	0.612942612943
659.2	0.611721611722
659.3	0.611721611722
659.4	0.611721611722
659.5	0.612942612943
659.6	0.611721611722
659.7	0.612942612943
659.8	0.612942612943
659.9	0.611721611722
660	0.611721611722
660.1	0.611721611722
660.2	0.610500610501
660.3	0.614163614164
660.4	0.611721611722
660.5	0.611721611722
660.6	0.611721611722
660.7	0.611721611722
660.8	0.611721611722
660.9	0.611721611722
661	0.611721611722
661.1	0.610500610501
661.2	0.610500610501
661.3	0.610500610501
661.4	0.610500610501
661.5	0.610500610501
661.6	0.611721611722
661.7	0.610500610501
661.8	0.610500610501
661.9	0.610500610501
662	0.610500610501
662.1	0.610500610501
662.2	0.610500610501
662.3	0.610500610501
662.4	0.60927960928
662.5	0.610500610501
662.6	0.610500610501
662.7	0.610500610501
662.8	0.610500610501
662.9	0.60927960928
663	0.610500610501
663.1	0.610500610501
663.2	0.610500610501
663.3	0.610500610501
663.4	0.610500610501
663.5	0.60927960928
663.6	0.610500610501
663.7	0.610500610501
663.8	0.60927960928
663.9	0.60927960928
664	0.60927960928
664.1	0.610500610501
664.2	0.60927960928
664.3	0.60927960928
664.4	0.608058608059
664.5	0.60927960928
664.6	0.60927960928
664.7	0.60927960928
664.8	0.60927960928
664.9	0.60927960928
665	0.60927960928
665.1	0.608058608059
665.2	0.60927960928
665.3	0.610500610501
665.4	0.610500610501
665.5	0.608058608059
665.6	0.60927960928
665.7	0.608058608059
665.8	0.608058608059
665.9	0.608058608059
666	0.608058608059
666.1	0.608058608059
666.2	0.608058608059
666.3	0.608058608059
666.4	0.608058608059
666.5	0.608058608059
666.6	0.606837606838
666.7	0.608058608059
666.8	0.608058608059
666.9	0.608058608059
667	0.608058608059
667.1	0.608058608059
667.2	0.608058608059
667.3	0.608058608059
667.4	0.608058608059
667.5	0.608058608059
667.6	0.606837606838
667.7	0.606837606838
667.8	0.608058608059
667.9	0.608058608059
668	0.606837606838
668.1	0.606837606838
668.2	0.608058608059
668.3	0.608058608059
668.4	0.606837606838
668.5	0.606837606838
668.6	0.608058608059
668.7	0.608058608059
668.8	0.606837606838
668.9	0.608058608059
669	0.608058608059
669.1	0.608058608059
669.2	0.608058608059
669.3	0.606837606838
669.4	0.605616605617
669.5	0.605616605617
669.6	0.606837606838
669.7	0.606837606838
669.8	0.605616605617
669.9	0.606837606838
670	0.605616605617
670.1	0.605616605617
670.2	0.605616605617
670.3	0.606837606838
670.4	0.606837606838
670.5	0.605616605617
670.6	0.606837606838
670.7	0.606837606838
670.8	0.606837606838
670.9	0.606837606838
671	0.605616605617
671.1	0.606837606838
671.2	0.606837606838
671.3	0.605616605617
671.4	0.605616605617
671.5	0.605616605617
671.6	0.604395604396
671.7	0.605616605617
671.8	0.605616605617
671.9	0.605616605617
672	0.605616605617
672.1	0.605616605617
672.2	0.605616605617
672.3	0.604395604396
672.4	0.606837606838
672.5	0.605616605617
672.6	0.605616605617
672.7	0.604395604396
672.8	0.605616605617
672.9	0.605616605617
673	0.605616605617
673.1	0.605616605617
673.2	0.603174603175
673.3	0.605616605617
673.4	0.604395604396
673.5	0.603174603175
673.6	0.605616605617
673.7	0.605616605617
673.8	0.604395604396
673.9	0.604395604396
674	0.605616605617
674.1	0.604395604396
674.2	0.605616605617
674.3	0.604395604396
674.4	0.604395604396
674.5	0.603174603175
674.6	0.604395604396
674.7	0.605616605617
674.8	0.604395604396
674.9	0.605616605617
675	0.605616605617
675.1	0.603174603175
675.2	0.604395604396
675.3	0.605616605617
675.4	0.605616605617
675.5	0.605616605617
675.6	0.603174603175
675.7	0.604395604396
675.8	0.604395604396
675.9	0.604395604396
676	0.605616605617
676.1	0.603174603175
676.2	0.604395604396
676.3	0.603174603175
676.4	0.603174603175
676.5	0.604395604396
676.6	0.604395604396
676.7	0.604395604396
676.8	0.605616605617
676.9	0.605616605617
677	0.604395604396
677.1	0.603174603175
677.2	0.604395604396
677.3	0.604395604396
677.4	0.604395604396
677.5	0.603174603175
677.6	0.604395604396
677.7	0.603174603175
677.8	0.603174603175
677.9	0.603174603175
678	0.603174603175
678.1	0.603174603175
678.2	0.603174603175
678.3	0.604395604396
678.4	0.603174603175
678.5	0.604395604396
678.6	0.603174603175
678.7	0.603174603175
678.8	0.604395604396
678.9	0.603174603175
679	0.603174603175
679.1	0.603174603175
679.2	0.603174603175
679.3	0.605616605617
679.4	0.601953601954
679.5	0.603174603175
679.6	0.601953601954
679.7	0.604395604396
679.8	0.601953601954
679.9	0.601953601954
680	0.603174603175
680.1	0.603174603175
680.2	0.601953601954
680.3	0.603174603175
680.4	0.603174603175
680.5	0.603174603175
680.6	0.603174603175
680.7	0.601953601954
680.8	0.601953601954
680.9	0.603174603175
681	0.603174603175
681.1	0.603174603175
681.2	0.603174603175
681.3	0.603174603175
681.4	0.601953601954
681.5	0.601953601954
681.6	0.601953601954
681.7	0.603174603175
681.8	0.601953601954
681.9	0.601953601954
682	0.603174603175
682.1	0.601953601954
682.2	0.601953601954
682.3	0.603174603175
682.4	0.603174603175
682.5	0.601953601954
682.6	0.603174603175
682.7	0.601953601954
682.8	0.601953601954
682.9	0.601953601954
683	0.601953601954
683.1	0.601953601954
683.2	0.600732600733
683.3	0.601953601954
683.4	0.601953601954
683.5	0.603174603175
683.6	0.600732600733
683.7	0.601953601954
683.8	0.603174603175
683.9	0.601953601954
684	0.601953601954
684.1	0.601953601954
684.2	0.601953601954
684.3	0.601953601954
684.4	0.601953601954
684.5	0.601953601954
684.6	0.600732600733
684.7	0.600732600733
684.8	0.601953601954
684.9	0.601953601954
685	0.601953601954
685.1	0.601953601954
685.2	0.601953601954
685.3	0.600732600733
685.4	0.600732600733
685.5	0.600732600733
685.6	0.600732600733
685.7	0.600732600733
685.8	0.600732600733
685.9	0.601953601954
686	0.601953601954
686.1	0.601953601954
686.2	0.601953601954
686.3	0.600732600733
686.4	0.601953601954
686.5	0.600732600733
686.6	0.600732600733
686.7	0.600732600733
686.8	0.601953601954
686.9	0.601953601954
687	0.600732600733
687.1	0.600732600733
687.2	0.600732600733
687.3	0.600732600733
687.4	0.600732600733
687.5	0.601953601954
687.6	0.601953601954
687.7	0.600732600733
687.8	0.601953601954
687.9	0.601953601954
688	0.601953601954
688.1	0.600732600733
688.2	0.600732600733
688.3	0.600732600733
688.4	0.600732600733
688.5	0.598290598291
688.6	0.600732600733
688.7	0.600732600733
688.8	0.600732600733
688.9	0.600732600733
689	0.600732600733
689.1	0.599511599512
689.2	0.601953601954
689.3	0.600732600733
689.4	0.600732600733
689.5	0.599511599512
689.6	0.601953601954
689.7	0.600732600733
689.8	0.601953601954
689.9	0.601953601954
690	0.599511599512
690.1	0.600732600733
690.2	0.599511599512
690.3	0.600732600733
690.4	0.601953601954
690.5	0.601953601954
690.6	0.600732600733
690.7	0.600732600733
690.8	0.599511599512
690.9	0.599511599512
691	0.600732600733
691.1	0.601953601954
691.2	0.600732600733
691.3	0.600732600733
691.4	0.600732600733
691.5	0.599511599512
691.6	0.600732600733
691.7	0.600732600733
691.8	0.600732600733
691.9	0.599511599512
692	0.600732600733
692.1	0.599511599512
692.2	0.599511599512
692.3	0.600732600733
692.4	0.600732600733
692.5	0.599511599512
692.6	0.599511599512
692.7	0.599511599512
692.8	0.599511599512
692.9	0.600732600733
693	0.599511599512
693.1	0.599511599512
693.2	0.600732600733
693.3	0.599511599512
693.4	0.598290598291
693.5	0.600732600733
693.6	0.600732600733
693.7	0.599511599512
693.8	0.599511599512
693.9	0.599511599512
694	0.599511599512
694.1	0.600732600733
694.2	0.599511599512
694.3	0.599511599512
694.4	0.600732600733
694.5	0.598290598291
694.6	0.599511599512
694.7	0.599511599512
694.8	0.599511599512
694.9	0.599511599512
695	0.599511599512
695.1	0.598290598291
695.2	0.599511599512
695.3	0.599511599512
695.4	0.600732600733
695.5	0.599511599512
695.6	0.599511599512
695.7	0.599511599512
695.8	0.599511599512
695.9	0.598290598291
696	0.598290598291
696.1	0.599511599512
696.2	0.599511599512
696.3	0.598290598291
696.4	0.600732600733
696.5	0.599511599512
696.6	0.599511599512
696.7	0.599511599512
696.8	0.598290598291
696.9	0.600732600733
697	0.599511599512
697.1	0.599511599512
697.2	0.599511599512
697.3	0.599511599512
697.4	0.598290598291
697.5	0.599511599512
697.6	0.599511599512
697.7	0.599511599512
697.8	0.598290598291
697.9	0.599511599512
698	0.600732600733
698.1	0.600732600733
698.2	0.59706959707
698.3	0.599511599512
698.4	0.599511599512
698.5	0.599511599512
698.6	0.599511599512
698.7	0.599511599512
698.8	0.599511599512
698.9	0.598290598291
699	0.599511599512
699.1	0.599511599512
699.2	0.600732600733
699.3	0.598290598291
699.4	0.598290598291
699.5	0.600732600733
699.6	0.598290598291
699.7	0.598290598291
699.8	0.598290598291
699.9	0.598290598291
700	0.598290598291
700.1	0.599511599512
700.2	0.599511599512
700.3	0.599511599512
700.4	0.598290598291
700.5	0.59706959707
700.6	0.599511599512
700.7	0.599511599512
700.8	0.599511599512
700.9	0.598290598291
701	0.598290598291
701.1	0.599511599512
701.2	0.599511599512
701.3	0.598290598291
701.4	0.598290598291
701.5	0.598290598291
701.6	0.599511599512
701.7	0.598290598291
701.8	0.598290598291
701.9	0.598290598291
702	0.599511599512
702.1	0.599511599512
702.2	0.599511599512
702.3	0.598290598291
702.4	0.599511599512
702.5	0.599511599512
702.6	0.598290598291
702.7	0.598290598291
702.8	0.599511599512
702.9	0.598290598291
703	0.599511599512
703.1	0.599511599512
703.2	0.598290598291
703.3	0.598290598291
703.4	0.599511599512
703.5	0.59706959707
703.6	0.600732600733
703.7	0.599511599512
703.8	0.598290598291
703.9	0.598290598291
704	0.598290598291
704.1	0.598290598291
704.2	0.598290598291
704.3	0.599511599512
704.4	0.599511599512
704.5	0.59706959707
704.6	0.598290598291
704.7	0.59706959707
704.8	0.598290598291
704.9	0.598290598291
705	0.598290598291
705.1	0.59706959707
705.2	0.59706959707
705.3	0.59706959707
705.4	0.59706959707
705.5	0.59706959707
705.6	0.598290598291
705.7	0.59706959707
705.8	0.598290598291
705.9	0.598290598291
706	0.598290598291
706.1	0.59706959707
706.2	0.598290598291
706.3	0.598290598291
706.4	0.598290598291
706.5	0.598290598291
706.6	0.598290598291
706.7	0.59706959707
706.8	0.59706959707
706.9	0.598290598291
707	0.59706959707
707.1	0.59706959707
707.2	0.598290598291
707.3	0.59706959707
707.4	0.598290598291
707.5	0.598290598291
707.6	0.598290598291
707.7	0.598290598291
707.8	0.59706959707
707.9	0.598290598291
708	0.59706959707
708.1	0.598290598291
708.2	0.59706959707
708.3	0.59706959707
708.4	0.59706959707
708.5	0.59706959707
708.6	0.598290598291
708.7	0.598290598291
708.8	0.599511599512
708.9	0.598290598291
709	0.59706959707
709.1	0.59706959707
709.2	0.59706959707
709.3	0.598290598291
709.4	0.598290598291
709.5	0.598290598291
709.6	0.598290598291
709.7	0.59706959707
709.8	0.59706959707
709.9	0.598290598291
710	0.598290598291
710.1	0.59706959707
710.2	0.59706959707
710.3	0.59706959707
710.4	0.59706959707
710.5	0.59706959707
710.6	0.598290598291
710.7	0.598290598291
710.8	0.598290598291
710.9	0.598290598291
711	0.59706959707
711.1	0.598290598291
711.2	0.598290598291
711.3	0.598290598291
711.4	0.59706959707
711.5	0.59706959707
711.6	0.595848595849
711.7	0.598290598291
711.8	0.598290598291
711.9	0.598290598291
712	0.598290598291
712.1	0.59706959707
712.2	0.59706959707
712.3	0.598290598291
712.4	0.59706959707
712.5	0.59706959707
712.6	0.59706959707
712.7	0.59706959707
712.8	0.595848595849
712.9	0.59706959707
713	0.59706959707
713.1	0.59706959707
713.2	0.59706959707
713.3	0.59706959707
713.4	0.59706959707
713.5	0.59706959707
713.6	0.595848595849
713.7	0.59706959707
713.8	0.59706959707
713.9	0.59706959707
714	0.59706959707
714.1	0.595848595849
714.2	0.59706959707
714.3	0.598290598291
714.4	0.59706959707
714.5	0.595848595849
714.6	0.595848595849
714.7	0.59706959707
714.8	0.598290598291
714.9	0.59706959707
715	0.59706959707
715.1	0.595848595849
715.2	0.595848595849
715.3	0.59706959707
715.4	0.59706959707
715.5	0.59706959707
715.6	0.59706959707
715.7	0.595848595849
715.8	0.593406593407
715.9	0.59706959707
716	0.595848595849
716.1	0.59706959707
716.2	0.59706959707
716.3	0.59706959707
716.4	0.59706959707
716.5	0.59706959707
716.6	0.59706959707
716.7	0.59706959707
716.8	0.598290598291
716.9	0.59706959707
717	0.595848595849
717.1	0.59706959707
717.2	0.59706959707
717.3	0.595848595849
717.4	0.59706959707
717.5	0.59706959707
717.6	0.59706959707
717.7	0.595848595849
717.8	0.59706959707
717.9	0.59706959707
718	0.59706959707
718.1	0.59706959707
718.2	0.595848595849
718.3	0.59706959707
718.4	0.59706959707
718.5	0.598290598291
718.6	0.59706959707
718.7	0.598290598291
718.8	0.59706959707
718.9	0.59706959707
719	0.59706959707
719.1	0.595848595849
719.2	0.595848595849
719.3	0.595848595849
719.4	0.595848595849
719.5	0.59706959707
719.6	0.595848595849
719.7	0.59706959707
719.8	0.595848595849
719.9	0.59706959707
720	0.595848595849
720.1	0.59706959707
720.2	0.595848595849
720.3	0.595848595849
720.4	0.59706959707
720.5	0.595848595849
720.6	0.59706959707
720.7	0.598290598291
720.8	0.59706959707
720.9	0.595848595849
721	0.59706959707
721.1	0.598290598291
721.2	0.595848595849
721.3	0.59706959707
721.4	0.595848595849
721.5	0.595848595849
721.6	0.595848595849
721.7	0.595848595849
721.8	0.59706959707
721.9	0.59706959707
722	0.59706959707
722.1	0.595848595849
722.2	0.59706959707
722.3	0.59706959707
722.4	0.59706959707
722.5	0.595848595849
722.6	0.595848595849
722.7	0.595848595849
722.8	0.598290598291
722.9	0.59706959707
723	0.59706959707
723.1	0.59706959707
723.2	0.595848595849
723.3	0.595848595849
723.4	0.595848595849
723.5	0.59706959707
723.6	0.595848595849
723.7	0.59706959707
723.8	0.59706959707
723.9	0.59706959707
724	0.59706959707
724.1	0.595848595849
724.2	0.595848595849
724.3	0.595848595849
724.4	0.594627594628
724.5	0.595848595849
724.6	0.595848595849
724.7	0.594627594628
724.8	0.595848595849
724.9	0.59706959707
725	0.59706959707
725.1	0.59706959707
725.2	0.595848595849
725.3	0.595848595849
725.4	0.59706959707
725.5	0.595848595849
725.6	0.595848595849
725.7	0.595848595849
725.8	0.595848595849
725.9	0.595848595849
726	0.595848595849
726.1	0.595848595849
726.2	0.595848595849
726.3	0.595848595849
726.4	0.595848595849
726.5	0.595848595849
726.6	0.595848595849
726.7	0.594627594628
726.8	0.595848595849
726.9	0.595848595849
727	0.595848595849
727.1	0.595848595849
727.2	0.595848595849
727.3	0.595848595849
727.4	0.595848595849
727.5	0.593406593407
727.6	0.595848595849
727.7	0.595848595849
727.8	0.595848595849
727.9	0.595848595849
728	0.595848595849
728.1	0.59706959707
728.2	0.595848595849
728.3	0.595848595849
728.4	0.595848595849
728.5	0.59706959707
728.6	0.595848595849
728.7	0.59706959707
728.8	0.595848595849
728.9	0.595848595849
729	0.595848595849
729.1	0.595848595849
729.2	0.595848595849
729.3	0.59706959707
729.4	0.595848595849
729.5	0.595848595849
729.6	0.595848595849
729.7	0.595848595849
729.8	0.593406593407
729.9	0.594627594628
730	0.594627594628
730.1	0.595848595849
730.2	0.594627594628
730.3	0.595848595849
730.4	0.595848595849
730.5	0.594627594628
730.6	0.595848595849
730.7	0.594627594628
730.8	0.595848595849
730.9	0.595848595849
731	0.595848595849
731.1	0.595848595849
731.2	0.595848595849
731.3	0.595848595849
731.4	0.595848595849
731.5	0.595848595849
731.6	0.595848595849
731.7	0.594627594628
731.8	0.595848595849
731.9	0.593406593407
732	0.595848595849
732.1	0.595848595849
732.2	0.595848595849
732.3	0.594627594628
732.4	0.595848595849
732.5	0.594627594628
732.6	0.595848595849
732.7	0.595848595849
732.8	0.595848595849
732.9	0.595848595849
733	0.595848595849
733.1	0.594627594628
733.2	0.595848595849
733.3	0.593406593407
733.4	0.595848595849
733.5	0.595848595849
733.6	0.595848595849
733.7	0.595848595849
733.8	0.595848595849
733.9	0.595848595849
734	0.594627594628
734.1	0.594627594628
734.2	0.594627594628
734.3	0.595848595849
734.4	0.595848595849
734.5	0.594627594628
734.6	0.595848595849
734.7	0.594627594628
734.8	0.594627594628
734.9	0.594627594628
735	0.594627594628
735.1	0.594627594628
735.2	0.594627594628
735.3	0.593406593407
735.4	0.594627594628
735.5	0.594627594628
735.6	0.594627594628
735.7	0.594627594628
735.8	0.594627594628
735.9	0.594627594628
736	0.594627594628
736.1	0.595848595849
736.2	0.594627594628
736.3	0.595848595849
736.4	0.594627594628
736.5	0.595848595849
736.6	0.594627594628
736.7	0.595848595849
736.8	0.595848595849
736.9	0.594627594628
737	0.593406593407
737.1	0.593406593407
737.2	0.594627594628
737.3	0.595848595849
737.4	0.594627594628
737.5	0.595848595849
737.6	0.594627594628
737.7	0.595848595849
737.8	0.594627594628
737.9	0.594627594628
738	0.595848595849
738.1	0.595848595849
738.2	0.593406593407
738.3	0.594627594628
738.4	0.594627594628
738.5	0.594627594628
738.6	0.595848595849
738.7	0.594627594628
738.8	0.595848595849
738.9	0.594627594628
739	0.595848595849
739.1	0.594627594628
739.2	0.594627594628
739.3	0.594627594628
739.4	0.594627594628
739.5	0.593406593407
739.6	0.595848595849
739.7	0.59706959707
739.8	0.595848595849
739.9	0.594627594628
740	0.593406593407
740.1	0.594627594628
740.2	0.594627594628
740.3	0.594627594628
740.4	0.593406593407
740.5	0.595848595849
740.6	0.594627594628
740.7	0.595848595849
740.8	0.595848595849
740.9	0.594627594628
741	0.593406593407
741.1	0.594627594628
741.2	0.593406593407
741.3	0.594627594628
741.4	0.595848595849
741.5	0.594627594628
741.6	0.594627594628
741.7	0.594627594628
741.8	0.594627594628
741.9	0.593406593407
742	0.593406593407
742.1	0.595848595849
742.2	0.594627594628
742.3	0.594627594628
742.4	0.594627594628
742.5	0.593406593407
742.6	0.593406593407
742.7	0.594627594628
742.8	0.594627594628
742.9	0.593406593407
743	0.594627594628
743.1	0.593406593407
743.2	0.593406593407
743.3	0.594627594628
743.4	0.595848595849
743.5	0.593406593407
743.6	0.594627594628
743.7	0.594627594628
743.8	0.595848595849
743.9	0.593406593407
744	0.593406593407
744.1	0.594627594628
744.2	0.594627594628
744.3	0.594627594628
744.4	0.593406593407
744.5	0.594627594628
744.6	0.594627594628
744.7	0.593406593407
744.8	0.593406593407
744.9	0.593406593407
745	0.593406593407
745.1	0.595848595849
745.2	0.594627594628
745.3	0.594627594628
745.4	0.593406593407
745.5	0.595848595849
745.6	0.595848595849
745.7	0.594627594628
745.8	0.594627594628
745.9	0.593406593407
746	0.593406593407
746.1	0.594627594628
746.2	0.593406593407
746.3	0.593406593407
746.4	0.594627594628
746.5	0.592185592186
746.6	0.594627594628
746.7	0.593406593407
746.8	0.594627594628
746.9	0.594627594628
747	0.593406593407
747.1	0.594627594628
747.2	0.594627594628
747.3	0.593406593407
747.4	0.593406593407
747.5	0.594627594628
747.6	0.593406593407
747.7	0.593406593407
747.8	0.594627594628
747.9	0.593406593407
748	0.594627594628
748.1	0.595848595849
748.2	0.595848595849
748.3	0.594627594628
748.4	0.593406593407
748.5	0.593406593407
748.6	0.595848595849
748.7	0.595848595849
748.8	0.595848595849
748.9	0.593406593407
749	0.594627594628
749.1	0.593406593407
749.2	0.594627594628
749.3	0.593406593407
749.4	0.593406593407
749.5	0.593406593407
749.6	0.593406593407
749.7	0.593406593407
749.8	0.593406593407
749.9	0.593406593407
750	0.593406593407
750.1	0.593406593407
750.2	0.594627594628
750.3	0.593406593407
750.4	0.593406593407
750.5	0.593406593407
750.6	0.594627594628
750.7	0.593406593407
750.8	0.593406593407
750.9	0.593406593407
751	0.593406593407
751.1	0.593406593407
751.2	0.593406593407
751.3	0.594627594628
751.4	0.594627594628
751.5	0.593406593407
751.6	0.593406593407
751.7	0.594627594628
751.8	0.593406593407
751.9	0.593406593407
752	0.593406593407
752.1	0.592185592186
752.2	0.593406593407
752.3	0.593406593407
752.4	0.593406593407
752.5	0.593406593407
752.6	0.594627594628
752.7	0.593406593407
752.8	0.594627594628
752.9	0.593406593407
753	0.593406593407
753.1	0.593406593407
753.2	0.592185592186
753.3	0.592185592186
753.4	0.592185592186
753.5	0.593406593407
753.6	0.592185592186
753.7	0.593406593407
753.8	0.593406593407
753.9	0.593406593407
754	0.593406593407
754.1	0.593406593407
754.2	0.593406593407
754.3	0.593406593407
754.4	0.593406593407
754.5	0.593406593407
754.6	0.592185592186
754.7	0.593406593407
754.8	0.593406593407
754.9	0.593406593407
755	0.593406593407
755.1	0.593406593407
755.2	0.592185592186
755.3	0.594627594628
755.4	0.592185592186
755.5	0.592185592186
755.6	0.592185592186
755.7	0.592185592186
755.8	0.592185592186
755.9	0.593406593407
756	0.593406593407
756.1	0.594627594628
756.2	0.593406593407
756.3	0.593406593407
756.4	0.593406593407
756.5	0.593406593407
756.6	0.593406593407
756.7	0.593406593407
756.8	0.593406593407
756.9	0.593406593407
757	0.593406593407
757.1	0.593406593407
757.2	0.593406593407
757.3	0.593406593407
757.4	0.593406593407
757.5	0.593406593407
757.6	0.593406593407
757.7	0.593406593407
757.8	0.592185592186
757.9	0.593406593407
758	0.592185592186
758.1	0.594627594628
758.2	0.593406593407
758.3	0.593406593407
758.4	0.592185592186
758.5	0.592185592186
758.6	0.593406593407
758.7	0.593406593407
758.8	0.593406593407
758.9	0.592185592186
759	0.593406593407
759.1	0.593406593407
759.2	0.593406593407
759.3	0.592185592186
759.4	0.593406593407
759.5	0.593406593407
759.6	0.592185592186
759.7	0.592185592186
759.8	0.593406593407
759.9	0.593406593407
760	0.593406593407
760.1	0.592185592186
760.2	0.593406593407
760.3	0.593406593407
760.4	0.592185592186
760.5	0.592185592186
760.6	0.592185592186
760.7	0.593406593407
760.8	0.593406593407
760.9	0.592185592186
761	0.592185592186
761.1	0.593406593407
761.2	0.593406593407
761.3	0.592185592186
761.4	0.592185592186
761.5	0.593406593407
761.6	0.592185592186
761.7	0.593406593407
761.8	0.593406593407
761.9	0.593406593407
762	0.592185592186
762.1	0.593406593407
762.2	0.592185592186
762.3	0.592185592186
762.4	0.593406593407
762.5	0.593406593407
762.6	0.593406593407
762.7	0.592185592186
762.8	0.592185592186
762.9	0.592185592186
763	0.592185592186
763.1	0.592185592186
763.2	0.592185592186
763.3	0.593406593407
763.4	0.593406593407
763.5	0.593406593407
763.6	0.593406593407
763.7	0.592185592186
763.8	0.593406593407
763.9	0.592185592186
764	0.593406593407
764.1	0.593406593407
764.2	0.593406593407
764.3	0.593406593407
764.4	0.592185592186
764.5	0.593406593407
764.6	0.592185592186
764.7	0.592185592186
764.8	0.593406593407
764.9	0.592185592186
765	0.592185592186
765.1	0.593406593407
765.2	0.592185592186
765.3	0.592185592186
765.4	0.593406593407
765.5	0.592185592186
765.6	0.592185592186
765.7	0.593406593407
765.8	0.592185592186
765.9	0.593406593407
766	0.593406593407
766.1	0.592185592186
766.2	0.592185592186
766.3	0.592185592186
766.4	0.592185592186
766.5	0.592185592186
766.6	0.592185592186
766.7	0.592185592186
766.8	0.589743589744
766.9	0.592185592186
767	0.593406593407
767.1	0.592185592186
767.2	0.593406593407
767.3	0.592185592186
767.4	0.593406593407
767.5	0.593406593407
767.6	0.592185592186
767.7	0.592185592186
767.8	0.590964590965
767.9	0.592185592186
768	0.593406593407
768.1	0.592185592186
768.2	0.593406593407
768.3	0.592185592186
768.4	0.592185592186
768.5	0.593406593407
768.6	0.592185592186
768.7	0.590964590965
768.8	0.592185592186
768.9	0.592185592186
769	0.592185592186
769.1	0.592185592186
769.2	0.592185592186
769.3	0.592185592186
769.4	0.593406593407
769.5	0.590964590965
769.6	0.592185592186
769.7	0.592185592186
769.8	0.592185592186
769.9	0.593406593407
770	0.593406593407
770.1	0.593406593407
770.2	0.592185592186
770.3	0.592185592186
770.4	0.592185592186
770.5	0.592185592186
770.6	0.593406593407
770.7	0.592185592186
770.8	0.592185592186
770.9	0.590964590965
771	0.592185592186
771.1	0.592185592186
771.2	0.592185592186
771.3	0.593406593407
771.4	0.592185592186
771.5	0.592185592186
771.6	0.592185592186
771.7	0.590964590965
771.8	0.592185592186
771.9	0.592185592186
772	0.592185592186
772.1	0.592185592186
772.2	0.592185592186
772.3	0.590964590965
772.4	0.592185592186
772.5	0.592185592186
772.6	0.590964590965
772.7	0.592185592186
772.8	0.590964590965
772.9	0.592185592186
773	0.592185592186
773.1	0.592185592186
773.2	0.592185592186
773.3	0.592185592186
773.4	0.592185592186
773.5	0.592185592186
773.6	0.592185592186
773.7	0.592185592186
773.8	0.592185592186
773.9	0.592185592186
774	0.592185592186
774.1	0.592185592186
774.2	0.593406593407
774.3	0.593406593407
774.4	0.592185592186
774.5	0.592185592186
774.6	0.592185592186
774.7	0.590964590965
774.8	0.590964590965
774.9	0.592185592186
775	0.590964590965
775.1	0.592185592186
775.2	0.592185592186
775.3	0.590964590965
775.4	0.590964590965
775.5	0.592185592186
775.6	0.592185592186
775.7	0.592185592186
775.8	0.590964590965
775.9	0.590964590965
776	0.590964590965
776.1	0.592185592186
776.2	0.590964590965
776.3	0.592185592186
776.4	0.592185592186
776.5	0.590964590965
776.6	0.592185592186
776.7	0.592185592186
776.8	0.592185592186
776.9	0.592185592186
777	0.590964590965
777.1	0.592185592186
777.2	0.592185592186
777.3	0.590964590965
777.4	0.592185592186
777.5	0.592185592186
777.6	0.592185592186
777.7	0.592185592186
777.8	0.592185592186
777.9	0.592185592186
778	0.592185592186
778.1	0.592185592186
778.2	0.590964590965
778.3	0.592185592186
778.4	0.592185592186
778.5	0.592185592186
778.6	0.592185592186
778.7	0.590964590965
778.8	0.590964590965
778.9	0.592185592186
779	0.592185592186
779.1	0.592185592186
779.2	0.592185592186
779.3	0.592185592186
779.4	0.592185592186
779.5	0.592185592186
779.6	0.590964590965
779.7	0.590964590965
779.8	0.590964590965
779.9	0.592185592186
780	0.590964590965
780.1	0.592185592186
780.2	0.592185592186
780.3	0.592185592186
780.4	0.590964590965
780.5	0.592185592186
780.6	0.590964590965
780.7	0.592185592186
780.8	0.592185592186
780.9	0.592185592186
781	0.592185592186
781.1	0.590964590965
781.2	0.590964590965
781.3	0.592185592186
781.4	0.592185592186
781.5	0.592185592186
781.6	0.590964590965
781.7	0.590964590965
781.8	0.590964590965
781.9	0.590964590965
782	0.590964590965
782.1	0.590964590965
782.2	0.592185592186
782.3	0.592185592186
782.4	0.590964590965
782.5	0.589743589744
782.6	0.592185592186
782.7	0.590964590965
782.8	0.590964590965
782.9	0.590964590965
783	0.590964590965
783.1	0.590964590965
783.2	0.590964590965
783.3	0.592185592186
783.4	0.592185592186
783.5	0.590964590965
783.6	0.589743589744
783.7	0.590964590965
783.8	0.592185592186
783.9	0.590964590965
784	0.590964590965
784.1	0.592185592186
784.2	0.590964590965
784.3	0.592185592186
784.4	0.592185592186
784.5	0.590964590965
784.6	0.592185592186
784.7	0.590964590965
784.8	0.592185592186
784.9	0.590964590965
785	0.590964590965
785.1	0.590964590965
785.2	0.590964590965
785.3	0.590964590965
785.4	0.590964590965
785.5	0.590964590965
785.6	0.592185592186
785.7	0.592185592186
785.8	0.590964590965
785.9	0.592185592186
786	0.590964590965
786.1	0.592185592186
786.2	0.590964590965
786.3	0.590964590965
786.4	0.590964590965
786.5	0.592185592186
786.6	0.589743589744
786.7	0.590964590965
786.8	0.590964590965
786.9	0.590964590965
787	0.590964590965
787.1	0.592185592186
787.2	0.592185592186
787.3	0.592185592186
787.4	0.592185592186
787.5	0.590964590965
787.6	0.589743589744
787.7	0.590964590965
787.8	0.592185592186
787.9	0.592185592186
788	0.589743589744
788.1	0.589743589744
788.2	0.590964590965
788.3	0.590964590965
788.4	0.592185592186
788.5	0.590964590965
788.6	0.589743589744
788.7	0.590964590965
788.8	0.592185592186
788.9	0.590964590965
789	0.590964590965
789.1	0.590964590965
789.2	0.592185592186
789.3	0.590964590965
789.4	0.590964590965
789.5	0.590964590965
789.6	0.592185592186
789.7	0.590964590965
789.8	0.590964590965
789.9	0.592185592186
790	0.590964590965
790.1	0.590964590965
790.2	0.589743589744
790.3	0.592185592186
790.4	0.589743589744
790.5	0.590964590965
790.6	0.590964590965
790.7	0.592185592186
790.8	0.590964590965
790.9	0.590964590965
791	0.592185592186
791.1	0.590964590965
791.2	0.590964590965
791.3	0.589743589744
791.4	0.590964590965
791.5	0.589743589744
791.6	0.590964590965
791.7	0.590964590965
791.8	0.588522588523
791.9	0.590964590965
792	0.592185592186
792.1	0.590964590965
792.2	0.590964590965
792.3	0.590964590965
792.4	0.592185592186
792.5	0.590964590965
792.6	0.590964590965
792.7	0.590964590965
792.8	0.590964590965
792.9	0.592185592186
793	0.592185592186
793.1	0.589743589744
793.2	0.589743589744
793.3	0.589743589744
793.4	0.590964590965
793.5	0.590964590965
793.6	0.589743589744
793.7	0.592185592186
793.8	0.590964590965
793.9	0.590964590965
794	0.592185592186
794.1	0.590964590965
794.2	0.589743589744
794.3	0.588522588523
794.4	0.590964590965
794.5	0.589743589744
794.6	0.590964590965
794.7	0.590964590965
794.8	0.592185592186
794.9	0.590964590965
795	0.590964590965
795.1	0.589743589744
795.2	0.589743589744
795.3	0.590964590965
795.4	0.590964590965
795.5	0.590964590965
795.6	0.589743589744
795.7	0.590964590965
795.8	0.588522588523
795.9	0.590964590965
796	0.590964590965
796.1	0.590964590965
796.2	0.590964590965
796.3	0.592185592186
796.4	0.589743589744
796.5	0.590964590965
796.6	0.590964590965
796.7	0.589743589744
796.8	0.589743589744
796.9	0.590964590965
797	0.590964590965
797.1	0.590964590965
797.2	0.589743589744
797.3	0.590964590965
797.4	0.590964590965
797.5	0.589743589744
797.6	0.590964590965
797.7	0.589743589744
797.8	0.590964590965
797.9	0.589743589744
798	0.589743589744
798.1	0.590964590965
798.2	0.590964590965
798.3	0.590964590965
798.4	0.590964590965
798.5	0.589743589744
798.6	0.590964590965
798.7	0.590964590965
798.8	0.590964590965
798.9	0.590964590965
799	0.589743589744
799.1	0.589743589744
799.2	0.589743589744
799.3	0.589743589744
799.4	0.590964590965
799.5	0.589743589744
799.6	0.590964590965
799.7	0.589743589744
799.8	0.590964590965
799.9	0.589743589744
800	0.590964590965
800.1	0.588522588523
800.2	0.590964590965
800.3	0.590964590965
800.4	0.590964590965
800.5	0.590964590965
800.6	0.590964590965
800.7	0.590964590965
800.8	0.589743589744
800.9	0.590964590965
801	0.590964590965
801.1	0.590964590965
801.2	0.589743589744
801.3	0.589743589744
801.4	0.590964590965
801.5	0.590964590965
801.6	0.590964590965
801.7	0.590964590965
801.8	0.589743589744
801.9	0.589743589744
802	0.589743589744
802.1	0.590964590965
802.2	0.590964590965
802.3	0.589743589744
802.4	0.590964590965
802.5	0.589743589744
802.6	0.589743589744
802.7	0.589743589744
802.8	0.589743589744
802.9	0.590964590965
803	0.590964590965
803.1	0.588522588523
803.2	0.590964590965
803.3	0.589743589744
803.4	0.588522588523
803.5	0.589743589744
803.6	0.590964590965
803.7	0.589743589744
803.8	0.589743589744
803.9	0.590964590965
804	0.589743589744
804.1	0.589743589744
804.2	0.589743589744
804.3	0.589743589744
804.4	0.589743589744
804.5	0.590964590965
804.6	0.589743589744
804.7	0.589743589744
804.8	0.589743589744
804.9	0.590964590965
805	0.589743589744
805.1	0.590964590965
805.2	0.589743589744
805.3	0.590964590965
805.4	0.589743589744
805.5	0.590964590965
805.6	0.589743589744
805.7	0.589743589744
805.8	0.589743589744
805.9	0.589743589744
806	0.590964590965
806.1	0.589743589744
806.2	0.590964590965
806.3	0.589743589744
806.4	0.588522588523
806.5	0.589743589744
806.6	0.589743589744
806.7	0.589743589744
806.8	0.590964590965
806.9	0.589743589744
807	0.590964590965
807.1	0.589743589744
807.2	0.589743589744
807.3	0.590964590965
807.4	0.589743589744
807.5	0.589743589744
807.6	0.589743589744
807.7	0.590964590965
807.8	0.589743589744
807.9	0.588522588523
808	0.589743589744
808.1	0.590964590965
808.2	0.589743589744
808.3	0.589743589744
808.4	0.589743589744
808.5	0.589743589744
808.6	0.589743589744
808.7	0.589743589744
808.8	0.589743589744
808.9	0.589743589744
809	0.590964590965
809.1	0.589743589744
809.2	0.590964590965
809.3	0.590964590965
809.4	0.588522588523
809.5	0.590964590965
809.6	0.589743589744
809.7	0.589743589744
809.8	0.589743589744
809.9	0.589743589744
810	0.590964590965
810.1	0.589743589744
810.2	0.588522588523
810.3	0.590964590965
810.4	0.589743589744
810.5	0.590964590965
810.6	0.590964590965
810.7	0.590964590965
810.8	0.589743589744
810.9	0.589743589744
811	0.589743589744
811.1	0.589743589744
811.2	0.589743589744
811.3	0.589743589744
811.4	0.588522588523
811.5	0.589743589744
811.6	0.589743589744
811.7	0.589743589744
811.8	0.589743589744
811.9	0.588522588523
812	0.589743589744
812.1	0.589743589744
812.2	0.589743589744
812.3	0.589743589744
812.4	0.588522588523
812.5	0.588522588523
812.6	0.590964590965
812.7	0.588522588523
812.8	0.589743589744
812.9	0.588522588523
813	0.588522588523
813.1	0.589743589744
813.2	0.590964590965
813.3	0.589743589744
813.4	0.589743589744
813.5	0.588522588523
813.6	0.589743589744
813.7	0.588522588523
813.8	0.589743589744
813.9	0.588522588523
814	0.588522588523
814.1	0.589743589744
814.2	0.589743589744
814.3	0.589743589744
814.4	0.590964590965
814.5	0.589743589744
814.6	0.588522588523
814.7	0.588522588523
814.8	0.589743589744
814.9	0.589743589744
815	0.589743589744
815.1	0.588522588523
815.2	0.588522588523
815.3	0.588522588523
815.4	0.589743589744
815.5	0.589743589744
815.6	0.589743589744
815.7	0.590964590965
815.8	0.589743589744
815.9	0.589743589744
816	0.589743589744
816.1	0.588522588523
816.2	0.588522588523
816.3	0.588522588523
816.4	0.589743589744
816.5	0.588522588523
816.6	0.588522588523
816.7	0.588522588523
816.8	0.589743589744
816.9	0.589743589744
817	0.588522588523
817.1	0.588522588523
817.2	0.589743589744
817.3	0.589743589744
817.4	0.589743589744
817.5	0.588522588523
817.6	0.588522588523
817.7	0.588522588523
817.8	0.589743589744
817.9	0.589743589744
818	0.589743589744
818.1	0.589743589744
818.2	0.588522588523
818.3	0.588522588523
818.4	0.588522588523
818.5	0.588522588523
818.6	0.589743589744
818.7	0.589743589744
818.8	0.589743589744
818.9	0.589743589744
819	0.589743589744
819.1	0.589743589744
819.2	0.589743589744
819.3	0.589743589744
819.4	0.588522588523
819.5	0.590964590965
819.6	0.588522588523
819.7	0.588522588523
819.8	0.588522588523
819.9	0.588522588523
820	0.589743589744
820.1	0.589743589744
820.2	0.589743589744
820.3	0.589743589744
820.4	0.590964590965
820.5	0.589743589744
820.6	0.588522588523
820.7	0.589743589744
820.8	0.588522588523
820.9	0.589743589744
821	0.589743589744
