
Maestro spectrum printed on 8/25/2026 at 3:49:39 PM
>IU-FLKWC14 Model 928 SN 26005143                                                
    0:          0         0         0         0         0         0         0
    7:          0         0         0         0         0         0         0
   14:          0         0         0         0         0         0         0
   21:          0         0         0         0         0         0         0
   28:          0         0         0         0         0         0         0
   35:          1         0         0         0         0         0         0
   42:          0         0         0         0         0         0         0
   49:          0         0         0         1         0         0         0
   56:          0         0         0         0         0         0         0
   63:          0         0         0         0         0         0         0
   70:          0         0         0         0         0         0         0
   77:          0         0         0         0         0         0         0
   84:          0         0         0         0         0         0         0
   91:          0         0         0         0         0         0         0
   98:          0         0         0         0         0         0         0
  105:          0         0         0         0         1         0         0
  112:          2         0         0         0         0         0         0
  119:          0         0         0         0         0         1         0
  126:          0         1         0         2         0         0         0
  133:          0         0         1         0         0         0         0
  140:          0         2         0         0         0         1         1
  147:          0         0         0         2         2         0         0
  154:          0         0         1         0         0         0         1
  161:          1         4         2         3         1         1         1
  168:          1         0         1         1         2         2         2
  175:          0         0         2         2         0         3         0
  182:          1         1         0         3         3         3         1
  189:          0         1         0         1         2         4         2
  196:          3         6         4         1         3         1         3
  203:          3         5         4         2         3         2         1
  210:          3         2         1         2         0         3         2
  217:          6         3         5         8         5         3        13
  224:         18        52       112       105       102        94       100
  231:         97       116       103       116        96       103       109
  238:         88        90       116       101        96       112       103
  245:        117        94       103       102       106       102       115
  252:        110        88        94       103        95       109       128
  259:        126       120       114       105       121       112       103
  266:        126       119       112       121        98       102       113
  273:        102       103       108       114        88       119       104
  280:        124       106       112        84       123       112       107
  287:        109        97        90        96       111        90       107
  294:        114        94        83       108       123        96       113
  301:        118       108       123       101       116       104       109
  308:        107        94       116       104       116        99       116
  315:        102        92       105       104       105       110        97
  322:         90       105       125       111       113       108       106
  329:        114       125       118       117       106       117       104
  336:        120       110       108       104       116       121       122
  343:        109       115       119       110       116       118        98
  350:        145       127       112       101        90       114        92
  357:         97       102       114       111       106       122        99
  364:         97       113       106       108       121       119       116
  371:        115       114       102       108       120       124       105
  378:        101       116       117       101       114       118       109
  385:        106       122       123       107       104        93       104
  392:        112       108        98       102       106       115        99
  399:        102        92       111       102       113       110       104
  406:        116       115       101       109       120       140        89
  413:         99       117       108        95       101       114       108
  420:        104       105       116       105       109       103       113
  427:         98       117       102       116       126       104       129
  434:         80       100       105       107       122       114       114
  441:        119       108        95       111        99       100        99
  448:        121        99       102       100       118       115       118
  455:        120        93       111       116       106       107        97
  462:         95       108       121       115       104       100       120
  469:        101       131        98       111       103       116       112
  476:        118       104        93       100       108       121        97
  483:        118       130       110       136       107       100       113
  490:        117       107       116        90       123       105        97
  497:        124       123        95       116       108       111       120
  504:        105       120       128        90       120       126       113
  511:        101       124       115       114       130       118       112
  518:        114       106       108       111       118       111       129
  525:        121       124       128       118       117       128       109
  532:        135       125       121       128       130       121       126
  539:        128        98       123       128       125       109       144
  546:        119       127       122       129       134       134       161
  553:        133       139       142       142       154       127       143
  560:        159       139       132       140       124       136       138
  567:        145       138       125       148       153       145       149
  574:        131       145       166       137       159       153       132
  581:        143       141       162       156       143       163       150
  588:        168       151       161       168       137       134       176
  595:        157       163       150       150       148       135       152
  602:        164       159       145       184       172       149       146
  609:        160       160       156       151       144       170       146
  616:        154       154       148       145       135       147       149
  623:        157       137       153       143       137       158       148
  630:        129       135       125       130       144       142       146
  637:        166       144       149       151       127       125       144
  644:        145       137       145       148       138       155       124
  651:        122       121       113       130       138       145       157
  658:        115       122       138       135       148       123       127
  665:        162       137       128       119       140       134       133
  672:        134       124       118       138       134       137       123
  679:        141       119       120       116       124       117       123
  686:        131       121       120       111       143       120       136
  693:        122       115       113       131       117       129       116
  700:        114       133        96       138       127       125       114
  707:        102       136       126       122       127       109       136
  714:        117       120       121       110       124       115       127
  721:        122       114       123       108       113       104        97
  728:        113       115       107       114       128       138        95
  735:        113       108       134       132       120       110        86
  742:         91        94        90       124       121       114       105
  749:        124       114       103       111       106       113       106
  756:         94       106       106       104        86       107       124
  763:        104       109       110       117       121        99       114
  770:         94        94       123       100       112       105       110
  777:        113       101       106       118       112       110       117
  784:        112       112       112       100        93        72       111
  791:        105       100       107       115       105       105       105
  798:        103        98       116       100       104       102       105
  805:        101       102       115       149       103       116       108
  812:        107       101       104        94       116       112       121
  819:        102       106       101       115       119        91        93
  826:        109       105        97       134       122       120       119
  833:         89        99       100       102       116       126       105
  840:        114       109       112        92       118       111       118
  847:        100       102       110       122        96       118       104
  854:         83       107       119       103       114       100       108
  861:        124       105       119       115       126       104       120
  868:        116       124       107        86       132        84       110
  875:        104       117        99       115        98       104       104
  882:        112        96       100       108       110       112       120
  889:        136       105        89       110       117       107       104
  896:        118       110       118       112       118       105       116
  903:        110        94       113        93       119       106       104
  910:        111       113       113       115       119       116       114
  917:        107       108       118       112       108       107       130
  924:        109       110        99       109       123       121       124
  931:        122        76       105       102       121        99       113
  938:        107       125       111       119       113       107       122
  945:        105       119       106       128       127       110       121
  952:        125       119       109       105       105       122       125
  959:        102       123        99       124       117       121       133
  966:        114       114       115       108       114       107       118
  973:        130       120       112       130       100       122        99
  980:        110       120       120       138       124       114       104
  987:        125       101       103       122       130       112       108
  994:        109       121       110        85       130       107        97
 1001:         87        94       106       110       120       141        99
 1008:         95       107       108       101       110       127       121
 1015:        117       126       103       102       118       117       126
 1022:        117       106       104       107        99       119       112
 1029:        108       122       119       118       104       118       115
 1036:        129       111        87       112        96       141       122
 1043:        130        97       125       125        93       112        96
 1050:         96        99       126       113       117       115       113
 1057:        126       136       114       118       106       122       117
 1064:        107        99       127       120       115       120       132
 1071:        104       110       120       111       119       124       116
 1078:        112       121       121       101       104       105       129
 1085:         98       117       115        98       143       118       115
 1092:        111       115       116       115       129       109       100
 1099:        122        99       119       129       116       117       134
 1106:        115       106       121       123       131       117       121
 1113:        121       123       111       114       118       111       119
 1120:        147       103       135       110       104       126       113
 1127:        115       112       106       106        89       130       120
 1134:        123       127       119       101        91       124       135
 1141:        128       114       129       133       123       119       130
 1148:        114       117       137       117       120       103       105
 1155:        128       129       119       102       131       106       119
 1162:        111       117       106       107       124       135        97
 1169:        106       105       102       117        98       127       116
 1176:        113       115       105       118       112       121       115
 1183:        118       123       118       116       124       116       130
 1190:        108       131       125       116       135       122       132
 1197:        119       125       122       118       103       158       127
 1204:        118       106       103       137       136       120       103
 1211:        119       116       118       122       112       120       131
 1218:        113       113       113       124       122       117       143
 1225:        117       133       150       128       121       113       120
 1232:        113        98       117       128       124       143       118
 1239:        159       129       127       134       148       133       140
 1246:        135       121       149       122       119       140       129
 1253:        144       119       123       142       135       123       141
 1260:        124       139       131       128       137       153       141
 1267:        129       147       165       139       153       131       143
 1274:        146       138       129       133       137       139       122
 1281:        166       165       138       130       139       124       129
 1288:        145       133       130       117       154       161       168
 1295:        121       161       127       142       138       151       157
 1302:        161       146       146       141       141       157       152
 1309:        140       138       168       153       155       153       148
 1316:        144       165       150       163       144       160       157
 1323:        136       151       131       171       173       159       151
 1330:        170       145       152       151       155       163       145
 1337:        135       167       162       164       154       175       157
 1344:        151       156       167       150       142       175       149
 1351:        143       140       161       133       142       136       146
 1358:        169       147       153       175       160       145       138
 1365:        163       174       140       125       163       173       150
 1372:        160       166       150       145       159       181       148
 1379:        149       167       159       159       144       156       145
 1386:        156       158       152       151       155       146       154
 1393:        165       136       176       168       153       154       169
 1400:        169       155       152       177       139       174       164
 1407:        158       148       156       174       149       151       159
 1414:        167       147       152       177       143       155       156
 1421:        170       134       176       141       180       139       169
 1428:        161       150       166       151       151       150       146
 1435:        173       151       153       150       139       153       171
 1442:        153       170       156       132       141       158       136
 1449:        157       156       173       175       135       162       191
 1456:        161       165       145       134       141       134       142
 1463:        150       157       178       131       151       121       158
 1470:        150       159       153       151       148       143       152
 1477:        169       154       161       165       145       157       160
 1484:        136       172       172       159       181       163       148
 1491:        140       125       167       177       164       163       165
 1498:        152       159       153       166       148       153       151
 1505:        133       150       157       142       149       146       180
 1512:        124       137       137       146       153       141       124
 1519:        162       160       156       138       150       130       153
 1526:        171       145       122       150       124       151       141
 1533:        137       158       149       153       165       144       139
 1540:        123       133       152       147       136       135       146
 1547:        155       157       141       139       156       162       140
 1554:        145       147       141       118       168       126       147
 1561:        166       146       138       152       132       138       165
 1568:        170       136       132       157       167       135       150
 1575:        143       110       165       171       152       113       144
 1582:        142       142       142       148       141       129       137
 1589:        145       122       127       155       136       150       155
 1596:        146       156       127       150       153       152       164
 1603:        140       151       144       140       138       151       146
 1610:        139       138       125       143       124       145       157
 1617:        122       145       157       141       138       134       148
 1624:        145       123       121       114       141       146       138
 1631:        139       153       140       155       122       133       153
 1638:        128       147       138       159       142       144       152
 1645:        139       138       129       136       114       137       147
 1652:        145       143       135       137       140       133       154
 1659:        139       151       138       158       144       145       136
 1666:        142       107       139       152       139       154       148
 1673:        130       128       154       155       145       149       135
 1680:        137       137       144       151       143       129       146
 1687:        149       140       145       144       138       145       143
 1694:        130       127       152       125       149       146       140
 1701:        164       143       158       141       134       150       139
 1708:        110       137       137       139       167       125       148
 1715:        139       137       135       109       135       142       161
 1722:        117       140       123       135       142       136       146
 1729:        139       151       124       131       138       128       131
 1736:        127       116       158       129       149       143       142
 1743:        149       126       146       145       150       130       131
 1750:        145       131       130       144       123       133       148
 1757:        134       138       136       112       132       130       146
 1764:        140       139       151       129       138       120       143
 1771:        149       145       127       134       123       126       138
 1778:        131       121       128       131       125       138       134
 1785:        137       110       128       133       128       113       117
 1792:        127       116       138       136       108       140       125
 1799:        128       120       150       117       127       131       140
 1806:        114       136       130       130       134       131       130
 1813:        118       110       132       110       148       148       139
 1820:        132       131       114       133       115       126       112
 1827:        122       138       166       138       122       118       136
 1834:        126       106       104       121       124       113       132
 1841:        113       138       118       114       125       125       122
 1848:        143       130       131       142       162       106       113
 1855:        132       117       110       142       120       132       120
 1862:        110       129       123       126       143       119       142
 1869:        126       134       120       123       118       131       145
 1876:        129       119       107       128       135       117       126
 1883:        124       131       123       129       143       139       134
 1890:        131       127       141       124       124       130       113
 1897:        125       114       124       116       117       131       123
 1904:        123       117       121       111       114       128       116
 1911:        120       101       107       109       122       124       128
 1918:        144       119       127       109       149       121       108
 1925:        139       106       124       123       130       104       133
 1932:        115       122       116       111       118       122       110
 1939:        111       135       107       133       111       114       126
 1946:        108       121       129       128       128       110       124
 1953:        114       118       116       117       121       114       114
 1960:        108        99       128       141       126       110       125
 1967:         94       103       125       130       115       115       108
 1974:        118       130       122       110       118       132       112
 1981:        136       123       122       106       125       122       142
 1988:        152       121       130       114       119       138       127
 1995:        104       117       122       108       111       113       129
 2002:        137       113       121       117       117       120        90
 2009:        110        86       107       127       126       127       100
 2016:        126       126       113       111       137       113       114
 2023:        134        84       120       137       117       110       116
 2030:        101       101       104       127       117       119       133
 2037:        121       110       108       142       119       105       130
 2044:        123       136       125       114       117       117       101
 2051:        120       117       114       126       111       103       104
 2058:        121       113       120       103       113       125       122
 2065:        115       128       112       100       113        94       100
 2072:         96       136       111       134       132       129       106
 2079:        114       140       105       115       119       107       127
 2086:        122       118       125       127       116       104       142
 2093:        110       111       118       129       110       119       114
 2100:        115       113       126       113       106       123       128
 2107:        101       114       104       118       117        99       108
 2114:        117       125       113       113       119       101       115
 2121:        102       111       116       111       115       120       123
 2128:         92       103       138       106       109       103       120
 2135:        126       116       127       119       116       112       119
 2142:        128       134       115       127        86       118       107
 2149:        115       122       112       128       136       132        90
 2156:        123        99       115       107       110       119       141
 2163:        127       127       115       100       102       131       117
 2170:        126       105       130       121       114       110       127
 2177:        100       108       120        99       111       108       114
 2184:        102       130       112       109       116       105       104
 2191:        118       125        86       110       108       118       114
 2198:        119       112       118       119       121       131       137
 2205:        121       117       115       124       109       113       100
 2212:        118       121        94       121       115       121       104
 2219:        110       127       107       117       109       125       127
 2226:         86       139       135        99       106       116       109
 2233:        105       108       129       134       135       108       113
 2240:        109       128       118       139       113       118       118
 2247:        118        84       106       106       105       105       102
 2254:        105       120        95       111       103       106       116
 2261:        109       110       118       124        98       102       113
 2268:        104       133       110       112       112       126       120
 2275:        123       123       108        98       118       107       102
 2282:        111        94       103       133       100       116       104
 2289:         97       117        99       106       102       109       111
 2296:         98       109       116       110       115       105       130
 2303:        108        94       102       117       120        96       108
 2310:        125        95        84       112       103       104       107
 2317:        123       110       118       122       117       120       123
 2324:         95       110       100       112       124       122        96
 2331:        111       105       113        92       110        93       100
 2338:        112        92        96        94       113       124        90
 2345:        105       117       101       121       118        87       102
 2352:        113       113        98        95       104       104       104
 2359:        100        86       111       107       110        92        84
 2366:        109       114        82       117       115        94       122
 2373:         87        97        98       115        94       102       103
 2380:        122       101        95        87        89        91        80
 2387:         89        93        71       102        98        90        94
 2394:        102        89       117        90        99       104        89
 2401:         87        94       104        89        88        93        86
 2408:         85        97        80        80        99        83        88
 2415:         82        87        82        84        85       100        99
 2422:         78        88       101        93        79        86        89
 2429:         89        93        84        62        85        87        92
 2436:        108        91        78        86        86        87        90
 2443:         88        74        75        87        93        75        78
 2450:         91        73        93        78        80        82        79
 2457:        100        82        91        87        95        99        94
 2464:         96        83        75        84        66        82        70
 2471:         78        60        80        79        63        93        74
 2478:         74        84        85        78        73        75        72
 2485:         73        85        60        65        72        79        77
 2492:         70        87        76        86        65        58        69
 2499:         69        89        77        63        66        78        82
 2506:         77        69        63        67        63        66        62
 2513:         70        63        61        64        92        75        64
 2520:         74        72        60        67        60        66        57
 2527:         63        73        55        53        69        65        64
 2534:         66        60        58        50        58        70        59
 2541:         59        67        58        62        67        70        54
 2548:         47        64        52        72        54        64        67
 2555:         53        55        69        73        63        66        53
 2562:         66        64        66        58        53        65        60
 2569:         59        60        64        55        70        51        68
 2576:         54        45        54        54        61        52        56
 2583:         52        55        54        61        58        50        62
 2590:         40        65        64        38        57        47        61
 2597:         57        60        65        67        78        53        44
 2604:         56        54        61        70        41        59        52
 2611:         49        53        44        53        47        58        52
 2618:         64        59        53        66        46        49        68
 2625:         57        55        57        63        47        44        57
 2632:         47        56        59        43        47        55        57
 2639:         49        43        63        64        51        54        45
 2646:         49        41        56        58        50        68        61
 2653:         51        53        49        57        50        58        59
 2660:         68        50        53        48        37        57        57
 2667:         50        47        47        62        48        43        44
 2674:         49        44        57        53        49        52        37
 2681:         51        55        54        42        48        47        50
 2688:         53        65        47        60        63        44        72
 2695:         49        62        52        43        49        56        45
 2702:         51        51        58        46        46        45        41
 2709:         60        64        54        62        47        49        42
 2716:         41        44        35        46        45        43        50
 2723:         52        42        37        38        45        51        52
 2730:         51        51        41        54        48        56        41
 2737:         48        41        46        49        66        50        48
 2744:         63        48        42        52        47        49        37
 2751:         50        38        44        43        40        45        55
 2758:         55        57        41        45        39        53        42
 2765:         39        40        48        52        50        62        59
 2772:         40        56        39        38        43        47        56
 2779:         46        53        52        47        39        35        50
 2786:         45        39        44        47        38        53        42
 2793:         41        35        37        43        38        50        55
 2800:         50        32        56        29        44        35        38
 2807:         40        44        40        47        45        49        47
 2814:         55        44        38        43        35        46        36
 2821:         36        50        40        47        41        50        41
 2828:         55        45        44        46        39        44        52
 2835:         42        38        48        45        45        62        31
 2842:         43        43        33        40        47        53        39
 2849:         31        45        46        40        47        44        49
 2856:         43        42        41        45        37        53        32
 2863:         32        36        47        49        46        26        41
 2870:         45        42        39        55        44        42        35
 2877:         50        56        43        43        47        36        46
 2884:         53        32        47        51        51        44        38
 2891:         25        40        37        42        43        56        37
 2898:         38        44        31        30        42        40        30
 2905:         37        48        42        52        39        50        40
 2912:         38        49        49        50        40        42        42
 2919:         40        38        45        42        37        58        44
 2926:         43        29        47        35        45        41        34
 2933:         42        39        54        34        41        45        34
 2940:         58        52        34        46        41        39        38
 2947:         47        36        48        46        50        44        42
 2954:         42        33        41        47        37        42        47
 2961:         36        46        58        41        40        34        32
 2968:         44        29        45        51        41        30        39
 2975:         33        43        44        38        41        43        32
 2982:         56        52        60        42        34        43        34
 2989:         42        41        36        53        37        45        45
 2996:         39        32        43        43        41        50        50
 3003:         39        40        30        52        49        47        33
 3010:         46        38        39        43        44        34        44
 3017:         45        45        45        38        41        43        33
 3024:         43        42        35        45        58        51        43
 3031:         50        47        45        44        33        38        49
 3038:         43        40        43        45        40        33        45
 3045:         37        42        40        43        42        44        54
 3052:         35        38        47        36        51        49        50
 3059:         49        37        33        45        32        43        45
 3066:         42        41        34        38        35        47        40
 3073:         33        46        37        41        39        50        43
 3080:         54        46        49        34        48        52        32
 3087:         43        48        34        49        39        56        35
 3094:         37        51        53        45        41        48        38
 3101:         52        45        42        37        46        40        50
 3108:         40        34        44        44        46        56        42
 3115:         47        44        53        44        45        42        49
 3122:         33        39        43        55        46        46        40
 3129:         40        35        57        46        45        33        44
 3136:         53        44        44        34        34        40        48
 3143:         43        49        35        39        51        43        50
 3150:         44        46        42        45        46        39        36
 3157:         32        38        45        51        42        45        43
 3164:         43        42        54        37        31        44        60
 3171:         44        38        26        44        41        48        39
 3178:         53        40        49        39        52        55        53
 3185:         48        38        61        45        34        39        50
 3192:         51        36        43        56        45        46        45
 3199:         45        39        40        49        36        56        53
 3206:         40        57        36        41        43        46        40
 3213:         46        49        58        49        49        49        32
 3220:         48        52        41        52        48        54        33
 3227:         59        42        52        47        50        45        46
 3234:         50        56        53        51        46        40        39
 3241:         50        60        47        42        60        45        50
 3248:         60        41        57        54        63        67        58
 3255:         50        55        60        68        51        57        54
 3262:         56        59        52        52        58        63        42
 3269:         37        71        57        54        56        65        56
 3276:         72        58        54        56        57        54        48
 3283:         61        60        44        53        56        68        62
 3290:         41        56        70        67        63        57        48
 3297:         65        45        56        64        62        67        77
 3304:         67        69        54        65        52        67        56
 3311:         77        76        67        70        73        72        53
 3318:         62        74        74        76        86        57        84
 3325:         71        76        72        80        77        61        62
 3332:         64        66        76        70        79        58        67
 3339:         75        81        70        88       108        86        79
 3346:         98        87        93        87        92        98        95
 3353:         86        84       101        90        84        75       103
 3360:         91        98       103       111        93        89        98
 3367:         80       107        97       101        90        89       114
 3374:        117       119       124       102        93       105       117
 3381:        120       106       105       105       125        98        99
 3388:        100       127       119       113       133       120       114
 3395:        113       121       125       123       128       114       134
 3402:        112       125       122       132       139       134       106
 3409:        143       142       136       138       154       151       140
 3416:        157       136       153       139       141       143       163
 3423:        161       150       153       160       153       177       158
 3430:        146       169       176       165       164       166       170
 3437:        176       180       171       181       196       173       201
 3444:        173       185       211       208       190       214       201
 3451:        173       203       200       229       210       227       226
 3458:        224       229       215       240       214       229       266
 3465:        217       235       228       258       239       237       230
 3472:        242       237       228       240       231       235       249
 3479:        252       269       260       260       293       273       263
 3486:        264       246       289       267       301       264       273
 3493:        281       270       314       304       288       319       300
 3500:        331       310       297       340       310       305       292
 3507:        315       332       358       326       305       347       368
 3514:        367       331       326       360       339       335       336
 3521:        319       351       390       384       381       370       366
 3528:        379       364       369       444       419       388       422
 3535:        425       411       423       413       429       419       434
 3542:        432       428       402       425       451       445       436
 3549:        456       458       481       477       459       484       479
 3556:        473       471       466       493       500       496       468
 3563:        470       540       534       494       566       517       535
 3570:        512       571       553       537       546       552       585
 3577:        548       559       559       560       551       608       577
 3584:        584       559       566       598       536       568       598
 3591:        588       573       629       571       571       607       642
 3598:        644       653       656       600       683       691       630
 3605:        625       635       679       641       628       675       696
 3612:        652       694       667       671       655       674       713
 3619:        659       750       728       672       700       723       667
 3626:        751       692       718       706       743       769       694
 3633:        753       679       743       756       766       704       723
 3640:        775       731       754       755       718       788       759
 3647:        791       746       738       752       774       816       773
 3654:        793       828       784       757       829       832       779
 3661:        781       836       795       823       790       822       792
 3668:        826       817       835       824       817       806       771
 3675:        850       788       861       876       834       867       910
 3682:        811       811       875       818       820       865       893
 3689:        805       857       850       820       873       876       882
 3696:        883       891       818       842       831       836       861
 3703:        891       851       822       875       845       800       835
 3710:        844       829       868       856       864       837       871
 3717:        879       921       870       828       856       850       892
 3724:        860       817       862       850       852       884       881
 3731:        861       859       859       861       874       818       842
 3738:        844       858       814       859       800       746       793
 3745:        794       841       856       857       847       819       813
 3752:        795       785       815       754       809       777       816
 3759:        751       834       842       768       824       837       811
 3766:        765       745       766       856       774       815       787
 3773:        749       779       779       802       781       737       769
 3780:        745       750       746       708       720       752       729
 3787:        691       707       723       729       728       696       697
 3794:        736       754       701       694       714       710       738
 3801:        654       710       671       689       689       697       693
 3808:        707       683       681       639       645       699       633
 3815:        690       650       648       627       614       619       602
 3822:        636       648       587       701       574       597       609
 3829:        628       573       606       585       579       566       590
 3836:        585       562       561       535       529       550       568
 3843:        509       492       528       541       585       587       509
 3850:        527       505       497       488       516       494       461
 3857:        499       456       492       505       474       471       493
 3864:        444       446       439       429       443       477       459
 3871:        417       427       468       417       427       455       408
 3878:        417       404       376       399       381       416       366
 3885:        393       375       380       396       383       369       367
 3892:        356       333       338       350       363       364       335
 3899:        354       342       335       337       333       296       317
 3906:        312       358       292       309       328       325       302
 3913:        288       292       291       311       288       296       279
 3920:        273       271       280       256       265       243       283
 3927:        240       231       244       247       245       235       223
 3934:        234       228       237       240       230       211       237
 3941:        211       237       203       212       211       225       197
 3948:        202       176       200       173       180       178       193
 3955:        178       178       203       185       181       171       176
 3962:        178       165       175       185       163       182       143
 3969:        163       157       179       164       156       143       177
 3976:        158       119       142       148       139       126       147
 3983:        121       107       141       126       125       134       122
 3990:        115       112       137       102       129       105       105
 3997:        130       117       102       114        93        94       102
 4004:        103       101        86        96        86        98       109
 4011:         81        95       100        91        92       101        68
 4018:         80        78        89        90        96        81        79
 4025:         79        75        78        69        71        81        75
 4032:         73        80        70        72        65        61        82
 4039:         93        68        63        52        55        62        71
 4046:         62        58        67        59        69        50        54
 4053:         65        58        70        57        52        54        53
 4060:         60        55        48        59        59        42        49
 4067:         59        46        49        48        58        53        43
 4074:         43        43        33        54        48        55        43
 4081:         31        44        55        51        47        54        43
 4088:         40        41        35        50        58        38        33
 4095:         46        37        41        30        42        47        30
 4102:         39        38        43        45        33        36        48
 4109:         49        33        34        42        37        36        30
 4116:         38        37        28        26        32        34        33
 4123:         30        31        42        33        32        38        37
 4130:         44        30        40        33        26        34        42
 4137:         33        28        30        36        39        29        37
 4144:         31        39        22        38        30        32        24
 4151:         26        26        26        37        36        27        37
 4158:         33        26        32        26        34        20        38
 4165:         23        30        25        33        33        32        25
 4172:         17        15        31        25        29        31        27
 4179:         27        29        22        45        25        25        35
 4186:         30        35        23        22        22        34        28
 4193:         20        34        37        27        33        20        25
 4200:         27        19        28        24        32        23        25
 4207:         30        35        19        23        22        24        32
 4214:         19        27        26        23        21        34        33
 4221:         22        26        41        28        32        31        29
 4228:         28        22        38        36        35        24        24
 4235:         23        26        30        30        20        25        31
 4242:         25        33        41        34        20        26        13
 4249:         25        24        26        31        23        29        29
 4256:         34        30        30        20        23        28        30
 4263:         21        29        28        35        24        32        33
 4270:         32        28        30        23        31        33        26
 4277:         30        27        33        32        36        20        30
 4284:         29        28        38        32        21        22        31
 4291:         27        32        28        33        27        33        28
 4298:         30        27        18        27        38        28        31
 4305:         21        27        20        28        27        24        27
 4312:         24        22        32        21        29        29        21
 4319:         25        22        23        21        26        22        26
 4326:         33        20        32        23        21        29        32
 4333:         33        25        25        27        24        17        29
 4340:         23        29        23        21        35        25        24
 4347:         30        23        32        22        21        25        30
 4354:         36        37        23        17        30        16        28
 4361:         32        19        32        28        30        25        21
 4368:         37        34        22        22        35        24        37
 4375:         19        27        20        29        26        24        33
 4382:         28        30        23        38        22        26        31
 4389:         32        29        28        25        34        36        28
 4396:         19        28        24        21        30        24        29
 4403:         32        24        22        24        19        27        20
 4410:         22        22        24        30        28        20        26
 4417:         23        18        35        26        23        22        24
 4424:         33        34        29        25        30        35        21
 4431:         23        29        21        24        20        30        26
 4438:         19        38        24        29        25        33        20
 4445:         22        22        25        24        26        29        29
 4452:         25        30        29        26        27        23        22
 4459:         24        33        27        22        28        21        32
 4466:         19        21        30        36        20        29        22
 4473:         26        24        32        32        31        23        23
 4480:         24        16        14        24        22        26        23
 4487:         33        25        27        33        29        21        29
 4494:         21        24        22        37        21        27        22
 4501:         37        26        25        26        27        21        32
 4508:         17        37        31        23        31        24        24
 4515:         32        28        26        39        22        21        30
 4522:         26        18        25        29        23        26        17
 4529:         29        21        30        29        20        25        26
 4536:         19        25        25        19        26        23        33
 4543:         23        28        29        20        30        29        23
 4550:         24        16        32        26        23        19        19
 4557:         21        20        24        25        24        25        26
 4564:         31        17        32        32        30        30        28
 4571:         18        31        22        21        23        21        21
 4578:         26        20        32        26        28        24        20
 4585:         26        38        24        32        24        21        13
 4592:         35        28        22        32        40        19        27
 4599:         21        19        17        24        28        23        23
 4606:         21        27        17        34        27        19        21
 4613:         23        26        32        19        24        23        24
 4620:         18        19        33        15        25        15        25
 4627:         25        24        20        22        25        27        23
 4634:         22        27        17        20        27        33        15
 4641:         27        26        25        17        28        27        30
 4648:         23        24        26        21        42        37        25
 4655:         20        26        27        22        25        21        24
 4662:         22        23        30        30        18        31        21
 4669:         30        18        33        29        24        33        24
 4676:         26        22        20        26        30        28        22
 4683:         24        30        27        27        29        23        15
 4690:         16        25        39        31        29        30        25
 4697:         21        29        23        29        30        17        19
 4704:         25        27        25        23        31        31        23
 4711:         34        21        25        24        28        20        23
 4718:         24        25        22        25        30        31        37
 4725:         24        29        21        27        34        18        27
 4732:         38        32        25        27        26        25        25
 4739:         27        28        35        34        20        24        25
 4746:         25        27        30        27        22        20        27
 4753:         19        21        29        27        24        20        20
 4760:         31        28        28        21        25        24        25
 4767:         34        35        24        25        29        24        27
 4774:         20        35        26        26        34        30        24
 4781:         29        35        26        28        19        28        34
 4788:         28        17        22        29        32        27        34
 4795:         29        34        31        28        27        17        29
 4802:         21        23        32        18        34        28        22
 4809:         30        34        23        22        26        33        22
 4816:         27        34        20        31        29        30        25
 4823:         34        28        22        22        30        28        26
 4830:         19        28        35        23        17        29        15
 4837:         34        25        27        25        34        28        26
 4844:         29        14        26        20        22        31        24
 4851:         30        23        22        31        34        25        22
 4858:         28        23        26        24        31        19        20
 4865:         37        31        25        21        39        21        30
 4872:         26        23        30        26        26        30        34
 4879:         19        25        24        30        26        25        28
 4886:         26        31        27        26        22        32        28
 4893:         30        29        28        28        24        30        25
 4900:         25        29        25        15        35        38        27
 4907:         33        29        28        19        31        33        29
 4914:         29        25        31        36        27        20        33
 4921:         25        25        26        28        20        24        30
 4928:         28        28        31        28        30        23        27
 4935:         19        15        26        27        32        26        29
 4942:         33        21        35        32        31        29        29
 4949:         32        28        31        25        32        20        24
 4956:         26        28        20        36        28        31        30
 4963:         35        36        22        29        30        34        26
 4970:         25        26        27        34        27        23        31
 4977:         35        23        28        27        24        31        27
 4984:         31        27        41        21        27        25        25
 4991:         26        25        30        32        27        26        29
 4998:         27        29        32        26        25        27        24
 5005:         31        31        32        21        26        34        37
 5012:         26        25        28        28        33        28        23
 5019:         26        34        23        25        15        27        28
 5026:         26        26        27        24        23        23        27
 5033:         28        44        36        40        30        26        29
 5040:         33        33        30        24        26        19        19
 5047:         30        28        30        31        31        26        27
 5054:         20        31        40        34        30        29        27
 5061:         34        28        27        38        35        27        34
 5068:         20        27        18        30        29        24        25
 5075:         28        29        32        19        23        26        33
 5082:         23        27        22        27        22        30        17
 5089:         19        25        31        26        33        30        26
 5096:         21        27        22        23        24        26        16
 5103:         20        25        19        20        34        22        24
 5110:         31        31        23        29        32        29        26
 5117:         26        28        22        19        18        27        21
 5124:         22        33        33        31        39        32        21
 5131:         20        32        32        24        31        28        29
 5138:         27        21        32        27        27        41        26
 5145:         33        19        37        34        25        25        39
 5152:         29        32        32        22        33        23        34
 5159:         30        26        27        34        30        18        21
 5166:         24        28        23        42        30        31        24
 5173:         30        26        24        24        26        32        36
 5180:         29        24        27        23        33        32        27
 5187:         22        35        23        21        19        28        21
 5194:         29        33        32        19        24        25        22
 5201:         13        29        25        23        29        36        31
 5208:         27        23        23        34        18        19        19
 5215:         31        16        16        29        24        16        34
 5222:         26        31        44        31        24        18        30
 5229:         32        22        26        22        21        26        21
 5236:         25        26        29        22        23        28        29
 5243:         25        35        34        27        24        31        29
 5250:         16        25        25        24        28        20        24
 5257:         41        28        28        32        23        26        22
 5264:         29        28        28        32        25        26        15
 5271:         23        36        31        24        27        20        24
 5278:         21        18        30        31        31        25        14
 5285:         26        18        25        23        27        26        25
 5292:         34        23        42        22        27        27        18
 5299:         19        31        28        31        29        30        37
 5306:         33        19        17        32        29        31        21
 5313:         24        23        24        24        23        25        22
 5320:         29        28        26        24        16        29        18
 5327:         31        31        34        33        38        22        24
 5334:         29        31        29        37        30        32        33
 5341:         17        28        25        19        27        22        36
 5348:         28        32        32        29        33        34        22
 5355:         30        26        30        14        20        22        43
 5362:         18        24        28        29        26        25        31
 5369:         27        27        24        27        22        20        25
 5376:         30        26        25        28        27        25        32
 5383:         32        34        28        22        33        25        23
 5390:         32        26        17        29        18        33        19
 5397:         24        16        29        26        22        29        26
 5404:         35        31        26        25        38        22        33
 5411:         29        24        20        21        21        23        26
 5418:         35        21        27        29        24        22        26
 5425:         31        27        33        28        27        28        17
 5432:         22        29        24        34        25        21        20
 5439:         38        27        24        30        20        35        30
 5446:         28        31        28        22        25        24        24
 5453:         25        29        32        25        26        26        26
 5460:         25        32        34        24        27        21        25
 5467:         21        22        28        28        19        30        34
 5474:         33        23        26        27        30        24        28
 5481:         24        17        28        24        13        28        18
 5488:         29        22        20        34        24        25        24
 5495:         21        32        25        19        30        23        23
 5502:         21        25        18        26        27        36        27
 5509:         27        20        19        35        24        31        27
 5516:         23        29        21        32        28        22        27
 5523:         22        33        31        30        30        28        34
 5530:         27        29        27        20        34        28        31
 5537:         28        27        41        30        24        29        30
 5544:         28        14        27        28        24        23        30
 5551:         23        23        25        31        27        31        30
 5558:         25        29        25        26        25        20        34
 5565:         20        27        27        28        37        34        28
 5572:         30        19        33        23        36        28        30
 5579:         26        27        26        34        22        25        30
 5586:         33        25        31        35        21        36        29
 5593:         26        27        27        26        31        32        18
 5600:         25        25        26        24        24        18        33
 5607:         24        23        29        31        21        30        27
 5614:         31        24        24        28        21        26        36
 5621:         27        28        19        31        28        19        27
 5628:         29        31        36        30        23        26        23
 5635:         26        21        30        34        31        30        21
 5642:         22        27        31        27        23        26        28
 5649:         26        22        24        27        18        23        31
 5656:         20        30        21        24        22        22        26
 5663:         24        23        31        23        20        32        27
 5670:         22        20        24        32        32        21        20
 5677:         26        18        32        18        27        25        27
 5684:         16        24        19        23        32        23        32
 5691:         28        31        26        29        27        25        25
 5698:         27        22        36        23        26        19        23
 5705:         28        21        19        22        23        25        32
 5712:         21        23        31        27        37        18        24
 5719:         25        33        27        31        23        27        30
 5726:         21        31        28        25        29        28        28
 5733:         29        33        22        23        20        24        31
 5740:         24        31        17        23        26        25        23
 5747:         24        20        32        23        19        24        34
 5754:         23        16        34        26        20        21        26
 5761:         30        25        33        20        27        30        23
 5768:         32        21        31        16        28        25        26
 5775:         27        29        24        23        29        22        12
 5782:         25        28        13        26        27        26        23
 5789:         21        29        23        31        25        32        28
 5796:         25        30        23        39        31        23        21
 5803:         27        37        25        26        30        27        29
 5810:         30        27        26        36        27        19        20
 5817:         27        22        24        29        23        31        24
 5824:         19        16        28        29        17        18        29
 5831:         37        32        27        34        27        24        22
 5838:         27        29        21        25        26        24        17
 5845:         26        26        21        29        28        21        25
 5852:         22        24        20        24        24        19        21
 5859:         25        13        17        26        19        22        26
 5866:         27        29        17        29        26        27        19
 5873:         31        23        22        27        27        28        25
 5880:         29        21        27        24        26        28        30
 5887:         28        30        23        14        23        19        34
 5894:         20        24        20        24        20        25        24
 5901:         21        23        25        29        26        30        31
 5908:         25        27        23        21        29        24        22
 5915:         19        25        23        22        22        28        29
 5922:         27        20        21        32        28        26        18
 5929:         24        20        35        34        27        26        26
 5936:         22        20        20        23        17        29        23
 5943:         29        30        23        15        28        11        27
 5950:         33        25        23        29        26        17        21
 5957:         18        26        30        29        23        20        20
 5964:         29        26        28        19        21        20        22
 5971:         21        22        31        30        25        17        14
 5978:         27        27        23        27        26        25        32
 5985:         32        22        25        24        21        25        31
 5992:         17        36        16        25        21        18        25
 5999:         32        26        28        22        37        26        21
 6006:         30        20        19        29        22        29        24
 6013:         21        21        24        30        27        25        24
 6020:         24        33        20        27        33        24        30
 6027:         29        20        17        28        25        27        32
 6034:         20        25        29        32        34        27        38
 6041:         30        25        27        20        26        25        24
 6048:         24        23        29        26        21        23        24
 6055:         21        26        23        12        35        19        29
 6062:         26        23        21        25        17        16        28
 6069:         29        22        22        21        38        34        24
 6076:         26        31        32        29        34        23        36
 6083:         26        22        29        26        19        17        33
 6090:         25        17        28        26        22        25        28
 6097:         32        22        23        23        24        20        23
 6104:         24        25        23        26        24        31        21
 6111:         21        22        34        22        23        29        27
 6118:         30        20        19        25        18        25        35
 6125:         28        25        27        21        26        25        20
 6132:         26        25        31        21        26        27        27
 6139:         28        26        28        22        26        24        12
 6146:         24        25        29        35        21        27        16
 6153:         29        34        30        23        20        27        30
 6160:         31        22        32        21        24        27        22
 6167:         25        30        30        29        22        26        29
 6174:         24        24        23        24        23        33        18
 6181:         29        33        25        22        20        35        22
 6188:         25        23        22        24        24        26        16
 6195:         23        21        25        13        24        22        24
 6202:         28        19        21        23        27        21        17
 6209:         29        24        22        19        29        22        11
 6216:         35        23        24        14        23        23        21
 6223:         25        31        27        23        23        22        32
 6230:         32        25        31        19        14        24        27
 6237:         29        20        23        26        21        29        24
 6244:         22        21        15        27        23        25        38
 6251:         20        31        20        21        32        27        27
 6258:         31        32        30        28        20        30        19
 6265:         23        27        31        24        24        21        22
 6272:         38        31        29        20        14        25        23
 6279:         25        33        24        29        22        22        29
 6286:         27        27        23        27        23        28        18
 6293:         23        23        20        22        21        37        28
 6300:         30        30        21        25        22        21        25
 6307:         27        27        17        18        22        26        27
 6314:         31        26        30        33        22        25        41
 6321:         21        26        19        32        23        25        23
 6328:         22        24        28        18        23        27        33
 6335:         14        23        30        23        27        27        35
 6342:         36        24        24        37        23        27        30
 6349:         19        27        22        21        25        19        23
 6356:         35        30        29        26        20        21        23
 6363:         30        23        21        23        24        29        26
 6370:         27        33        34        22        29        37        29
 6377:         22        31        22        31        24        35        28
 6384:         19        20        20        16        20        33        34
 6391:         30        32        33        32        20        24        27
 6398:         26        25        22        40        30        21        20
 6405:         21        34        35        31        22        33        25
 6412:         19        24        23        28        26        28        26
 6419:         28        31        32        37        30        31        28
 6426:         26        27        22        23        25        33        25
 6433:         28        22        28        32        32        32        26
 6440:         34        32        19        32        23        20        22
 6447:         23        19        14        24        22        26        31
 6454:         22        26        25        27        25        19        22
 6461:         28        33        18        26        25        35        29
 6468:         20        29        22        25        28        35        17
 6475:         26        32        27        31        19        23        26
 6482:         22        35        33        20        25        28        27
 6489:         29        29        32        25        23        22        22
 6496:         31        31        32        31        27        26        25
 6503:         20        32        27        20        27        22        28
 6510:         20        36        18        25        22        32        18
 6517:         25        31        28        29        33        24        30
 6524:         31        28        27        21        22        29        29
 6531:         31        29        27        30        29        29        19
 6538:         30        25        25        27        26        21        21
 6545:         20        36        25        31        23        27        32
 6552:         32        23        20        31        23        26        23
 6559:         30        24        21        23        17        19        29
 6566:         33        29        24        30        21        25        25
 6573:         17        30        29        21        35        27        29
 6580:         27        23        23        27        32        31        23
 6587:         23        29        26        30        29        29        23
 6594:         29        23        34        19        29        33        32
 6601:         26        28        32        28        29        21        24
 6608:         29        20        33        18        35        34        30
 6615:         22        27        31        35        33        33        20
 6622:         32        31        30        29        23        31        23
 6629:         24        27        20        24        24        32        19
 6636:         31        21        31        29        24        33        22
 6643:         22        28        34        27        21        29        18
 6650:         21        27        24        34        26        26        27
 6657:         31        18        18        22        32        31        24
 6664:         24        30        25        24        31        34        21
 6671:         22        29        24        23        22        25        22
 6678:         27        22        29        27        30        39        26
 6685:         38        23        27        22        25        27        22
 6692:         28        18        34        25        33        20        30
 6699:         35        29        24        22        29        32        26
 6706:         21        31        18        25        28        21        31
 6713:         28        33        35        24        33        21        26
 6720:         25        20        24        34        28        19        26
 6727:         23        30        28        24        20        20        19
 6734:         29        26        34        26        34        28        32
 6741:         32        22        25        23        31        20        28
 6748:         27        26        22        16        24        24        23
 6755:         23        35        19        27        27        25        23
 6762:         29        23        15        28        26        33        29
 6769:         24        31        21        28        33        19        27
 6776:         21        21        27        23        35        26        25
 6783:         28        24        27        23        34        33        31
 6790:         29        23        25        17        22        28        24
 6797:         21        13        25        30        34        17        22
 6804:         32        20        20        36        23        28        19
 6811:         35        25        21        21        22        28        30
 6818:         25        27        27        22        23        27        31
 6825:         22        24        36        38        25        27        28
 6832:         31        21        33        27        24        30        25
 6839:         34        28        34        31        28        27        18
 6846:         29        30        21        39        25        33        25
 6853:         33        22        27        24        18        21        15
 6860:         25        34        21        34        21        19        29
 6867:         23        20        28        16        16        27        23
 6874:         24        28        24        34        30        30        32
 6881:         26        31        27        25        37        25        27
 6888:         25        21        27        25        27        25        30
 6895:         25        25        30        24        29        25        31
 6902:         17        28        32        27        29        32        21
 6909:         19        37        29        26        24        31        31
 6916:         31        26        23        22        37        29        37
 6923:         29        34        35        21        22        28        28
 6930:         32        26        34        27        27        32        22
 6937:         30        23        25        26        30        24        26
 6944:         22        31        28        31        27        32        27
 6951:         32        24        23        27        30        26        22
 6958:         30        27        32        29        24        23        22
 6965:         30        35        29        28        34        39        31
 6972:         27        32        26        28        27        25        23
 6979:         30        22        22        23        36        29        42
 6986:         25        32        31        30        31        32        33
 6993:         29        28        35        28        26        27        29
 7000:         25        27        21        38        29        30        28
 7007:         34        26        23        26        26        17        23
 7014:         20        28        33        23        27        33        30
 7021:         30        34        32        27        29        23        33
 7028:         36        31        24        33        30        26        18
 7035:         30        32        35        38        19        31        22
 7042:         27        34        28        24        25        25        20
 7049:         21        30        23        25        22        28        31
 7056:         30        29        21        30        18        31        22
 7063:         27        35        31        19        24        15        34
 7070:         25        26        26        28        27        29        35
 7077:         23        22        26        24        31        40        30
 7084:         23        30        41        36        25        23        35
 7091:         39        26        24        23        28        31        23
 7098:         34        42        28        26        19        29        23
 7105:         21        25        32        23        29        25        31
 7112:         25        31        32        27        26        28        33
 7119:         29        21        23        35        20        22        20
 7126:         33        29        32        32        32        24        17
 7133:         24        24        25        25        27        26        27
 7140:         18        23        31        19        24        23        32
 7147:         33        33        30        33        23        27        23
 7154:         33        29        20        18        31        32        30
 7161:         43        29        25        29        31        23        24
 7168:         20        25        25        27        25        28        26
 7175:         27        20        25        31        32        23        31
 7182:         30        29        27        29        32        17        26
 7189:         31        24        16        26        20        33        26
 7196:         25        29        31        41        22        23        24
 7203:         24        25        31        22        34        26        25
 7210:         22        28        28        22        29        24        23
 7217:         23        26        28        23        26        28        22
 7224:         29        25        26        23        22        25        25
 7231:         26        18        35        27        25        25        22
 7238:         24        22        26        30        21        21        21
 7245:         30        29        29        22        32        24        28
 7252:         27        22        18        21        24        22        26
 7259:         27        22        18        28        28        31        24
 7266:         27        22        19        21        26        21        17
 7273:         27        33        24        22        26        25        20
 7280:         20        23        26        25        22        19        28
 7287:         19        16        24        19        16        17        18
 7294:         25        22        23        33        16        26        21
 7301:         21        29        31        31        19        25        26
 7308:         15        29        22        19        25        21        22
 7315:         25        23        24        24        24        23        19
 7322:         20        21        20        18        18        20        29
 7329:         21        22        20        21        21        22        22
 7336:         24        19        17        19        26        26        14
 7343:         25        23        24        22        16        19        17
 7350:         25        21        18        13        12        20        23
 7357:         28        21        28        21        25        22        26
 7364:         26        24        19        24        15        21        12
 7371:         25        30        16        22        17        27        21
 7378:         25        31        27        19        28        14        23
 7385:         23        19        19        17        20        22        26
 7392:         25        19        23        23        26        14        22
 7399:         21        24        26        19        23        23        23
 7406:         18        15        17        21        23        16        26
 7413:         32        21        20        18        16        19        25
 7420:         27        21        22        26        15        22        19
 7427:         11        14        33        14        23        18        16
 7434:         25        20        23        23        20        18        11
 7441:         15        14        14        28        15        22        18
 7448:         17        19        19        20        20        19        22
 7455:         18        17         9        21        20        15        18
 7462:         25        19        17        18        21        17        16
 7469:         21        22        21        11        21        18        22
 7476:         24        17        21        21        20        16        21
 7483:         18        15        14        16        19        18        22
 7490:         17         9        13        14        20         8        16
 7497:         23        15        28        20        15        13        17
 7504:         17        23        15        14        17        22        15
 7511:         23        18        11        24        19        20        14
 7518:         14        18        19        18        16        17        24
 7525:         16        20        18        23        23        19        19
 7532:         27        15        17        17        29        17        22
 7539:         14        12        14        14        17        21        22
 7546:         19        20        11        17        15        16        22
 7553:         15        17        17        11        19        30        21
 7560:         11        19        21        14        15        17        19
 7567:         17        16        20        26        12         6        13
 7574:         16        22        14        16        17        18        13
 7581:         17        15        19        16        14        23        14
 7588:          9        12        15        15        19        16        20
 7595:         23        16        22        11        15        19        13
 7602:         17         8        13        16        12        16        15
 7609:          7        11        12        19        17        21        14
 7616:         15        14        21         9        14        13        12
 7623:         16        22        17        11        10        23        12
 7630:         21        20        19        18        21        14        12
 7637:         13        14        13        13        13        12        13
 7644:         15        22        10        21        15        12        15
 7651:         22        16        12        11         9        17        21
 7658:         14        15        19        14        16        15        10
 7665:         12        11        15         9        15         9        14
 7672:         15        15        22        11        19        10        12
 7679:         14        11        13        13        15         2        19
 7686:         14        11        11        13        12         9        13
 7693:         16         9        10        13        11        11        15
 7700:          6        11        16         8        14        15        14
 7707:         10        14        16        13        16         8        15
 7714:         10        17        13        19         9        10        10
 7721:         11        11        19        10        11        10        12
 7728:         15        13        11        14        16        15        14
 7735:         13        10         9         9        12        13        10
 7742:         11         8        17        14        16        12        14
 7749:          9        12        12        13        12        13        14
 7756:         16        12         9         9        11        16        19
 7763:         11        16         9        13         9        20         9
 7770:         12        17        15        15        12        14         9
 7777:         15        18        11        13        10        15         9
 7784:         10        16        12        13        18        10        13
 7791:         10         6         4        13        10        10         9
 7798:         14         9        13         8        14        15         8
 7805:          8         9        11        10        14         7        17
 7812:         12         8         9        18        10        16        14
 7819:         16         6        10        12        12        10        11
 7826:         10        16        13        13        12        11        17
 7833:         10        10        17         7        11        11         6
 7840:          9        12        12         9        14        17        15
 7847:         13         8         5        11        10         9        16
 7854:          8         7        13        12        14         5         8
 7861:          8        12        14         6        10        14        12
 7868:         12         8         5        11         7         9         9
 7875:         10        12        13        12         8         7         8
 7882:          9        12         3        15        12        16        10
 7889:          9         9        18        16        13        14        12
 7896:         12         9        11        10        15        10        13
 7903:          8         5        11         9        15        14         6
 7910:         12        14         8         8        16        10        10
 7917:          6         6         8        10         5         9        10
 7924:          7        11        11        11         6        11         7
 7931:         11         9         9        17        16        15         9
 7938:          5         7        12        11         9        18        11
 7945:         10         7         8         4         7        12        10
 7952:          9        10        10        11        14         8         9
 7959:          8        13        14        14         9        13        10
 7966:          5         9         9        13         7         4         9
 7973:         14        13         8         9         9        11         9
 7980:         11        12        11         6        15         7         6
 7987:          5         9         8         8        11         2        11
 7994:         11         8        10        17         4        12         7
 8001:          9        12        12        15         6        12         9
 8008:         14         6         9        11         6         8        11
 8015:         10        14        12         8         8        15         5
 8022:          6         9        11        19        12        14         8
 8029:          9         9         6         6        11         9         9
 8036:          9        10        10         7        10        11         7
 8043:         15         9         8        13         5         6        11
 8050:          8        14         9        12         7        12        16
 8057:          8        13        10        11         8        10         9
 8064:          8        13        11         3         8        11        11
 8071:          9         9        19        14        10        11         6
 8078:          9         4        12         9        14        11        14
 8085:         12        15        12        17        10         8        15
 8092:          4        10        14        11        14        13        12
 8099:         11        11         9         8        14        11        11
 8106:          8         9        13         7        11        11        15
 8113:         13         7        11        12        17         6        11
 8120:          4        14        10        23         7        10         7
 8127:          9         9         8         9        11        16        13
 8134:         15        14         7        10        11         8        14
 8141:          6        13         9         9        14         9         9
 8148:          5        15        18         5         8         5        11
 8155:         11        11        10        18        13         9         8
 8162:          9        10         6         7        12        11        10
 8169:          9        11         8         7        10        12         7
 8176:         10        14         8        10        13         8         8
 8183:          9         8         5         9         6        10        13
 8190:         12         7        12         8        12         7         9
 8197:          4         7        14        11        11        11        12
 8204:         14         8         9        14        12        16        10
 8211:          9         8         9        10         7        14        13
 8218:         12        12        12        12        11        15        10
 8225:         13        12        15        17        16         8        12
 8232:          8         6        11         9         6         5         8
 8239:         10        10         9         9        10        14         7
 8246:          8         9        14        15        10        15        12
 8253:          6         8        12        18         7        11         9
 8260:          9        10        12         8        13        10         8
 8267:         10        12        12        10        14        14         7
 8274:          8         9        13        10        11         9         9
 8281:         12        12         6        10        10         9         9
 8288:          9        12         9        11        16        16         9
 8295:         11        11         8        14         9         8         8
 8302:         18        14         8        13        11        10        12
 8309:         12        11         8        12         6         8        14
 8316:          9        10        10        10        12        11         9
 8323:          9        16        15        12        13        14        13
 8330:         12         8        11        12        11        19        17
 8337:         12        21        18        20         7        14        12
 8344:         20        13        17        18        14         9        14
 8351:         16        11        19        16        15        11        11
 8358:          7        10        12        11        14        16        10
 8365:         13        12        13        16        15        17        12
 8372:         22         9         8         7         7        17        11
 8379:         14        15        17        13         8        14        16
 8386:         16        16        14        17        16        18        11
 8393:         15        16        14        16        12        13        14
 8400:         13         9         8        13        15        11        22
 8407:         16        19        16        18        16         7        10
 8414:         15        15        17        16        16        15        16
 8421:         25        22        18        13        22        15        22
 8428:         13        30        11        24         8        12        13
 8435:         22        22        21        14        16        20        23
 8442:         21        13        13        16        17        20        16
 8449:         14        19        20        13        13         9        17
 8456:         14        18        18        20        13        20        18
 8463:         16        18        23        25        16        18        23
 8470:         19        14        18        24        21        27        22
 8477:         17        20        17        24        23        19        21
 8484:         18        18        23        18        26        15        18
 8491:         17        24        19        31        22        19        20
 8498:         18        18        28        29        24        21        20
 8505:         17        27        21        21        13        23        25
 8512:         22        27        19        30        25        17        21
 8519:         27        32        26        21        14        16        21
 8526:         15        20        32        18        28        22        24
 8533:         17        26        23        25        21        24        29
 8540:         25        35        21        29        29        27        29
 8547:         30        30        30        28        23        24        32
 8554:         23        24        24        28        19        21        19
 8561:         39        29        30        19        28        32        25
 8568:         24        23        26        25        32        24        31
 8575:         33        36        45        31        33        30        18
 8582:         36        33        24        24        39        26        25
 8589:         27        32        34        40        24        29        26
 8596:         20        30        44        29        39        41        28
 8603:         27        38        37        33        37        37        29
 8610:         50        42        35        35        37        41        32
 8617:         41        36        34        30        35        35        41
 8624:         44        40        48        37        44        41        45
 8631:         49        52        45        40        41        38        46
 8638:         45        44        30        49        39        38        50
 8645:         43        44        31        42        45        48        53
 8652:         48        36        35        48        60        37        61
 8659:         56        56        52        47        47        55        43
 8666:         50        53        54        43        49        40        34
 8673:         51        56        47        58        47        49        48
 8680:         50        52        54        52        52        46        43
 8687:         51        57        38        65        57        64        51
 8694:         72        50        36        59        47        53        66
 8701:         56        59        65        65        51        57        56
 8708:         65        50        52        60        52        61        50
 8715:         61        70        69        61        61        59        59
 8722:         68        56        64        54        59        61        71
 8729:         64        71        52        69        78        57        66
 8736:         44        65        59        67        58        62        60
 8743:         70        67        64        81        68        58        59
 8750:         73        75        55        65        76        58        72
 8757:         68        70        69        67        61        76        70
 8764:         73        60        79        72        80        77        76
 8771:         68        65        78        66        74        71        69
 8778:         71        77        76        78        73        76        80
 8785:         76        73        72        89        74        90        85
 8792:         75        71        91        75        75        72        93
 8799:         74       102        86        77        73        73        79
 8806:         71        70        89        76       103        81        74
 8813:         74        79        74        82        78        87        87
 8820:         85        80       101       129        96        86        85
 8827:         92       102        89        90        87        92       103
 8834:         96        72        75        86        94        97        96
 8841:         80       102        91        98        95        80       108
 8848:         89        78       104       106       102        89        95
 8855:        107        88        81       101       103        97        88
 8862:        106        92        82       100        84        98        99
 8869:        108        97        87        89        98       103        96
 8876:        113       101       125       106        87        88        99
 8883:        101        98        97       107       101        92        99
 8890:        100       122        94        94        86        86       109
 8897:        112       102       104       101        98       116       100
 8904:        102       104       100       112        91       105       105
 8911:         96       114       109       112       103       125       114
 8918:         99       103       103        87       117       109        92
 8925:        112       100       106       113        93       100       117
 8932:         98       101       117       106       107       109        97
 8939:        112       103       117        86       108       119       106
 8946:        108       122       101       106       136       126       111
 8953:        102       114        95        93       109       118       131
 8960:        106       112       126       114        96       106       108
 8967:        104       111       108       100       112       115       119
 8974:        108       108       103       104       114        89       118
 8981:        109       114       109       112       124       120       120
 8988:        113       111       115        99       110       123       120
 8995:        113       122       112       107       112       104        92
 9002:        109       118       113       112       132       120       102
 9009:        121       101       112       121        98       122       126
 9016:        127       123        99       108        90       125       107
 9023:        107       104       104       114       122       117       101
 9030:        106        94        89       102       110       118        97
 9037:        112       113       103       104       111       110       106
 9044:        119        97       114        99       110       113        97
 9051:        121       117       101        99       135        96       104
 9058:         93       105       102       104        92       112       101
 9065:        104       110       116       116       108       104       100
 9072:        120       104        94       108       117        89        91
 9079:        105       106       102        97       105       121        98
 9086:        105        98       114       104        94       115       107
 9093:        118        97       109       102       109        94       104
 9100:        106        91        95        97       100       111       105
 9107:        100       108       102        85        89        96        96
 9114:         99       104        98       102       117        85       124
 9121:         91        99        90        92        90        96        90
 9128:         91        88        93        94        72        89        99
 9135:         96        91       102        81        93        78        94
 9142:         79        91       105        85        93        85        80
 9149:        100        97        85        98        85        76        77
 9156:         84        87        81        75        82        84        80
 9163:        102        85        66       103        70        83        85
 9170:         62        87        77        94        81        82        90
 9177:         95        75        81        86        79        79        89
 9184:         84        82        80        80        69        72        87
 9191:         85        70        61        68        74        74        81
 9198:         87        95        67        83        62        69        89
 9205:         71        58        62        66        82        74        62
 9212:         71        68        70        63        83        73        58
 9219:         62        70        53        66        67        89        71
 9226:         68        66        68        65        70        62        59
 9233:         64        66        77        79        67        77        66
 9240:         77        68        49        64        64        52        69
 9247:         59        67        55        76        79        67        49
 9254:         60        49        50        79        53        48        61
 9261:         53        71        42        52        54        77        56
 9268:         54        54        60        59        68        51        65
 9275:         42        48        51        57        74        60        45
 9282:         49        48        58        65        51        68        51
 9289:         56        61        64        49        52        48        53
 9296:         49        38        46        49        46        52        40
 9303:         57        59        40        44        54        49        47
 9310:         51        33        38        45        49        54        33
 9317:         49        49        49        35        38        45        43
 9324:         32        36        44        37        40        49        41
 9331:         43        41        43        47        45        44        42
 9338:         39        46        33        49        46        42        37
 9345:         47        40        34        51        40        45        30
 9352:         47        41        35        29        31        36        33
 9359:         37        35        44        26        40        41        30
 9366:         31        36        28        35        35        42        42
 9373:         45        34        32        36        36        35        42
 9380:         24        28        34        34        37        29        42
 9387:         35        35        26        35        28        35        28
 9394:         26        27        43        30        37        36        33
 9401:         31        28        24        28        23        44        31
 9408:         32        35        32        32        35        33        33
 9415:         33        28        28        29        30        21        28
 9422:         21        33        23        34        36        23        24
 9429:         26        25        28        32        30        24        31
 9436:         30        24        35        18        13        28        20
 9443:         32        20        33        26        22        21        23
 9450:         17        30        35        23        29        21        19
 9457:         30        26        20        23        30        25        22
 9464:         19        18        19        27        34        18        19
 9471:         13        18        22        21        27        15        18
 9478:         23        32        20        21        19        16        17
 9485:         16        15        20        18        19        20        23
 9492:         24        22        14        18        28        21        28
 9499:         15        20        33        16        16        17        18
 9506:         16        12        24        19        15        13        23
 9513:         18        18        18        16        21        22        21
 9520:          8        21        18        14        17        18        17
 9527:         13        16        14        25        22        13        21
 9534:         24        13        18         9        15        11        18
 9541:         11        13        18        25        19        13        14
 9548:         13        16        14        17        20        22        22
 9555:         21        16        13        11        13         8        11
 9562:         17        29        10        19        16        16        17
 9569:          8        13        13        19        10        16        14
 9576:         20        11        18        16        11        14        13
 9583:         16        17        20        15        13        21        14
 9590:         16         9        18        12        10        10        16
 9597:         17        19        15        12        13        14        11
 9604:          9        12        10        10        17        14        13
 9611:          9        18        14         5        14        13        13
 9618:         13         8        11        12        15        19        18
 9625:         18        17        15        16         8        16         8
 9632:         21        14        15        19        15        13        11
 9639:         14        14         7        11         8        12        11
 9646:         13        18        22        17        14        13        14
 9653:         12        14        12         9         8        11        10
 9660:         11         6        10        10        15        10        14
 9667:         15        15        14        16        14        13        17
 9674:         10        11        10        10         4        13        15
 9681:         14         9         6         7         6        15        10
 9688:         10        13         6         8        16        13        13
 9695:         18        11         9        16         9         7        16
 9702:         21        12         8        17        13        10        16
 9709:         11        14        16         9        13         6        12
 9716:         11        13        10        10         9        12         4
 9723:          8        10        11        12        10        10        12
 9730:          9        14         7         4         8        10         7
 9737:         14        10        10        22         9         5        12
 9744:          9         9         9        14         9        10         7
 9751:          7         6        12         8        10        17         6
 9758:          9        12        12         6        14        12        11
 9765:         12         6         7         9        15         5        11
 9772:         14        11         6         8         8        11        10
 9779:         14        11        10        10         7        13         7
 9786:          8        11        11        11        11        12         7
 9793:          7         8        12        10        13         9        10
 9800:          7         9        10         9        12         9        13
 9807:         13         9         9         7        11        10         3
 9814:         15         9        13         6         5         8         9
 9821:         13        10         7         9        10         7        23
 9828:          8         8         8        14        13        11         6
 9835:         12         8        13         3         7        14         7
 9842:         12         8         9        10        10         5         8
 9849:          8         7         6         8         9        11        10
 9856:         14         8         8        12         5        12         6
 9863:          7         9        10        12         7         7        11
 9870:         12        12        13        19         9        14         5
 9877:          9         9        12        12        15        12        14
 9884:          5         7        13         9         7        10         9
 9891:          4         4        10        12         7         9        12
 9898:          6         8        15         8         8        11         9
 9905:         11         7        10        10        10         8         8
 9912:          6         6         8         5        14        10        10
 9919:          8         6         9         5         6        10         7
 9926:          8        12        14        11        17        10        11
 9933:         13         8         7         9         5         6         3
 9940:         10         8         9        10         8        12        12
 9947:         11         9         6         8         8        16        12
 9954:          9         7        11         8        11        13        15
 9961:         10         8        10         9         4         7         7
 9968:          5        11        10        11        16         6        12
 9975:         10         5         8         9        19         7        12
 9982:          9         8        17        10         8        16         8
 9989:         12         8        11        11         5        10         4
 9996:         13        13         9        10         8         9        12
10003:          9         6         7        14         7         5         8
10010:          9         8        11        10         9        11         6
10017:          8         5         4         6         6        14         9
10024:         15         6         8        10        10         8         9
10031:         13         8         7        11        10        10        10
10038:         13        12         8        11         9         2         7
10045:         11        11         7         7         9        15         8
10052:          9         7        13        14         9         8         4
10059:         23         6        11        14         8        10        11
10066:          5         7        11        10        12         8        11
10073:          9        10         7        11        14        10        12
10080:          9        16        13        11         8        11        13
10087:          6        12         7        11        13         6         6
10094:          5         7         8         7        10         7        14
10101:          5         8        10        10        13        19        10
10108:         10         8        10         9         9         7         5
10115:         15        10        11        12        12         9        14
10122:          9        11        11        11         8        11         6
10129:         12        11         5        10         5         5        15
10136:         10         8        11        13        13        13         9
10143:          9        12        11        13        13         9        15
10150:          7         8        17        11        15         8        11
10157:         14        12        15        15         7         7         5
10164:         21         8         7        11        11         7        10
10171:          6         8         6        13        11         7         6
10178:         15        19         8        10         4         7         8
10185:          8        11         5         5         5        16        12
10192:          8        12        13        12         8         7        17
10199:         13        11        13        12        10         9         9
10206:          9        10         6        11         9        12        11
10213:         11        10        11        17         9        12        11
10220:          9        11         7        10         7        12         6
10227:         10        11        14         9        12         8        10
10234:         10        13        12        10        14        12        12
10241:         15        10         9         7        17        18        12
10248:          8         8         5        12        11        10         9
10255:         11        15        11         7         5         6        13
10262:         11        13         9         9        14         3        12
10269:         10        10        11        15         9         9         8
10276:          7        12         8         8        10        14        16
10283:         10         6         2         8         7         4        12
10290:          7        13        15        11        10        12        15
10297:         13         8        11         4        13        10         7
10304:         14         8         7         9        12         6        11
10311:         12        12        13         9         7         9         9
10318:          9         7         6         9        11         9        13
10325:         10        18         8        12        10        15         8
10332:         12        11         9        10        11        10        14
10339:         11        11         9        11        10         8         4
10346:         11         9        13        11         6         9        10
10353:         10        13        12         8         7        13         9
10360:         12        14         8         9         8         9         7
10367:          8         6        15        14        11        12        14
10374:          5        16        16        13         8         4        16
10381:          9        11         7        10         8        14        15
10388:          6         9         9         8        16        15        10
10395:          7        15         3         9        10        15         7
10402:          9         8        10        10        11         9        12
10409:          7         9        12         9         9         6         9
10416:         16         9        12        18        15        10        10
10423:          8         5         7         7        12        10         9
10430:          5        15         5         9         6         8        13
10437:         10        12         4         9        15        15         7
10444:          8        16        17         7        16        10         6
10451:         10        11        11        10        16         8        12
10458:         14        11        12        11        12        10        15
10465:          7        12        11        11        10         9        11
10472:          7         7        10        14         7         9        14
10479:          7         8        12        12         7        11         9
10486:         12        11         5        11        12        13        11
10493:         10        12        14         9        13        11        10
10500:          6         7        14         8        25        11         8
10507:         12        12        13         9         9        12        11
10514:         13        10         8         3        11        13        17
10521:          7        11        13         7        14         7        14
10528:         10         8        14        13        11         8         7
10535:         10         5         6        10        10        10        15
10542:          8        12        11         6         9         6        12
10549:          5        13         9         7         8         9        12
10556:         10        13         9        15        12        10        14
10563:          4        13        11        16        11        11         9
10570:         15         7        10         7         9        10        10
10577:          9         9        10         4        11        10        10
10584:         13        11         6        11         8         6        10
10591:          9         4        14        15        12        10        10
10598:          7        13        10        10         9         8        10
10605:          7        10         7         7         9         9         9
10612:         11         9        11        10        10        11         9
10619:         11         8         8        12        13        13         7
10626:         11        10        14        12         7         9         9
10633:          7        14        14         8        10         4         6
10640:          9         6        10        11         8         6         9
10647:         10        20         7        17         7         6         8
10654:         10        11         7        10        11        15        12
10661:          7         7         9         9        13         8         4
10668:          5        10         9        15         5        10        13
10675:         13        14         5        10         7         8        14
10682:         11        13        10        10         9         9        11
10689:          5        10        12         9        15        15         8
10696:         12         9        13         4        12         8        11
10703:          9         7        16        10         9         6         7
10710:          9        11        11        10         8         7         6
10717:         10         6         9        11        10        10        10
10724:          8         8        10         8         7        12        11
10731:          9         6        12         8         8         5         9
10738:          6        10         7         6         7        11         7
10745:         13         7        11        11         2        10        10
10752:          6        11         8         9         9         9        15
10759:         10        11         5        10         6         8         7
10766:         13        11         6         7        10         7        11
10773:         10         7        10         7         9        13        12
10780:          5        11         7        11         9         9         6
10787:          9         9        15        10         6        11         8
10794:         10         8         7         4         9         8         5
10801:          3        11         9         6         9         9        11
10808:          5         7        12         9         8        11         6
10815:          7         6        10         7        13        11         9
10822:          5        14         7        15        11         5         7
10829:          6        15         5        17         5        11         9
10836:          8        10        13         3        10         7         6
10843:         14         4        12        13         9         5        10
10850:          9         6         7        13        13         7         8
10857:         15         9         6         8        10         5         9
10864:         12        14        19         7         9         5        10
10871:         13         6         8         7         9         5         5
10878:         11        13         6        11        10         7        13
10885:          5         5        15         8        15        12         4
10892:         11        14         3         9         8        13        11
10899:         14         5         5         7         7         7         6
10906:         12        11         6         6         7        12         8
10913:          3         5        12         8         9        15         8
10920:          4         5        11         8         7         6         9
10927:          7        11         2         8         9         5         9
10934:         10         8         5         9         8        12        10
10941:          5         7        10        11         8        10         7
10948:         13         9         9         5        12         8         6
10955:          6         9         8         2         6         7         7
10962:          8        13         6        13         9        10        13
10969:         11         8         7         6        13         9         7
10976:          2         5         6         8         6         6         7
10983:          9        11        10         7         7        11         8
10990:          9         8         9        14         9        11         8
10997:          5        11        11         7         7         6        11
11004:         14        10        10         5         8        12        12
11011:          9        10        13         5         6         5         7
11018:          4         9         5         7         8         7         9
11025:          5        10        10         5         3        10        10
11032:          5         7         4         8         8         4         7
11039:         17         6         6         4         8         5        14
11046:          5        11         7         9         6         9         7
11053:          8        12         4         2         4         9         4
11060:         11         8         6         6         7         9         5
11067:         10         5         5        11         7         9        11
11074:          6         6         9         5        10         5         6
11081:          8         9         8         7         5         8         6
11088:          3         9         9         7         7         8         4
11095:         10         4        10         5         7        12         8
11102:          7        13         4        11         8         5         2
11109:          9         7         6         8         8         9         9
11116:          8         8        12         5         4         2         9
11123:          3         5        11         7         5         8         7
11130:          4         7         4         8         8         6         6
11137:          7         8         8         9         4         9        13
11144:          9         8         3         9         2         9        12
11151:         10         6         8         4         7         5         7
11158:          7        12         6         5         6         4         7
11165:         13         7        12         4         7         4        10
11172:          6         5         6         5         6         6         5
11179:         10         4         3         4         5         8        10
11186:          4         2         7         1         6         7         5
11193:          6         4         5         8         4         8         4
11200:          5         7         6         2         6         8         6
11207:          8         9         5         7         5         5         3
11214:          7         7         9        10         8         7         8
11221:          9         7         7         8         1         3         4
11228:          3         3         6         4         3         8         2
11235:         12         2         6         5        10         2         7
11242:          5         5         5         4         4         5         7
11249:          5         9         7         6         7         3         2
11256:          8         4         2         2         4         7         7
11263:          7         5         9         5         6         9         4
11270:          9         4         4         6         7         5         5
11277:          4         6         6         3         6         3         3
11284:          3         6         2         9         8         7         1
11291:          4         6         7         4         4         4         5
11298:          5         3         9         4         3         9         7
11305:          4         5        10         5         4         4         7
11312:          2         2         6         8         4         8         4
11319:          7         1         4         8         7         3         9
11326:          3        10         6         5         6         3        10
11333:          7         6         3         5         6         3         5
11340:          4         4         6        11         8         3         6
11347:          6         5         4        11         6         3         3
11354:          3         6         3         4         4         4         5
11361:          5         5         4         2         6         3         5
11368:          6         4         4         5         4         5         5
11375:          2         3         4         4         3         6         4
11382:          3         8         2         5         5         8         6
11389:          4         5         2         2         4         3         9
11396:          1         3         7         3         3         7         2
11403:          2         6         7         3         2         5         5
11410:          7         6         6         4         1         3         5
11417:         10         5         3         2         2         4         2
11424:          1         8         2         2         4         5         6
11431:          3         5         4         1         2         5         3
11438:          3         5         5         5         2         5         1
11445:          7         2         3         4         2         1         3
11452:          4         6         4         7         4         5         4
11459:          4         4         6         3         3         1         5
11466:          3         5         1         4         3         6         5
11473:          6         7         1         1         6         3         5
11480:          3         2         6         1         3         9         5
11487:          5         6         3         4         6         4         4
11494:          2         4         4         3         4         6         4
11501:          4         6         0         2         5         4         2
11508:          1         3         3         0         3         2         3
11515:          4         5         3         6         5         2         2
11522:          2         3         5         6         1         4         4
11529:          3         5         5         4         4         4         5
11536:          4         3         1         2         5         1         4
11543:          5         4         1         5         2         2         6
11550:          4         4         2         3         3         4         4
11557:          4         3         2         4         3         0         3
11564:          6         4         3         2         6         3         2
11571:          4         6         2         2         1         6         4
11578:          4         3         3         3         4         6         4
11585:          2         3         4         0         2         3         3
11592:          4         1         4         6         6         4         5
11599:          0         4         2         3         4         4         5
11606:          4         6         4         5         6         5         6
11613:          2         6         5         0         1         2         2
11620:          5         2         3         8         2         2         1
11627:          2         4         2         5         5         2         2
11634:          5         2         4         2         6         3         4
11641:          1         4         2         5         2         4         6
11648:          1         3         3         2         0         5         1
11655:          3         4         4         3         1         0         1
11662:          0         2         3         4         4         1         1
11669:          1         3         3         2         1         2         4
11676:          3         0         4         2         5         3         2
11683:          3         1         4         1         2         1         6
11690:          2         3         2         3         2         1         0
11697:          3         2         1         4         2         6         4
11704:          2         6         3         1         7         2         2
11711:          2         2         5         5         3         1         3
11718:          4         4         3         8         6         3         2
11725:          5         3         4         2         0         0         2
11732:          2         7         0         5         0         4         6
11739:          3         7         1         0         2         3         0
11746:          2         6         2         3         3         4         0
11753:          1         3         5         5         3         3         4
11760:          3         5         2         1         0         2         3
11767:          2         2         0         2         2         2         1
11774:          4         3         3         3         2         5         5
11781:          3         1         2         3         2         2         2
11788:          1         4         3         0         2         3         1
11795:          5         3         3         2         5         3         1
11802:          2         0         1         3         2         2         3
11809:          3         3         1         2         1         2         3
11816:          2         6         1         3         6         2         2
11823:          2         4         3         6         3         2         4
11830:          3         4         3         1         2         0         5
11837:          0         5         7         3         1         6         3
11844:          6         2         1         4         2         2         6
11851:          2         0         5         2         3         0         0
11858:          1         2         3         8         2         2         5
11865:          0         4         4         1         1         4         1
11872:          1         0         2         6         1         0         4
11879:          1         3         2         3         4         2         4
11886:          3         2         3         6         2         1         7
11893:          8         4         3         0         3         1         3
11900:          5         2         2         2         4         2         3
11907:          1         0         2         2         3         4         2
11914:          1         4         4         5         5         3         2
11921:          3         3         1         4         1         1         0
11928:          4         4         3         4         4         1         2
11935:          3         4         2         3         3         0         3
11942:          4         3         3         3         3         6         3
11949:          3         3         1         2         2         4         2
11956:          4         7         3         5         2         2         4
11963:          5         2         1         3         4         3         1
11970:          3         3         1         2         1         1         4
11977:          4         1         4         3         3         1         4
11984:          0         5         2         3         1         3         6
11991:          2         2         4         4         3         5         2
11998:          6         6         4         1         3         4         0
12005:          1         4         4         4         2         4         3
12012:          2         5         3         3         5         0         3
12019:          2         1         8         8         4         4         6
12026:          2         2         1         3         1         6         3
12033:          1         6         4         2         3         3         2
12040:          5         3         1         8         3         1         3
12047:          2         4         4         2         4         4         7
12054:          5         1         4         6         3         3         2
12061:          3         1         4         6         4         3         3
12068:          2         9         3         7         2         3         0
12075:          3         7         8         4         3         2         2
12082:          2         3         1         4         5         3         5
12089:          4         4         5         2         2         4         4
12096:          6         7         5         6         4         1         6
12103:          3         5         7         9         4         1         5
12110:          4         5         2         5         5         4         6
12117:          8         4         2         1         2        10         6
12124:          4         6         2         4         1         8         1
12131:          4         3         4        10         2         5         4
12138:          9         2         5         3         8         5         8
12145:          4         6        11         1         2         5         4
12152:          7         6         8         4         9         7         6
12159:          1         3         4        12         1         8         4
12166:          8        10         8        12         4        10         7
12173:          6         1         7         5         7         7         3
12180:         10        10         7         8         4        10         7
12187:          6        10         4         4        12         5         5
12194:          6         4         7         4         9         9         3
12201:          4         6         4         7         8         4         7
12208:          3         4         7         6         5         3         9
12215:          9         9        12         5         5         5         7
12222:          4         5         6         5         5         4         7
12229:          6         9         5         7         7        10         9
12236:          5         9         2         5         6         5         6
12243:          8         6         8         4         5        11         8
12250:          6         7         9         5         4         6         6
12257:         16         8         7         9        12         9         7
12264:          6         5        10        12         9        10         6
12271:          6         8         7         4         8         8         5
12278:         12         6         6         9         9         6         1
12285:          7         4        10         5        16        11        12
12292:          5        10         5         9        10        11        10
12299:          9        11        16        12         5        10         6
12306:         13        15         8        13         8        12         8
12313:          7        13        10        10        10         8         9
12320:         12         5         7        14        14         7        12
12327:          6        12        15         7        10         8        12
12334:         11        12        10         8        17        12        10
12341:         11        15        10        13         5        10         9
12348:         15         8        10        14        11        13        11
12355:          9         9         3         8        14        11        14
12362:          2        10        14         9        14         9         7
12369:         15         9        11         5        19         7         9
12376:         13        18        15        11        14        13        10
12383:         13        11        10        14         8        13        10
12390:         11        12        19         8        14        10        11
12397:         17         7        11         9        14        12        14
12404:         12        12        19        19        18        10         9
12411:          6        20        10        13        13        17        10
12418:         13        10        15        16        11        13        16
12425:         11        15        16        16         9        21        13
12432:         12        12         9        16        18        13        13
12439:         13        20        12        11        13        16        11
12446:         11         7        15        19        18        16         9
12453:         11        15        14        14        11        15        10
12460:         16        16        19        16        15        16        14
12467:         19         8         9        10        23        21        15
12474:         18        12        11        14        24        12         9
12481:         14        13        18        21        18        12        12
12488:         17        16        11        19        15        10        21
12495:         12        12        16        14        16        17        29
12502:         14        11        17        11         8        14        18
12509:         22        19        16        16        21        28        14
12516:         20        11        17        19         9        21        14
12523:         14        14        15        19        21        20        16
12530:         14        10        13        12        21        25        24
12537:         18        24        19        20        18        13        25
12544:         25        15        11        16        21        26        15
12551:         20        13        14        17        31        15        21
12558:         16        20        17        18        17        17        22
12565:         22        17        21        22        16        20        20
12572:         20        23        19        12        19        21        15
12579:         20        16        15        17        13        31        15
12586:         19        19        14        22        14        14        20
12593:         19        18        21        24        16        16        21
12600:         19        20        19        12        17        17        20
12607:         23        24        20        19        21        16        16
12614:         20        25        21        12        23        16        18
12621:         21        19         9        16        20        16        29
12628:         20        20        23        27        19        25        21
12635:         13        14        28        14        26        20        24
12642:         26        19        16        21        15        12        14
12649:         22        22        23        17        19        19        20
12656:         14        13        23        14        14        24        11
12663:         17        20        14        20        19        22        22
12670:         21        15        13        21        22        28        20
12677:         21        22        18        14        14        15        23
12684:         15        18        25        10        23        17        13
12691:         23        17        20        20        21        18        14
12698:         23        25        21        16        16        14        19
12705:         29        34        24        17        17        17        17
12712:         16        18        18        17        24        17        22
12719:         20        20        21        18        25        19        19
12726:         12        18        31        18        15        17        20
12733:         21        24        21        21        14        25        24
12740:         18        17        20        14        23        17        18
12747:         29        14        17        26        19        18        19
12754:         17        18        27        17        15        26        21
12761:         20        18        18        23        18        16        22
12768:         11        19        18        11        17         8        16
12775:         15         9        12        17        16        14        20
12782:          8        17        21        20        18        16        20
12789:         21        23        18        17        20        16        15
12796:         18        16        17        18        20        25        11
12803:         20        17        13        22        24        10        17
12810:         23        14        17        18        21        17        11
12817:         14        24        20        12        13        17        17
12824:         21        14        14        15        20        17        21
12831:         25        10        16        13        17        24         8
12838:         25        15        16         8        17        14        16
12845:         16        11        12        23        16        20        12
12852:         22        17        16        18        19        22        13
12859:         11        14         7        16        11        14        15
12866:         20        16        17        13        22        14        12
12873:         14         9        15        16        19        13        12
12880:         12        17        12        17        16        13        17
12887:         21        13        14        12        14        13        15
12894:         14        10        13        11        16        14        12
12901:         12        14        19        14        13        14        11
12908:         19        17        15        15        13        11         8
12915:         14        11        13        10         9        15         9
12922:         10        11        12        12        10        15         9
12929:         15         7         9         8        15        13         8
12936:         11         9        15        10        19        13        15
12943:         12         5        14        11         6         7        15
12950:         11        12        16        11        14         7        10
12957:          8        10         8        13         9        10        20
12964:         20         6         4        14        13        11        12
12971:         13        13        10        13        11        10        10
12978:          6        14        12        10         9        11         8
12985:          6        12         7        12        10         7        10
12992:          4        15         9        11         9         7        11
12999:          9        11         7        12         5        14        10
13006:          9        13         7         7         9         9         9
13013:         14        15        10        11         9         9        13
13020:          7        10         6         4        12         6        10
13027:          4         8        10         3         5         6         5
13034:          3        15        12         8         9         8        10
13041:         11         6         4         9         7        10         7
13048:          8         9         8         8         9         7         7
13055:          7         7        10         9         7         6         5
13062:          7         7         8         4         8         7        13
13069:          5         7         7         3         4         9         3
13076:         11         9        11         7         4         8         7
13083:          5         7         2         8         7         6         4
13090:          5         8        11         8         1         3         3
13097:          5         8         5         7         5         4         6
13104:          5        10         6         5         8         4         7
13111:          9         7         5         6         3         4         4
13118:          6         3         3         2         4         2         3
13125:          5         3         3         5         9         8         3
13132:          7         6         1         5         3         9         4
13139:          7         6         2         5         4         9         7
13146:          6         2         5         7         4         5         3
13153:          4         3         7         3         4         3         4
13160:          9         6         4        10         1         7         2
13167:          5         4         5         6         6         2         3
13174:          4         3         5         3         4         6         1
13181:          2         4         5         4         3         1         6
13188:          2         3         1         3         0         5         2
13195:          0         5         2         4         4         3         3
13202:          3         4         3         6         4         6         5
13209:          2         3         0         3         8         2         1
13216:          1         2         3         2         5         1         2
13223:          1         1         1         2         3         3         2
13230:          4         1         1         2         3         0         2
13237:          1         5         2         1         3         0         0
13244:          1         4         1         3         1         0         3
13251:          4         1         2         5         0         2         3
13258:          4         3         1         1         0         0         2
13265:          2         2         0         1         0         1         0
13272:          0         5         2         3         0         1         1
13279:          4         3         2         1         1         1         0
13286:          2         2         1         0         5         3         4
13293:          3         2         2         2         3         0         2
13300:          1         1         1         2         3         0         1
13307:          0         2         2         2         1         2         1
13314:          2         2         1         1         2         2         1
13321:          3         0         0         2         1         0         2
13328:          2         0         4         1         2         4         0
13335:          0         0         1         2         0         0         1
13342:          1         1         3         6         1         0         0
13349:          2         0         0         1         0         2         0
13356:          1         1         1         1         2         0         1
13363:          2         3         3         0         1         2         0
13370:          0         1         1         2         0         1         0
13377:          1         1         2         3         2         1         1
13384:          1         1         2         0         0         0         2
13391:          2         1         1         2         2         0         0
13398:          2         0         1         1         0         0         0
13405:          2         0         1         1         0         2         1
13412:          0         0         0         0         0         1         0
13419:          2         4         2         0         2         0         1
13426:          0         2         1         2         0         0         1
13433:          0         0         0         0         0         2         2
13440:          1         0         2         1         0         0         0
13447:          0         0         1         0         0         1         0
13454:          0         1         2         1         0         0         1
13461:          0         0         2         0         1         0         0
13468:          0         3         0         2         0         1         0
13475:          0         1         0         0         1         1         1
13482:          3         1         0         0         2         1         0
13489:          0         1         1         2         1         1         0
13496:          0         1         1         1         1         0         0
13503:          0         2         1         0         0         1         0
13510:          0         1         0         1         1         0         1
13517:          2         2         0         0         0         0         0
13524:          0         0         0         0         0         1         0
13531:          0         1         0         0         0         2         1
13538:          0         0         1         0         0         0         1
13545:          0         2         0         1         1         0         0
13552:          0         1         0         1         1         1         0
13559:          0         1         0         0         0         0         0
13566:          2         1         0         0         0         0         1
13573:          2         0         0         0         1         1         0
13580:          0         0         1         0         0         0         1
13587:          0         0         0         0         0         0         1
13594:          0         0         0         0         1         0         3
13601:          1         0         1         0         0         1         0
13608:          0         0         1         0         0         0         1
13615:          1         1         0         1         1         0         1
13622:          0         1         0         1         1         0         2
13629:          0         0         0         0         0         2         0
13636:          1         0         0         0         1         0         0
13643:          0         0         1         1         1         1         0
13650:          0         2         3         1         1         1         0
13657:          0         0         0         0         1         0         0
13664:          0         0         2         1         1         0         0
13671:          0         0         0         2         0         0         0
13678:          1         1         1         0         0         0         0
13685:          0         0         1         1         1         0         0
13692:          0         1         0         0         0         0         1
13699:          0         0         0         0         1         0         0
13706:          0         0         0         1         2         2         0
13713:          1         0         0         0         0         2         0
13720:          0         3         0         0         0         0         1
13727:          1         0         1         0         0         0         0
13734:          0         1         0         0         1         0         0
13741:          0         1         0         1         0         0         1
13748:          0         0         2         1         0         0         1
13755:          1         1         0         0         1         0         0
13762:          0         0         0         0         0         0         0
13769:          1         1         3         0         0         0         1
13776:          1         0         0         0         1         0         0
13783:          0         1         0         0         0         0         0
13790:          0         0         4         0         0         1         0
13797:          0         1         0         0         1         0         0
13804:          0         0         0         0         0         2         0
13811:          0         0         0         1         1         0         0
13818:          0         0         0         0         3         0         0
13825:          1         0         0         0         0         0         0
13832:          0         0         1         2         0         1         1
13839:          0         0         0         0         0         0         0
13846:          0         0         2         0         0         0         0
13853:          0         0         0         1         0         0         0
13860:          1         0         0         0         0         0         1
13867:          2         1         0         0         0         0         0
13874:          0         0         1         0         0         1         0
13881:          0         0         2         0         0         1         0
13888:          2         1         0         0         1         0         0
13895:          1         0         0         0         0         0         0
13902:          0         0         1         1         1         0         0
13909:          0         0         1         0         0         1         0
13916:          1         0         1         0         0         1         0
13923:          0         1         0         2         1         0         1
13930:          1         2         1         0         1         1         0
13937:          0         2         1         0         0         1         3
13944:          0         1         1         0         1         0         2
13951:          0         0         0         1         0         1         0
13958:          0         0         0         1         1         0         0
13965:          1         0         1         0         2         1         0
13972:          0         0         0         0         1         0         1
13979:          1         0         0         1         0         0         1
13986:          0         0         0         0         0         0         0
13993:          0         1         0         0         0         1         1
14000:          0         0         0         0         0         1         0
14007:          0         1         0         0         1         0         0
14014:          0         1         1         0         0         0         1
14021:          0         1         2         1         0         0         0
14028:          1         1         0         0         0         0         1
14035:          0         0         0         0         1         0         0
14042:          1         1         1         0         0         0         0
14049:          0         0         0         0         1         0         0
14056:          0         0         0         0         0         0         1
14063:          0         0         0         0         0         1         0
14070:          0         0         0         0         1         0         0
14077:          0         1         1         0         1         0         0
14084:          0         0         1         0         2         0         1
14091:          0         0         0         0         1         1         0
14098:          0         0         0         0         1         0         0
14105:          0         0         0         1         0         2         0
14112:          0         0         1         0         0         0         0
14119:          0         1         0         0         1         0         0
14126:          0         2         0         0         0         2         0
14133:          0         0         0         1         0         0         0
14140:          1         0         0         0         1         1         0
14147:          1         0         0         0         0         0         0
14154:          0         0         1         0         0         0         0
14161:          1         0         0         0         0         1         0
14168:          0         1         0         0         0         0         0
14175:          0         0         1         0         0         1         0
14182:          0         0         0         0         2         0         0
14189:          2         0         1         0         0         1         0
14196:          0         0         0         1         0         0         0
14203:          1         0         0         1         0         1         1
14210:          0         0         2         0         0         0         1
14217:          0         1         1         0         0         0         0
14224:          0         0         0         1         1         0         1
14231:          0         0         0         0         0         1         0
14238:          0         0         0         0         0         1         0
14245:          0         0         0         0         0         0         0
14252:          0         1         1         0         0         0         1
14259:          0         0         0         3         0         0         0
14266:          0         0         0         0         1         0         0
14273:          0         0         0         0         0         0         0
14280:          0         0         0         0         0         1         1
14287:          0         1         0         0         0         0         0
14294:          0         0         0         0         0         0         0
14301:          0         0         0         0         0         0         1
14308:          0         0         0         0         0         0         0
14315:          0         0         1         0         0         1         0
14322:          1         1         1         0         0         0         0
14329:          0         0         0         2         0         0         1
14336:          1         0         0         0         0         0         0
14343:          0         2         0         1         0         0         0
14350:          0         0         0         0         0         0         0
14357:          0         0         0         2         0         1         0
14364:          0         0         1         0         0         0         1
14371:          0         0         0         0         0         0         0
14378:          0         0         0         1         0         0         0
14385:          0         0         0         1         0         0         1
14392:          0         0         0         1         0         0         0
14399:          1         1         1         0         0         0         0
14406:          1         0         1         0         0         0         0
14413:          0         0         0         0         0         0         1
14420:          0         0         1         0         0         0         0
14427:          0         1         0         0         0         0         0
14434:          1         1         1         1         0         0         0
14441:          0         1         0         0         0         1         0
14448:          0         0         0         0         0         0         0
14455:          0         0         0         0         0         0         0
14462:          0         0         0         0         0         1         0
14469:          0         0         0         0         0         0         0
14476:          0         1         0         0         0         1         0
14483:          0         0         0         0         0         0         0
14490:          0         0         0         0         0         3         0
14497:          1         0         0         1         0         0         1
14504:          0         0         0         0         1         0         0
14511:          0         0         1         0         1         0         0
14518:          0         0         0         0         0         0         0
14525:          0         0         1         0         0         0         1
14532:          0         0         0         0         0         0         0
14539:          1         0         0         0         0         0         0
14546:          0         0         0         1         0         1         0
14553:          0         0         0         0         0         0         0
14560:          0         1         0         0         0         0         0
14567:          0         0         0         0         0         0         0
14574:          0         0         0         0         1         0         1
14581:          0         0         0         0         0         0         0
14588:          0         0         0         0         0         0         0
14595:          0         0         0         0         0         0         0
14602:          0         0         0         0         0         1         0
14609:          0         0         1         0         0         1         0
14616:          0         0         0         0         1         1         0
14623:          1         0         0         1         0         1         0
14630:          0         0         0         0         0         0         0
14637:          0         0         0         0         0         0         0
14644:          0         0         0         0         1         0         1
14651:          0         0         1         1         0         0         0
14658:          0         0         1         0         0         0         0
14665:          1         1         1         0         0         0         0
14672:          0         0         0         0         0         0         0
14679:          0         0         0         2         0         0         0
14686:          1         0         1         1         2         0         0
14693:          1         0         0         0         0         0         1
14700:          0         0         1         1         0         0         0
14707:          0         0         0         1         0         0         0
14714:          0         0         0         0         0         0         0
14721:          0         0         0         0         0         0         0
14728:          1         0         0         0         0         0         0
14735:          0         0         0         0         1         0         0
14742:          0         0         0         0         0         0         0
14749:          0         0         2         0         0         0         0
14756:          0         0         0         0         0         1         0
14763:          0         0         0         0         0         0         0
14770:          0         0         0         0         0         0         0
14777:          0         0         0         0         0         0         0
14784:          0         0         0         0         1         0         0
14791:          0         0         0         0         0         0         0
14798:          1         0         1         0         0         0         0
14805:          0         0         0         1         0         0         0
14812:          0         0         1         1         1         0         0
14819:          2         0         0         0         0         0         0
14826:          0         0         0         0         0         0         0
14833:          0         1         0         0         2         1         0
14840:          0         1         0         0         0         0         0
14847:          1         0         0         0         0         0         0
14854:          0         0         0         0         0         0         0
14861:          1         0         0         1         1         0         0
14868:          0         0         0         0         0         0         0
14875:          0         0         1         0         1         0         0
14882:          0         0         0         0         1         0         0
14889:          1         0         0         0         0         0         0
14896:          0         0         0         0         0         0         0
14903:          0         0         0         0         0         0         0
14910:          0         0         1         0         0         0         0
14917:          0         0         0         0         0         0         0
14924:          0         0         0         0         0         0         0
14931:          0         0         0         0         0         0         0
14938:          0         0         0         1         0         2         0
14945:          0         1         0         1         0         1         0
14952:          0         0         0         0         2         0         0
14959:          0         0         0         1         2         0         0
14966:          0         0         0         1         0         0         0
14973:          0         0         1         0         1         0         1
14980:          0         0         0         0         0         0         0
14987:          0         0         0         0         0         0         0
14994:          0         0         0         0         0         0         0
15001:          0         0         1         0         0         0         1
15008:          0         0         0         0         0         0         0
15015:          0         0         0         0         0         0         0
15022:          0         1         0         0         0         0         0
15029:          0         0         0         0         0         0         0
15036:          0         0         0         0         0         1         0
15043:          0         0         0         0         0         0         0
15050:          0         0         0         0         0         0         0
15057:          0         0         0         0         0         0         0
15064:          0         0         0         0         0         0         0
15071:          0         0         0         0         0         0         0
15078:          0         0         0         0         0         0         0
15085:          0         1         0         0         0         1         1
15092:          0         0         0         0         0         0         0
15099:          0         0         0         0         0         0         0
15106:          0         0         0         0         0         0         1
15113:          0         0         1         0         0         0         0
15120:          0         0         0         1         0         0         0
15127:          0         0         0         0         0         0         0
15134:          1         1         0         0         0         0         0
15141:          1         0         0         0         0         1         0
15148:          1         0         0         0         0         0         0
15155:          0         0         1         0         0         2         0
15162:          0         0         0         0         0         1         0
15169:          0         0         1         1         0         0         0
15176:          0         0         0         0         0         0         0
15183:          1         0         0         0         0         0         0
15190:          0         0         1         0         0         0         0
15197:          0         0         0         0         0         1         0
15204:          0         0         0         0         0         0         0
15211:          0         0         0         1         0         0         0
15218:          0         0         0         0         0         0         0
15225:          1         0         0         0         0         0         0
15232:          0         1         0         1         0         0         0
15239:          0         0         0         0         0         0         0
15246:          0         0         0         0         0         0         0
15253:          0         0         0         0         0         1         0
15260:          1         1         0         1         0         0         0
15267:          0         0         0         0         1         0         0
15274:          1         0         0         0         0         0         0
15281:          0         0         0         0         1         0         0
15288:          0         0         0         0         0         0         0
15295:          0         0         0         0         0         0         0
15302:          0         1         1         0         1         0         0
15309:          0         0         0         0         0         0         1
15316:          0         0         0         0         0         0         0
15323:          1         0         0         0         0         0         0
15330:          0         1         0         1         1         1         0
15337:          0         0         0         0         0         0         0
15344:          0         0         0         0         0         0         0
15351:          0         0         0         0         0         0         0
15358:          0         1         0         0         0         0         0
15365:          1         0         0         0         0         1         0
15372:          0         0         0         0         0         0         0
15379:          0         0         0         0         0         0         0
15386:          0         0         0         0         0         0         0
15393:          1         0         0         0         0         0         0
15400:          1         0         1         0         0         0         0
15407:          0         0         0         0         1         1         0
15414:          0         0         0         0         1         0         0
15421:          0         1         0         0         0         0         0
15428:          0         0         0         0         0         0         0
15435:          0         1         0         1         0         0         0
15442:          0         0         0         0         0         0         0
15449:          0         0         0         1         0         0         1
15456:          0         2         0         1         0         0         0
15463:          0         0         0         0         0         0         0
15470:          1         0         0         0         1         0         0
15477:          0         0         0         1         1         0         0
15484:          0         0         0         0         0         2         0
15491:          0         0         1         0         0         0         0
15498:          0         0         0         1         0         1         0
15505:          0         0         0         0         0         0         0
15512:          0         0         0         0         0         1         0
15519:          0         1         0         1         0         0         0
15526:          0         0         0         0         0         0         2
15533:          0         0         0         0         0         0         0
15540:          0         0         0         0         0         0         1
15547:          0         1         0         0         2         0         0
15554:          0         0         0         0         1         0         0
15561:          1         0         0         0         0         0         0
15568:          0         0         0         1         0         0         0
15575:          0         0         1         0         0         0         0
15582:          0         0         0         0         0         0         0
15589:          1         0         0         0         0         0         0
15596:          0         0         0         0         0         0         1
15603:          0         0         0         1         0         0         0
15610:          0         0         0         0         0         0         0
15617:          0         0         0         1         0         0         0
15624:          0         0         0         0         0         0         0
15631:          0         0         0         0         0         0         0
15638:          0         0         1         0         0         0         0
15645:          0         1         0         0         0         0         0
15652:          1         0         0         0         0         0         1
15659:          0         0         1         0         0         1         0
15666:          0         0         1         0         0         0         0
15673:          0         1         0         0         1         0         0
15680:          0         0         0         0         0         1         0
15687:          0         0         0         0         2         0         0
15694:          0         0         0         0         0         0         0
15701:          0         0         0         1         0         0         0
15708:          0         0         1         0         0         0         0
15715:          0         0         0         0         0         1         0
15722:          0         0         0         0         0         0         1
15729:          0         0         0         0         0         0         0
15736:          0         0         0         0         0         0         0
15743:          0         0         0         0         0         0         0
15750:          0         0         0         0         0         0         0
15757:          0         0         0         0         0         1         0
15764:          0         0         0         0         0         0         0
15771:          0         0         0         0         0         0         0
15778:          0         0         0         0         0         1         0
15785:          1         0         0         0         0         0         0
15792:          0         0         1         0         0         0         0
15799:          0         0         0         0         0         0         0
15806:          1         0         0         0         0         0         0
15813:          0         0         1         0         1         0         1
15820:          0         0         1         1         1         1         0
15827:          0         0         0         0         0         0         0
15834:          0         0         0         0         0         0         0
15841:          0         0         0         1         0         0         0
15848:          0         0         0         0         0         0         0
15855:          0         0         0         0         0         0         0
15862:          0         0         0         1         0         0         0
15869:          0         0         0         0         0         0         0
15876:          0         0         0         0         0         0         0
15883:          1         0         0         0         0         0         0
15890:          0         0         1         1         0         0         0
15897:          0         0         0         0         1         0         0
15904:          0         0         0         0         0         0         1
15911:          0         0         0         0         0         0         0
15918:          1         0         1         0         0         0         0
15925:          0         0         0         0         1         0         0
15932:          0         0         0         0         0         0         0
15939:          0         0         0         0         0         0         0
15946:          0         0         0         0         0         0         0
15953:          1         0         0         0         0         0         1
15960:          0         0         0         0         0         0         0
15967:          0         0         0         0         1         0         0
15974:          0         0         0         0         0         0         0
15981:          0         0         1         0         0         0         0
15988:          1         0         0         0         0         0         0
15995:          0         0         0         0         0         0         0
16002:          0         0         0         0         0         0         0
16009:          0         0         0         0         0         0         0
16016:          0         0         0         0         0         0         0
16023:          0         1         0         0         0         1         0
16030:          0         0         0         0         0         0         0
16037:          0         1         0         0         0         0         0
16044:          0         0         0         0         0         0         0
16051:          0         1         1         0         0         0         0
16058:          0         0         0         0         1         1         0
16065:          0         0         0         0         0         0         0
16072:          0         0         0         0         0         0         0
16079:          1         0         0         0         1         0         0
16086:          0         0         0         0         0         0         0
16093:          0         0         0         0         1         0         0
16100:          0         0         0         0         0         1         0
16107:          0         0         0         0         0         0         0
16114:          0         2         0         0         1         0         2
16121:          0         0         0         0         0         0         0
16128:          0         0         0         0         0         0         0
16135:          0         0         0         0         0         0         0
16142:          0         0         0         0         0         0         0
16149:          0         0         0         0         0         0         0
16156:          0         0         0         0         0         0         0
16163:          0         0         0         0         0         0         0
16170:          0         0         0         0         0         0         0
16177:          0         0         0         0         0         0         0
16184:          0         0         0         0         0         0         0
16191:          0         0         0         0         0         0         0
16198:          0         0         0         0         0         0         0
16205:          0         0         0         0         0         0         0
16212:          0         0         0         0         0         0         0
16219:          0         0         0         0         0         0         0
16226:          0         0         0         0         0         0         0
16233:          0         0         0         0         0         0         0
16240:          0         0         0         0         0         0         0
16247:          0         0         0         0         0         0         0
16254:          0         0         0         0         0         0         0
16261:          0         0         0         0         0         0         0
16268:          0         0         0         0         0         0         0
16275:          0         0         0         0         0         0         0
16282:          0         0         0         0         0         0         0
16289:          0         0         0         0         0         0         0
16296:          0         0         0         0         0         0         0
16303:          0         0         0         0         0         0         0
16310:          0         0         0         0         0         0         0
16317:          0         0         0         0         0         0         0
16324:          0         0         0         0         0         0         0
16331:          0         0         0         0         0         0         0
16338:          0         0         0         0         0         0         0
16345:          0         0         0         0         0         0         0
16352:          0         0         0         0         0         0         0
16359:          0         0         0         0         0         0         0
16366:          0         0         0         0         0         0         0
16373:          0         0         0         0         0         0         0
16380:          0         0         0         0