
Maestro spectrum printed on 8/25/2026 at 3:46:55 PM
>IU-FLKWC14 Model 928 SN 26005143                                                
    0:          0         0         0         0         0         0         0
    7:          0         0         0         0         0         0         0
   14:          0         0         0         0         0         0         0
   21:          0         0         0         0         0         0         0
   28:          0         0         0         0         0         0         0
   35:          0         0         0         0         0         0         0
   42:          0         0         0         0         0         0         0
   49:          0         0         0         0         0         0         0
   56:          0         0         0         0         0         0         0
   63:          0         0         0         0         0         0         0
   70:          0         0         0         0         0         0         0
   77:          0         0         0         0         0         0         0
   84:          0         0         0         0         0         0         0
   91:          0         0         0         0         0         0         0
   98:          0         0         0         0         0         0         0
  105:          0         0         0         0         0         0         0
  112:          0         0         1         0         0         0         0
  119:          0         0         0         0         0         0         0
  126:          0         0         0         0         0         0         0
  133:          0         0         1         0         0         0         0
  140:          0         1         0         0         0         0         0
  147:          0         1         1         1         0         0         0
  154:          1         0         0         0         0         1         0
  161:          0         0         0         0         0         0         1
  168:          0         0         0         2         0         0         0
  175:          0         0         0         1         0         0         0
  182:          0         0         1         0         0         0         0
  189:          0         0         0         0         0         0         1
  196:          1         0         0         0         0         0         1
  203:          1         0         1         0         0         0         0
  210:          2         0         0         1         0         1         0
  217:          2         0         3         2         4         4         5
  224:         13        48       133       177       154       158       188
  231:        200       227       204       206       239       226       237
  238:        259       287       270       287       311       322       346
  245:        360       358       393       390       437       422       410
  252:        414       432       475       484       443       476       520
  259:        458       535       481       519       567       504       551
  266:        482       557       525       570       502       548       528
  273:        525       482       500       492       461       480       494
  280:        466       428       479       439       476       478       448
  287:        388       366       401       418       369       370       358
  294:        306       334       320       317       291       296       269
  301:        276       251       246       252       235       243       213
  308:        201       200       191       191       199       190       158
  315:        191       182       149       157       149       154       135
  322:        132       125       117       130       127       117       132
  329:        107       128       102       109        95        95        82
  336:         92        78        80        73        96        78        97
  343:         63        76        67        68        80        83        68
  350:         63        56        80        64        71        58        64
  357:         62        60        72        52        54        54        69
  364:         48        53        58        72        66        49        57
  371:         50        51        48        58        61        49        54
  378:         59        49        65        49        60        49        57
  385:         40        42        51        44        46        52        52
  392:         42        49        57        44        43        60        56
  399:         65        58        53        44        42        43        48
  406:         41        61        46        43        51        44        44
  413:         54        53        48        60        44        46        56
  420:         58        54        46        51        67        53        43
  427:         52        57        58        49        49        50        60
  434:         40        46        45        45        52        60        51
  441:         59        48        50        54        50        42        56
  448:         55        40        41        55        57        58        49
  455:         50        54        38        57        65        49        56
  462:         53        49        44        52        42        56        45
  469:         53        54        49        55        48        41        57
  476:         49        56        58        60        55        52        56
  483:         52        56        51        53        52        49        51
  490:         48        54        49        54        42        54        41
  497:         56        47        56        52        48        60        57
  504:         49        60        53        64        52        51        44
  511:         57        48        42        57        57        61        55
  518:         47        63        67        55        49        56        51
  525:         55        50        60        65        53        61        51
  532:         57        63        68        63        60        65        52
  539:         53        58        61        58        54        68        49
  546:         58        56        46        49        56        66        61
  553:         71        70        66        74        70        62        69
  560:         64        63        65        58        73        61        70
  567:         61        70        63        53        65        70        66
  574:         57        57        67        44        66        75        81
  581:         69        76        76        78        47        94        65
  588:         69        73        46        70        61        68        79
  595:         77        55        80        61        69        55        62
  602:         71        73        80        67        77        82        67
  609:         56        74        90        79        64        88        83
  616:         75        54        66        74        81        67        62
  623:         60        76        70        74        74        75        68
  630:         71        56        73        68        88        68        73
  637:         64        73        80        74        63        79        53
  644:         69        76        78        64        59        75        70
  651:         67        70        53        69        79        61        68
  658:         59        67        80        76        71        71        54
  665:         59        70        64        63        50        57        53
  672:         59        53        69        56        64        52        59
  679:         66        56        62        51        69        57        69
  686:         81        70        53        49        65        45        54
  693:         62        55        80        50        55        47        52
  700:         51        57        67        48        61        46        59
  707:         59        57        46        60        57        54        50
  714:         64        52        58        65        61        53        47
  721:         51        52        63        60        48        63        56
  728:         62        51        50        59        58        51        49
  735:         56        64        63        53        57        49        64
  742:         44        63        60        56        43        57        51
  749:         47        58        43        40        57        53        44
  756:         48        48        53        60        56        48        60
  763:         35        60        59        39        59        54        46
  770:         63        59        55        43        38        36        53
  777:         51        40        49        49        54        54        53
  784:         60        60        54        51        48        54        53
  791:         71        50        43        49        50        43        51
  798:         59        55        42        52        47        49        48
  805:         48        55        61        51        50        46        55
  812:         46        54        61        65        61        43        51
  819:         36        50        37        52        47        48        47
  826:         50        47        40        45        39        49        41
  833:         49        47        45        51        45        52        46
  840:         49        49        48        61        48        55        55
  847:         52        40        47        46        49        54        45
  854:         54        58        64        52        59        54        58
  861:         55        56        46        52        50        53        66
  868:         46        43        59        48        55        43        49
  875:         60        48        59        49        66        58        48
  882:         46        41        56        53        50        59        41
  889:         31        55        55        58        49        62        59
  896:         57        52        48        58        45        54        59
  903:         51        46        66        63        53        43        69
  910:         49        42        60        75        53        53        66
  917:         51        53        48        61        60        48        44
  924:         38        71        39        50        54        52        61
  931:         56        60        53        58        56        68        55
  938:         55        58        53        45        57        51        51
  945:         44        43        47        46        61        61        42
  952:         40        53        46        56        61        53        48
  959:         48        62        43        40        62        47        46
  966:         63        51        52        51        44        60        61
  973:         47        61        61        57        50        56        62
  980:         53        46        53        62        48        57        41
  987:         54        51        61        42        56        49        65
  994:         67        46        52        38        52        65        62
 1001:         65        59        59        51        56        52        40
 1008:         53        53        53        62        52        46        52
 1015:         54        63        50        48        56        50        54
 1022:         49        57        54        54        43        59        52
 1029:         44        49        52        53        53        41        40
 1036:         41        47        50        56        59        52        60
 1043:         51        64        52        57        35        59        45
 1050:         62        53        47        62        54        51        59
 1057:         52        60        46        48        57        57        58
 1064:         54        52        69        48        57        50        54
 1071:         44        47        63        53        45        47        50
 1078:         46        52        45        72        38        58        56
 1085:         45        53        62        35        55        51        45
 1092:         62        60        49        38        61        48        53
 1099:         54        50        55        60        50        61        56
 1106:         39        48        46        55        60        49        54
 1113:         45        74        46        47        55        46        60
 1120:         64        51        58        53        53        53        48
 1127:         56        60        59        54        54        46        49
 1134:         67        63        50        34        49        50        51
 1141:         54        51        50        62        56        47        52
 1148:         49        50        57        57        53        54        44
 1155:         72        49        40        50        57        57        58
 1162:         64        51        58        48        40        55        55
 1169:         64        67        48        51        47        43        49
 1176:         61        59        58        50        44        50        46
 1183:         58        40        57        49        49        54        50
 1190:         47        45        53        51        51        53        57
 1197:         57        41        48        37        51        57        65
 1204:         66        43        54        61        59        58        63
 1211:         51        64        49        68        41        49        47
 1218:         60        53        55        49        46        47        50
 1225:         54        55        50        63        58        57        55
 1232:         53        57        59        62        54        51        67
 1239:         51        60        61        62        62        62        53
 1246:         65        54        70        52        55        53        57
 1253:         58        60        67        58        58        57        53
 1260:         63        50        61        75        49        57        51
 1267:         58        54        65        51        52        53        54
 1274:         52        69        61        66        57        53        38
 1281:         54        60        61        55        48        49        59
 1288:         56        53        59        55        55        52        52
 1295:         60        66        66        58        50        47        37
 1302:         60        58        60        56        59        62        79
 1309:         61        74        37        58        51        52        55
 1316:         65        60        63        54        60        83        58
 1323:         73        54        62        55        53        66        59
 1330:         70        73        72        71        51        66        60
 1337:         72        74        79        60        67        58        68
 1344:         64        70        55        69        62        76        72
 1351:         68        64        69        67        67        53        79
 1358:         59        58        69        61        63        70        65
 1365:         89        76        69        57        71        64        55
 1372:         49        65        72        68        79        69        86
 1379:         63        64        64        56        80        88        60
 1386:         74        66        75        53        67        75        69
 1393:         71        51        84        81        65        72        69
 1400:         71        77        94        84        69        72        75
 1407:         77        97        67        90        97        71        76
 1414:         73        72        67        76        71        89        66
 1421:         78        74        87        77        59        77        91
 1428:         89        74        84        74        73        75        66
 1435:         61        80        74        93        69        71        87
 1442:         77        81        68        66        79        79        69
 1449:         62        80        66        85        82        80        68
 1456:         73        77        76        67        70        74        66
 1463:         86        58        76        77        90        70        93
 1470:         79        83        74        71        86        73        76
 1477:         74        73        76        97        85        59       100
 1484:         68        77        71        91        86        91        84
 1491:         79        92        72        82        67        80        84
 1498:         70        68        71        82        75        93        87
 1505:         80        80        65        65        90        89        85
 1512:         97       103        86        62        73        80        79
 1519:         69        91        68        67        94        78        83
 1526:         89        75        79        76        61        69        64
 1533:         76        71        86        72        64        78        87
 1540:         63        76        81        76        73        74        83
 1547:         74        74        63        77        56        88        78
 1554:         80        87        64        73        61        79        70
 1561:         75        76        77        85        85        76        64
 1568:         61        60        83        81        62        73        76
 1575:         72        70        88        80        74        66        67
 1582:         69        88        71        65        94        72        52
 1589:         60        75        71        65        69        78        54
 1596:         66        78        72        70        66        79        75
 1603:         61        70        72        67        74        63        55
 1610:         72        74        66        70        92        58        72
 1617:         70        68        83        69        58        72        64
 1624:         87        66        65        65        80        81        77
 1631:         82        82        68        72        78        70        75
 1638:         69        55        64        79        69        59        72
 1645:         65        55        84        66        78        66        82
 1652:         79        68        66        60        58        83        65
 1659:         62        65        72        63        68        65        68
 1666:         62        68        63        71        76        62        59
 1673:         67        69        62        63        60        53        62
 1680:         76        57        66        64        71        52        70
 1687:         72        74        70        58        67        74        62
 1694:         74        69        57        70        64        60        62
 1701:         80        74        75        72        77        78        78
 1708:         73        80        55        58        71        70        75
 1715:         60        78        61        83        67        67        63
 1722:         65        57        62        63        63        49        63
 1729:         60        56        46        67        61        69        65
 1736:         55        54        61        78        53        71        81
 1743:         62        69        74        55        76        66        84
 1750:         63        67        66        75        85        64        69
 1757:         56        54        74        62        62        56        65
 1764:         67        77        65        56        69        70        68
 1771:         61        69        55        71        79        57        63
 1778:         47        66        63        57        49        62        77
 1785:         67        62        56        61        62        52        56
 1792:         63        51        54        62        47        54        52
 1799:         66        55        54        64        55        55        60
 1806:         51        60        56        51        56        51        57
 1813:         67        59        53        61        53        46        64
 1820:         63        60        54        51        62        62        64
 1827:         55        44        60        60        65        53        66
 1834:         55        49        57        80        66        70        64
 1841:         56        56        65        56        55        60        57
 1848:         50        65        49        46        51        78        63
 1855:         67        67        62        57        60        45        44
 1862:         60        60        70        69        47        65        56
 1869:         51        64        52        59        62        54        51
 1876:         54        54        59        55        52        57        48
 1883:         49        54        49        61        55        67        53
 1890:         44        69        65        58        46        55        68
 1897:         66        60        62        73        50        61        41
 1904:         46        56        55        62        65        52        54
 1911:         55        51        52        46        61        54        56
 1918:         54        59        52        50        52        70        62
 1925:         63        55        49        47        48        47        50
 1932:         52        55        57        44        57        59        46
 1939:         61        53        58        52        39        62        54
 1946:         61        59        45        66        51        45        46
 1953:         56        54        48        60        52        46        56
 1960:         46        66        51        47        46        43        58
 1967:         59        35        46        54        54        53        56
 1974:         66        45        53        61        42        47        39
 1981:         63        56        48        55        60        45        69
 1988:         57        54        52        57        67        53        58
 1995:         56        52        43        49        59        66        47
 2002:         55        62        67        61        53        39        40
 2009:         54        61        46        55        50        44        63
 2016:         54        43        70        45        60        49        56
 2023:         50        55        43        44        48        48        59
 2030:         48        59        46        57        55        60        55
 2037:         52        45        55        60        55        55        57
 2044:         48        50        43        58        59        50        46
 2051:         50        55        54        55        43        51        51
 2058:         57        59        51        49        51        55        44
 2065:         49        53        46        59        48        50        45
 2072:         56        49        56        55        49        51        40
 2079:         43        57        36        49        51        53        49
 2086:         64        40        47        45        71        38        55
 2093:         45        44        62        49        52        52        51
 2100:         35        56        56        44        52        46        50
 2107:         59        48        53        56        59        42        54
 2114:         43        51        45        54        54        55        42
 2121:         38        52        48        49        37        41        41
 2128:         45        51        45        59        52        51        56
 2135:         58        49        53        49        47        49        53
 2142:         37        44        39        48        53        59        46
 2149:         51        49        56        46        58        49        52
 2156:         50        38        43        62        38        50        61
 2163:         44        39        46        61        49        60        40
 2170:         56        38        54        49        53        41        42
 2177:         54        44        45        61        48        66        31
 2184:         49        60        46        52        42        47        41
 2191:         51        36        49        53        60        39        51
 2198:         59        53        46        52        40        52        50
 2205:         38        47        47        51        45        56        46
 2212:         47        47        50        54        55        47        54
 2219:         35        55        40        62        60        41        50
 2226:         40        45        62        52        57        37        49
 2233:         44        42        41        37        37        54        58
 2240:         45        52        46        43        57        47        39
 2247:         58        52        48        46        56        44        46
 2254:         48        50        47        37        57        41        50
 2261:         54        40        45        43        38        39        44
 2268:         55        45        41        46        45        56        47
 2275:         51        51        56        48        46        46        48
 2282:         35        51        45        40        45        39        46
 2289:         56        37        47        51        50        51        42
 2296:         41        44        47        36        37        46        64
 2303:         49        51        69        39        42        56        29
 2310:         36        60        49        46        41        33        46
 2317:         48        49        63        34        54        40        48
 2324:         36        39        65        55        47        39        48
 2331:         57        35        41        42        48        49        33
 2338:         44        41        50        41        49        45        43
 2345:         38        36        46        47        51        52        39
 2352:         44        55        48        37        40        53        40
 2359:         43        42        45        42        47        42        41
 2366:         48        42        53        37        35        51        43
 2373:         48        45        45        49        45        50        48
 2380:         41        44        42        40        61        42        49
 2387:         51        39        50        43        41        48        45
 2394:         50        51        40        49        46        49        46
 2401:         38        47        37        42        44        52        40
 2408:         34        36        53        49        40        36        44
 2415:         53        52        51        46        38        45        50
 2422:         41        44        46        36        56        44        32
 2429:         47        43        53        46        41        48        57
 2436:         43        49        35        47        42        46        35
 2443:         41        40        42        42        52        46        55
 2450:         41        36        40        52        46        36        41
 2457:         43        39        58        28        49        35        43
 2464:         44        34        39        42        43        30        46
 2471:         44        45        46        47        39        38        43
 2478:         57        35        57        49        43        44        50
 2485:         45        36        38        49        42        46        54
 2492:         45        37        56        51        52        42        38
 2499:         40        41        52        39        41        47        35
 2506:         41        48        49        46        39        40        34
 2513:         47        45        40        54        51        43        44
 2520:         46        44        38        43        38        57        44
 2527:         48        40        44        44        47        58        41
 2534:         48        51        40        42        52        51        39
 2541:         55        43        35        52        55        50        47
 2548:         44        40        45        46        48        47        42
 2555:         40        46        57        42        42        51        45
 2562:         53        46        42        53        49        42        40
 2569:         40        38        38        51        40        47        40
 2576:         51        48        46        43        38        50        45
 2583:         41        49        40        44        51        52        35
 2590:         35        31        41        35        37        49        45
 2597:         50        34        42        43        52        51        47
 2604:         40        47        38        54        42        48        43
 2611:         44        40        49        43        39        49        48
 2618:         51        39        40        39        55        38        50
 2625:         51        50        37        40        45        38        40
 2632:         42        41        39        42        43        27        45
 2639:         45        38        45        42        40        48        38
 2646:         41        30        34        58        50        34        32
 2653:         46        41        46        46        53        43        39
 2660:         37        44        48        44        47        61        27
 2667:         41        57        48        39        49        49        58
 2674:         50        43        44        36        38        40        39
 2681:         51        40        53        33        37        39        35
 2688:         30        32        35        48        42        32        45
 2695:         43        54        38        49        54        47        50
 2702:         49        54        38        56        42        46        34
 2709:         40        48        50        56        36        43        47
 2716:         34        50        44        54        49        34        43
 2723:         28        45        45        35        29        50        39
 2730:         39        47        38        32        44        36        42
 2737:         40        51        46        42        41        44        46
 2744:         47        40        39        45        41        36        42
 2751:         33        52        50        47        39        53        51
 2758:         35        37        46        38        53        50        37
 2765:         37        36        25        36        49        29        39
 2772:         47        54        42        45        43        45        36
 2779:         36        37        48        39        47        50        35
 2786:         41        35        39        41        47        44        39
 2793:         36        53        39        44        40        32        33
 2800:         54        40        40        36        46        49        40
 2807:         42        43        32        35        58        48        51
 2814:         66        42        37        40        44        42        47
 2821:         34        41        52        33        40        35        38
 2828:         39        43        43        44        37        44        40
 2835:         47        42        40        49        37        48        39
 2842:         34        46        39        49        36        50        34
 2849:         40        45        51        43        45        42        43
 2856:         34        37        40        43        41        45        49
 2863:         60        41        41        53        43        39        33
 2870:         48        38        53        31        38        43        44
 2877:         46        43        41        44        38        48        40
 2884:         47        42        38        48        33        42        43
 2891:         44        33        44        43        34        51        39
 2898:         43        40        39        39        36        44        41
 2905:         47        49        43        44        43        50        45
 2912:         38        47        37        44        37        32        49
 2919:         35        51        41        38        50        49        42
 2926:         38        42        51        42        51        47        40
 2933:         40        45        45        39        37        41        38
 2940:         40        33        59        33        37        45        56
 2947:         48        37        49        53        40        46        47
 2954:         49        56        40        46        34        56        42
 2961:         39        45        42        38        39        39        44
 2968:         39        50        36        46        47        39        38
 2975:         50        46        46        45        50        35        53
 2982:         41        44        44        51        41        34        44
 2989:         40        35        42        38        41        62        44
 2996:         27        38        36        49        38        53        56
 3003:         45        36        43        39        50        44        44
 3010:         46        44        47        42        43        38        48
 3017:         38        46        49        32        52        40        40
 3024:         43        47        43        52        49        36        40
 3031:         35        44        48        53        45        43        46
 3038:         35        46        38        47        42        33        43
 3045:         41        44        34        45        45        53        39
 3052:         53        43        47        52        44        50        45
 3059:         59        49        36        51        50        42        36
 3066:         50        47        59        41        42        45        34
 3073:         44        50        44        52        46        48        49
 3080:         46        39        44        47        45        42        50
 3087:         60        42        30        49        47        48        44
 3094:         54        39        49        46        37        49        46
 3101:         44        45        36        40        56        39        42
 3108:         35        55        42        29        39        43        39
 3115:         42        51        54        35        44        36        54
 3122:         42        42        38        55        38        46        38
 3129:         50        50        52        51        44        49        41
 3136:         41        39        43        37        44        39        49
 3143:         42        30        60        46        44        47        37
 3150:         45        44        47        51        53        49        55
 3157:         53        44        56        46        48        39        46
 3164:         42        33        36        39        44        39        36
 3171:         50        53        47        39        36        37        41
 3178:         39        46        44        48        34        52        41
 3185:         44        57        58        42        39        49        44
 3192:         52        50        52        50        45        47        34
 3199:         37        50        41        51        33        51        50
 3206:         37        40        35        40        44        32        39
 3213:         45        52        42        47        41        50        48
 3220:         49        48        45        39        60        43        45
 3227:         53        37        38        55        44        40        36
 3234:         28        35        40        54        55        41        44
 3241:         48        51        31        47        43        43        44
 3248:         46        35        50        46        42        35        38
 3255:         44        39        46        43        44        43        40
 3262:         39        42        29        40        40        42        39
 3269:         46        53        40        55        44        39        35
 3276:         45        35        41        46        41        40        36
 3283:         34        45        37        36        28        37        31
 3290:         29        37        34        28        40        41        45
 3297:         41        35        36        46        44        52        33
 3304:         35        32        40        45        36        37        47
 3311:         36        40        38        39        40        42        40
 3318:         36        29        37        39        52        35        47
 3325:         40        35        34        32        32        44        38
 3332:         32        32        29        38        39        24        40
 3339:         42        28        34        31        39        38        23
 3346:         26        46        23        29        34        39        31
 3353:         28        23        32        34        44        28        21
 3360:         36        27        37        36        39        30        32
 3367:         27        28        36        22        31        24        35
 3374:         30        35        37        29        29        37        31
 3381:         34        21        28        24        18        34        39
 3388:         30        27        28        42        23        36        16
 3395:         31        26        19        30        22        24        33
 3402:         28        21        22        29        27        25        22
 3409:         30        25        32        31        25        22        30
 3416:         38        25        31        33        36        24        18
 3423:         27        24        29        31        23        36        23
 3430:         28        20        20        22        27        26        25
 3437:         30        18        24        26        24        19        27
 3444:         24        24        23        33        29        24        26
 3451:         21        23        17        15        23        27        28
 3458:         17        18        12        21        17        17        13
 3465:         15        25        21        17        26        22        17
 3472:         18        20        21        21        16        20        15
 3479:         24        12        18        19        21        17        27
 3486:         21        13        22        17        23        13        18
 3493:         23        16        18        19        14        19        26
 3500:         29        11        14        20        19        14        27
 3507:         19        17        19        16        19        16        19
 3514:         21        17        23        12        11        17        12
 3521:         11        11        22        14        17        22        16
 3528:         15        18        13        15        17        17        17
 3535:         11        18        16        16        12        18        14
 3542:         11        20         9        16        22        16        10
 3549:         15        16         8        19        14        19        21
 3556:         11        10        15        16        19        17        19
 3563:         20        11        16        22        13        13        17
 3570:          7        12        22        17         9        14        12
 3577:         10        10        19        20        11         9        13
 3584:         14        11        15        15        11        18        16
 3591:         12        19        11        14        15        17        18
 3598:         10        11        14        13        21        17        16
 3605:          9        10        11        19        12         9        18
 3612:         15        10        17        15         7        13        11
 3619:          6        22         9        12         9         8        12
 3626:         20        14        13        15        17        20        16
 3633:         14        16        15         6        13        12        14
 3640:         15        12         7        17         4         9        14
 3647:         11         7         7        16        13        12        10
 3654:          8         9        13        11        12        10        13
 3661:          8         8         6        14        10        17        11
 3668:         16        10        14        12        13        13        17
 3675:         10         7         9        12        16        14         6
 3682:         15        15        13        13         8        12         6
 3689:          9        15        12        13         9         9        12
 3696:         18         9        18        12        12         9         8
 3703:          6         6         6        11        16        10        13
 3710:          9         9        11        10         7        12        10
 3717:          6         6        10         8        11        13        12
 3724:          9        11         9        15        13         8        10
 3731:          6        14        15        11         9        11        10
 3738:          5         6        10         8        10         8        13
 3745:          8         8        11         7         6         9         8
 3752:          7        15        16        11        15         4         7
 3759:         10         5        12         8         6        12        12
 3766:          5         5         8        14         6         8        11
 3773:         10        11         7         7        12         7         8
 3780:          9         5         8         4         9         6        11
 3787:          4         3         8         7         9         8        10
 3794:          8        11        14        11         4         6        12
 3801:         11        13         9         9         8         6         6
 3808:         10         7        14         4         6         5         9
 3815:          7         8        10         6        11         6         8
 3822:          2        10         6        10        12        10        10
 3829:          9        14        13         7         9        10         4
 3836:          9         7        13        11         5         4        12
 3843:          8         7        14         9         5         5         4
 3850:         10         9        12         5        13         8         6
 3857:          9         7         9        12         8         6         6
 3864:         12         7         6         9         5         6        13
 3871:          8         8        14         7         7         9        10
 3878:          5         5        14         8         8        11         5
 3885:          4        10         4         9         6         8         7
 3892:          6         9         8        11         5         6         5
 3899:          5         5         7        10         7        14        13
 3906:          8         6         8         7         6        13         9
 3913:          7         4         6         8         7         7        12
 3920:         10         6         7         6         9         6         5
 3927:          8         7         8         5        10        12         6
 3934:          9        10         4         9         8        10        12
 3941:          7         9         7         5         3         7         8
 3948:          9         3         7        11         9         8         6
 3955:          5         5         9         9         8        12        12
 3962:          8         6         8         4        10         7         9
 3969:          7        12         7         8         5         8        10
 3976:          7         4         8         4         5        15         8
 3983:         10        12         7        13         5         7        13
 3990:          7        11        13        11         9         7        10
 3997:          7         7         9        12         8         6         5
 4004:          3         4        13         8        13        10        15
 4011:          7         9        14         5        10         6         6
 4018:         11         6         7         6         8         7        11
 4025:          8         3         7         8        10         5         6
 4032:          5         8         6         6        10         9         4
 4039:          9         6         6         7         6        10        10
 4046:          8         5         6         2         9         7        11
 4053:          7         6         9         8        10         9         7
 4060:          7         9         9         7         6         9         2
 4067:          5         9         9         6         5         5         8
 4074:          9         5         5        10         7         5         8
 4081:          8        16         4         9         3         5         7
 4088:          9         2        10         7        11         6        13
 4095:          9         7        10         9        11         9        11
 4102:          6         3        13         4        11         7         5
 4109:          7         9        12        12        11         8         6
 4116:          9         9        10         5         8         9         9
 4123:          8         5         9         7         9         5        10
 4130:         10        16        10         8        12        13         9
 4137:          8         8         8        11        12         7         9
 4144:          7         3         9         5         9         6        11
 4151:          7         9        13        10         7        13        10
 4158:         13         7        11         9        10         6        10
 4165:          6        13         7         5         8         6         8
 4172:          6        10         9         8        10        12         8
 4179:          7         8         9         8        10        15        12
 4186:         11         7        10         7        14         8         8
 4193:          5        10        10        12        14         7        10
 4200:         16         8         8         9         7        11         9
 4207:         10         5        11        14        11         8        17
 4214:         10         8        12        14         8        16         8
 4221:         13         6        15         6         8        12        12
 4228:         17         9        11        15        12         9        14
 4235:         14        13        14         8        11        11         9
 4242:         15        16        20        12        15        14        20
 4249:         12        18         9        15        16        21        15
 4256:         14         6        11        18        12        20        15
 4263:         11        16        16        14         8         9        17
 4270:         17        15        22        24        11        16        14
 4277:         15         9        16         8        16        17        14
 4284:         12        19        20        14        17        22        13
 4291:         22        16        13        19        17        14        16
 4298:         19        12        19        19        19        14        21
 4305:         16        28        20        14        19        22        20
 4312:         17        17        16        19        21        22        21
 4319:         21        16        21        12        21        18        29
 4326:         27        21        27        21        28        28        27
 4333:         24        31        23        32        28        22        37
 4340:         26        18        26        21        24        24        37
 4347:         25        29        29        26        46        35        35
 4354:         24        36        25        34        26        29        23
 4361:         25        30        32        22        28        39        23
 4368:         35        30        23        32        28        32        40
 4375:         37        27        32        28        43        38        28
 4382:         36        38        39        41        35        36        41
 4389:         38        32        31        38        49        39        30
 4396:         41        35        32        40        53        55        47
 4403:         45        44        40        41        55        44        44
 4410:         50        45        56        46        51        41        44
 4417:         57        54        45        50        49        48        44
 4424:         61        59        60        65        44        45        60
 4431:         46        68        66        57        67        54        61
 4438:         55        48        62        58        67        55        56
 4445:         57        72        81        86        79        68        63
 4452:         65        87        55        71        75        73        73
 4459:         66        68        64        66        77        68        89
 4466:         69        94        87        96        77        89        75
 4473:         89        72        75        80        61        97        86
 4480:         89        89        79        90        88       109        94
 4487:         90        75        94        78        93        83       101
 4494:         92        94       107        97        99        95       103
 4501:        104       102       104       131       127       100       124
 4508:        110       105       114       125       126       125       109
 4515:        117       119       110       126       126       124       114
 4522:        129       146       131       119       137       144       135
 4529:        112       128       123       139       105       146       139
 4536:        149       134       135       150       139       147       138
 4543:        145       145       151       160       140       175       149
 4550:        145       171       155       158       160       158       165
 4557:        171       176       159       173       173       181       191
 4564:        165       180       184       189       181       199       170
 4571:        179       172       189       193       184       182       193
 4578:        216       171       155       211       192       211       183
 4585:        207       203       187       211       223       196       210
 4592:        218       209       221       221       228       215       239
 4599:        217       206       223       222       210       213       232
 4606:        255       220       241       233       229       239       231
 4613:        227       239       215       236       266       228       242
 4620:        250       253       245       259       304       273       271
 4627:        252       272       246       280       280       266       253
 4634:        250       264       261       281       261       272       303
 4641:        291       301       272       282       248       291       272
 4648:        295       286       289       287       281       324       289
 4655:        316       284       303       295       292       310       302
 4662:        284       305       289       299       307       310       319
 4669:        325       311       291       267       289       308       343
 4676:        336       317       315       298       332       334       333
 4683:        340       305       284       304       353       351       350
 4690:        332       324       327       364       339       342       340
 4697:        338       337       337       343       327       356       342
 4704:        352       350       373       353       344       390       351
 4711:        343       333       389       351       379       365       369
 4718:        374       346       344       358       383       351       329
 4725:        395       392       374       375       393       352       367
 4732:        362       373       330       368       355       372       388
 4739:        387       391       370       377       374       372       351
 4746:        377       348       320       355       393       381       372
 4753:        380       354       369       392       357       349       382
 4760:        361       369       356       399       395       362       399
 4767:        403       398       380       369       371       384       374
 4774:        362       348       373       375       363       367       362
 4781:        378       358       395       342       357       350       360
 4788:        380       387       359       360       386       364       363
 4795:        374       371       361       365       349       362       380
 4802:        340       319       352       364       344       389       341
 4809:        355       343       367       381       364       333       336
 4816:        330       371       330       311       332       334       357
 4823:        312       322       337       363       345       355       353
 4830:        348       338       346       361       319       335       337
 4837:        325       303       338       328       300       322       323
 4844:        307       290       315       334       316       317       322
 4851:        298       305       298       320       305       303       328
 4858:        322       315       290       285       311       285       278
 4865:        296       313       276       308       269       285       309
 4872:        288       300       312       280       276       300       285
 4879:        310       264       278       293       261       300       296
 4886:        271       259       238       286       267       279       283
 4893:        251       254       284       260       250       250       252
 4900:        248       249       234       224       224       263       280
 4907:        236       241       228       248       221       227       213
 4914:        252       216       218       199       205       229       211
 4921:        262       232       211       214       204       219       199
 4928:        215       187       193       219       197       215       212
 4935:        185       195       194       193       173       215       219
 4942:        189       202       194       188       191       169       166
 4949:        166       163       200       193       187       180       189
 4956:        175       175       184       171       156       160       175
 4963:        174       169       163       148       163       148       159
 4970:        143       148       151       137       156       154       150
 4977:        152       140       154       133       158       135       150
 4984:        143       159       138       133       135       138       140
 4991:        131       126       129       133       124       138       122
 4998:        116       115       121       117       119       108        96
 5005:        110       106        97       125        89       106       100
 5012:         97       106        92        91        91        98        81
 5019:        100       103        84        89       101       108        89
 5026:         85        93        79        93        77        81        90
 5033:         80        90        88        82        72        64        74
 5040:         64        65        70        60        74        73        64
 5047:         83        62        73        65        70        67        64
 5054:         68        68        61        69        53        79        69
 5061:         59        67        62        57        48        56        57
 5068:         55        54        42        63        62        50        52
 5075:         50        32        39        53        51        48        52
 5082:         41        45        43        49        41        50        47
 5089:         44        50        54        33        43        45        38
 5096:         50        40        35        32        39        29        41
 5103:         42        42        31        24        25        41        34
 5110:         28        25        24        43        37        32        29
 5117:         33        35        31        25        24        25        29
 5124:         34        30        26        24        26        18        24
 5131:         20        29        21        27        14        21        23
 5138:         25        20        16        21        15        18        24
 5145:         27        24        23        24        15        13        23
 5152:         18        22        16        20        23        13        18
 5159:         16        19        21        13        14        14        12
 5166:         21        13        14        16        15        13        13
 5173:         17        10         8        10        17        15        16
 5180:         14        13        10        14        14        16        15
 5187:         11        10        15        13        11        10        11
 5194:         12        12        10        12         8         7        10
 5201:          9         6        10        11        11        10         9
 5208:          7        13         6        11         8         8         2
 5215:          9         9         4         5         4         5         5
 5222:          8         3         7         8         6         4         5
 5229:          9         6         8         5         4         6         5
 5236:          5         4         6         5         3         4         7
 5243:          4         8         0         6         1         3         3
 5250:          3         7         3         6         4         0         2
 5257:          7         3         3         2         3         4         5
 5264:          8         3         3         2         3         3         6
 5271:          4         3         6         3         2         3         2
 5278:          3         1         4         5         4         2         2
 5285:          0         2         3         1         3         3         5
 5292:          6         3         6         4         0         4         1
 5299:          1         0         2         1         2         1         1
 5306:          2         0         3         1         3         1         2
 5313:          1         4         3         4         2         1         4
 5320:          3         0         3         3         1         2         2
 5327:          0         0         1         2         0         1         3
 5334:          0         3         1         0         0         1         3
 5341:          1         0         1         1         2         0         2
 5348:          2         1         1         3         2         3         1
 5355:          2         0         1         2         0         1         2
 5362:          0         1         1         3         3         1         0
 5369:          1         0         0         1         1         1         1
 5376:          1         1         2         1         1         2         1
 5383:          2         0         0         2         0         0         1
 5390:          1         2         4         1         1         0         1
 5397:          0         1         0         1         2         0         2
 5404:          1         1         1         0         0         0         0
 5411:          3         1         2         0         2         2         3
 5418:          0         0         0         1         0         1         0
 5425:          0         0         0         1         0         2         0
 5432:          2         1         2         1         0         0         2
 5439:          0         0         1         1         1         0         0
 5446:          1         1         2         0         0         0         1
 5453:          2         0         2         1         0         3         0
 5460:          1         0         1         2         2         0         1
 5467:          2         0         3         0         0         1         1
 5474:          0         1         0         0         0         0         0
 5481:          0         1         1         0         1         1         1
 5488:          0         1         0         0         1         0         1
 5495:          1         1         0         1         0         0         0
 5502:          1         0         1         0         0         1         0
 5509:          0         2         0         0         1         0         1
 5516:          0         0         0         0         0         0         0
 5523:          1         0         0         2         0         0         0
 5530:          3         1         1         0         2         0         1
 5537:          0         1         1         1         2         0         0
 5544:          0         0         0         0         0         1         1
 5551:          1         1         1         1         2         1         1
 5558:          0         1         0         0         0         2         0
 5565:          2         0         3         0         1         0         0
 5572:          1         0         0         0         1         1         1
 5579:          0         0         1         0         0         0         0
 5586:          2         3         0         0         2         0         2
 5593:          2         0         1         2         0         1         0
 5600:          0         1         2         0         1         1         2
 5607:          0         1         1         2         1         1         0
 5614:          0         2         0         0         0         0         2
 5621:          0         0         0         2         1         0         0
 5628:          1         0         0         0         0         0         2
 5635:          0         1         0         0         2         0         2
 5642:          1         0         1         0         1         0         1
 5649:          2         0         0         2         0         1         1
 5656:          2         1         1         0         0         1         0
 5663:          0         0         1         0         0         1         0
 5670:          0         1         2         3         0         0         1
 5677:          0         0         3         0         2         4         0
 5684:          1         1         0         0         1         0         1
 5691:          0         0         0         0         1         0         1
 5698:          0         2         1         2         1         0         1
 5705:          0         0         1         0         0         1         0
 5712:          1         0         1         1         1         0         0
 5719:          1         1         1         2         1         1         0
 5726:          0         3         1         1         0         2         0
 5733:          0         2         0         0         3         0         0
 5740:          0         0         0         2         0         0         0
 5747:          2         1         0         0         3         0         3
 5754:          0         2         0         0         0         0         0
 5761:          0         1         0         0         0         0         0
 5768:          1         2         0         0         0         0         0
 5775:          1         0         1         0         1         0         2
 5782:          1         0         0         0         0         0         0
 5789:          0         0         1         0         0         0         0
 5796:          0         0         0         1         1         0         1
 5803:          0         0         2         0         1         1         0
 5810:          1         0         0         2         1         1         1
 5817:          2         1         0         0         0         1         2
 5824:          0         1         1         1         0         1         0
 5831:          0         1         0         0         1         0         0
 5838:          0         0         0         0         2         1         0
 5845:          1         0         1         0         0         1         0
 5852:          0         0         0         0         1         0         0
 5859:          0         0         1         0         0         0         0
 5866:          0         0         0         0         1         0         1
 5873:          1         2         1         0         0         0         0
 5880:          1         1         0         0         0         1         1
 5887:          0         1         1         2         0         0         2
 5894:          1         0         1         1         0         0         1
 5901:          0         2         0         1         3         0         1
 5908:          2         3         1         0         1         2         2
 5915:          1         0         0         0         2         1         1
 5922:          1         1         0         0         0         0         0
 5929:          0         0         0         1         0         2         2
 5936:          0         0         1         0         2         1         2
 5943:          0         1         1         0         0         0         0
 5950:          2         0         0         0         0         2         0
 5957:          0         2         1         0         0         1         0
 5964:          0         0         0         1         0         1         1
 5971:          1         2         1         0         0         0         0
 5978:          1         1         1         0         1         1         1
 5985:          0         0         0         1         0         1         1
 5992:          2         0         0         0         1         0         0
 5999:          1         2         1         0         0         0         2
 6006:          0         0         0         1         1         0         0
 6013:          0         0         0         2         1         0         0
 6020:          1         0         0         1         1         1         1
 6027:          0         0         0         1         2         0         0
 6034:          0         2         0         0         1         0         2
 6041:          1         0         2         0         2         0         3
 6048:          0         0         1         1         0         0         0
 6055:          0         1         0         3         1         0         0
 6062:          0         0         1         1         1         0         0
 6069:          0         3         1         2         0         0         1
 6076:          1         0         0         1         0         0         1
 6083:          1         0         0         1         0         0         0
 6090:          1         0         0         0         0         0         0
 6097:          0         0         0         0         1         0         1
 6104:          3         0         0         0         0         0         0
 6111:          1         1         0         0         0         0         1
 6118:          0         1         0         1         0         0         0
 6125:          0         0         1         1         1         1         0
 6132:          0         0         1         0         0         0         0
 6139:          2         0         0         0         0         1         1
 6146:          0         0         0         1         1         0         0
 6153:          1         1         0         0         0         1         0
 6160:          0         1         0         0         1         1         1
 6167:          0         0         1         0         0         0         1
 6174:          0         0         0         0         0         0         1
 6181:          1         0         1         0         1         1         0
 6188:          2         0         0         0         0         0         0
 6195:          0         0         0         0         1         0         0
 6202:          0         1         0         0         0         4         1
 6209:          0         0         2         0         0         2         0
 6216:          1         0         3         2         0         1         0
 6223:          1         0         3         0         0         0         0
 6230:          0         1         0         1         0         1         1
 6237:          1         0         0         0         1         1         0
 6244:          0         2         0         0         0         0         0
 6251:          0         0         2         1         0         0         2
 6258:          0         0         0         0         0         1         0
 6265:          0         0         0         1         0         0         0
 6272:          2         1         1         0         0         0         0
 6279:          0         0         0         2         0         0         0
 6286:          0         0         1         2         0         0         0
 6293:          1         1         0         0         0         0         0
 6300:          0         0         0         1         0         0         3
 6307:          1         0         0         0         0         0         0
 6314:          1         0         1         0         1         1         0
 6321:          0         0         1         2         0         0         0
 6328:          0         0         0         0         0         1         0
 6335:          1         1         1         2         4         1         0
 6342:          1         1         0         0         1         0         0
 6349:          1         1         0         0         2         1         2
 6356:          0         0         1         3         0         1         0
 6363:          0         0         0         1         0         0         0
 6370:          0         0         1         0         1         0         1
 6377:          2         1         0         0         0         0         1
 6384:          0         0         2         0         1         0         0
 6391:          1         0         0         0         0         0         2
 6398:          0         0         2         1         2         0         0
 6405:          0         1         0         0         1         0         0
 6412:          2         0         0         1         2         2         1
 6419:          2         0         1         1         0         0         0
 6426:          0         0         1         0         0         0         0
 6433:          0         0         0         1         1         0         0
 6440:          0         2         0         0         0         0         0
 6447:          1         0         1         0         0         0         0
 6454:          0         0         0         0         0         1         0
 6461:          0         0         0         0         0         0         0
 6468:          1         0         0         1         2         1         1
 6475:          0         0         1         0         1         0         1
 6482:          1         1         2         1         0         0         0
 6489:          0         0         1         0         0         1         0
 6496:          0         0         0         0         0         0         0
 6503:          0         0         1         0         1         1         0
 6510:          0         0         0         0         0         0         0
 6517:          0         0         0         0         0         0         1
 6524:          1         2         0         1         0         0         0
 6531:          0         1         2         0         1         0         0
 6538:          1         2         2         0         0         0         0
 6545:          0         3         2         1         0         1         0
 6552:          0         1         1         1         0         0         0
 6559:          0         0         2         1         3         0         1
 6566:          0         1         0         0         1         0         0
 6573:          0         2         0         1         0         0         0
 6580:          1         1         1         2         0         0         0
 6587:          0         0         0         1         1         1         0
 6594:          0         0         0         0         0         0         0
 6601:          0         0         1         5         0         1         2
 6608:          1         0         0         0         0         1         0
 6615:          0         0         2         0         0         0         1
 6622:          0         0         0         1         0         0         0
 6629:          0         0         2         0         0         0         0
 6636:          2         0         0         0         1         0         0
 6643:          1         0         1         0         0         1         0
 6650:          0         0         0         1         1         1         1
 6657:          0         0         0         0         0         1         1
 6664:          0         1         1         0         0         0         2
 6671:          0         0         0         1         1         0         0
 6678:          1         0         1         1         0         0         0
 6685:          1         1         0         0         0         0         0
 6692:          0         0         0         1         1         1         0
 6699:          0         2         0         1         0         0         0
 6706:          0         0         2         2         0         1         1
 6713:          0         0         0         1         0         0         0
 6720:          2         0         0         2         0         0         0
 6727:          0         0         1         0         0         1         1
 6734:          0         0         0         0         1         1         2
 6741:          0         0         1         1         1         0         0
 6748:          0         1         0         0         0         1         0
 6755:          1         0         2         1         0         0         1
 6762:          0         0         0         0         0         1         0
 6769:          0         0         1         1         0         1         0
 6776:          1         0         0         0         1         0         2
 6783:          0         0         1         0         1         0         1
 6790:          0         1         1         1         0         0         1
 6797:          0         0         1         0         0         1         0
 6804:          2         1         1         0         0         0         1
 6811:          0         0         0         0         0         1         1
 6818:          0         0         0         0         0         1         0
 6825:          0         0         0         3         0         0         1
 6832:          0         0         0         0         0         0         0
 6839:          0         0         2         0         0         0         0
 6846:          2         0         1         0         0         1         0
 6853:          0         0         1         0         1         0         2
 6860:          0         1         1         0         0         1         0
 6867:          0         0         0         0         0         0         0
 6874:          0         0         0         0         0         0         0
 6881:          0         0         0         0         0         0         1
 6888:          2         2         0         1         0         1         0
 6895:          2         0         1         1         1         0         0
 6902:          0         1         0         1         1         0         1
 6909:          0         2         0         0         0         1         1
 6916:          0         1         0         1         0         1         0
 6923:          0         0         1         0         0         1         0
 6930:          0         0         0         0         1         0         0
 6937:          0         0         0         0         0         0         0
 6944:          0         0         0         0         0         0         0
 6951:          0         2         1         0         0         0         0
 6958:          0         1         0         1         0         0         0
 6965:          0         0         2         0         1         0         1
 6972:          0         0         0         0         0         0         1
 6979:          0         0         0         0         1         0         0
 6986:          2         3         1         1         1         0         0
 6993:          1         0         0         1         2         2         0
 7000:          0         0         1         2         0         1         2
 7007:          0         1         0         0         0         0         1
 7014:          0         1         0         0         0         0         0
 7021:          1         0         0         1         0         0         0
 7028:          0         0         1         0         0         0         0
 7035:          0         0         0         1         1         0         1
 7042:          1         0         1         0         1         0         0
 7049:          1         0         0         0         0         2         0
 7056:          1         2         3         0         1         0         2
 7063:          1         0         0         0         1         1         0
 7070:          1         0         2         0         0         0         1
 7077:          0         0         0         0         0         1         0
 7084:          0         0         1         1         0         0         2
 7091:          0         0         0         0         1         0         0
 7098:          1         0         0         0         1         0         0
 7105:          0         0         0         1         1         1         0
 7112:          0         0         0         0         1         1         0
 7119:          0         0         0         0         0         0         0
 7126:          0         0         1         0         0         0         0
 7133:          0         0         0         0         1         1         0
 7140:          0         0         1         0         1         0         0
 7147:          0         1         0         0         1         0         0
 7154:          0         1         0         1         0         0         1
 7161:          1         0         1         0         0         0         0
 7168:          1         0         0         0         0         1         0
 7175:          0         0         0         0         0         0         0
 7182:          1         1         2         0         0         2         0
 7189:          0         0         0         0         0         0         0
 7196:          0         1         1         0         0         0         0
 7203:          1         0         0         0         0         0         0
 7210:          0         0         0         0         0         0         0
 7217:          0         0         1         0         0         0         1
 7224:          0         1         1         0         1         0         0
 7231:          0         1         1         0         0         1         0
 7238:          0         0         0         0         0         0         1
 7245:          1         0         1         0         0         1         1
 7252:          0         0         1         0         0         0         0
 7259:          0         0         1         0         2         0         1
 7266:          0         1         0         0         0         1         1
 7273:          0         0         0         0         0         0         0
 7280:          0         1         0         0         1         3         1
 7287:          0         0         1         1         0         0         0
 7294:          1         1         0         0         0         1         0
 7301:          0         0         1         0         1         0         1
 7308:          0         0         1         0         0         0         0
 7315:          0         0         0         0         0         0         0
 7322:          0         2         1         0         0         0         1
 7329:          1         0         1         0         1         0         0
 7336:          0         0         0         0         0         0         0
 7343:          2         0         1         2         0         0         1
 7350:          0         1         0         0         0         0         1
 7357:          0         1         0         0         0         1         0
 7364:          0         0         1         0         0         0         0
 7371:          0         0         0         0         0         0         0
 7378:          0         0         1         0         0         0         0
 7385:          0         0         0         0         0         0         1
 7392:          0         0         0         0         0         0         0
 7399:          0         0         0         1         0         1         0
 7406:          0         1         1         0         1         0         0
 7413:          0         0         0         0         0         0         1
 7420:          0         0         0         0         0         0         0
 7427:          0         0         0         0         0         0         0
 7434:          0         0         0         1         0         0         1
 7441:          0         0         0         1         2         0         2
 7448:          0         0         2         0         0         1         1
 7455:          0         0         1         0         0         0         0
 7462:          0         0         0         0         1         0         0
 7469:          0         0         0         0         0         1         1
 7476:          0         0         0         0         0         0         0
 7483:          0         1         0         0         0         0         2
 7490:          0         0         0         1         0         0         0
 7497:          0         0         1         0         0         0         0
 7504:          0         1         0         0         0         0         0
 7511:          0         1         0         0         0         1         3
 7518:          0         2         0         2         0         0         0
 7525:          0         1         0         0         0         0         0
 7532:          0         1         0         0         0         0         0
 7539:          0         0         0         0         0         0         0
 7546:          0         0         0         1         0         2         0
 7553:          0         0         0         0         2         0         1
 7560:          0         0         0         0         0         0         1
 7567:          1         0         0         0         0         0         0
 7574:          0         0         0         2         0         0         1
 7581:          0         0         0         0         0         0         0
 7588:          0         0         2         0         0         1         1
 7595:          0         1         0         0         0         1         1
 7602:          0         0         0         0         0         0         0
 7609:          1         0         1         0         0         0         0
 7616:          0         1         0         0         0         0         0
 7623:          1         0         0         1         1         0         0
 7630:          0         0         0         0         0         0         1
 7637:          0         0         0         0         0         0         0
 7644:          0         1         1         0         0         0         0
 7651:          0         0         1         0         0         0         1
 7658:          0         1         0         0         1         1         0
 7665:          0         0         0         1         0         0         0
 7672:          0         0         0         0         0         1         0
 7679:          0         1         0         0         0         0         0
 7686:          1         0         1         0         0         0         0
 7693:          0         0         1         0         0         0         0
 7700:          0         0         0         0         0         1         1
 7707:          0         0         1         0         0         1         0
 7714:          0         0         0         1         1         1         1
 7721:          0         0         0         0         0         2         0
 7728:          0         0         0         0         0         0         0
 7735:          0         0         0         0         0         0         0
 7742:          0         0         1         0         0         0         0
 7749:          0         0         0         0         1         0         1
 7756:          0         2         1         1         0         0         0
 7763:          0         1         0         2         1         0         0
 7770:          0         0         0         1         0         0         1
 7777:          0         0         0         1         0         0         0
 7784:          0         0         1         0         0         0         0
 7791:          1         0         0         0         0         0         0
 7798:          0         0         0         0         0         1         0
 7805:          0         0         0         1         0         1         1
 7812:          0         0         0         0         0         0         1
 7819:          0         0         0         0         0         0         0
 7826:          0         0         0         1         0         0         0
 7833:          0         0         0         0         0         0         0
 7840:          0         0         0         0         1         0         0
 7847:          0         0         1         0         0         1         0
 7854:          1         0         1         1         0         1         0
 7861:          1         0         0         0         0         1         0
 7868:          0         0         0         2         0         0         0
 7875:          0         0         1         0         0         1         1
 7882:          1         0         0         0         0         0         0
 7889:          0         1         0         1         0         1         0
 7896:          0         0         1         0         0         1         0
 7903:          0         0         0         0         1         0         1
 7910:          1         0         0         0         0         0         0
 7917:          0         0         1         0         0         1         0
 7924:          0         0         0         0         0         0         1
 7931:          1         1         0         0         2         0         0
 7938:          0         1         0         0         0         0         0
 7945:          0         1         0         0         0         1         0
 7952:          0         0         0         0         0         0         0
 7959:          1         0         1         0         0         0         0
 7966:          2         0         0         0         0         1         0
 7973:          1         0         1         0         0         0         0
 7980:          0         0         0         0         0         1         0
 7987:          0         0         1         1         1         1         0
 7994:          0         0         0         0         0         0         0
 8001:          0         0         2         0         1         0         0
 8008:          0         0         0         1         0         0         0
 8015:          2         0         0         0         0         0         0
 8022:          0         0         0         0         0         0         1
 8029:          1         0         0         1         0         0         0
 8036:          0         0         0         0         0         0         0
 8043:          0         0         0         0         0         0         0
 8050:          0         0         0         0         1         0         0
 8057:          1         1         0         0         0         0         0
 8064:          0         0         0         0         0         1         0
 8071:          0         0         0         0         1         0         0
 8078:          1         0         0         0         0         0         0
 8085:          0         0         0         0         0         1         0
 8092:          0         1         1         1         0         0         1
 8099:          0         0         1         0         0         0         1
 8106:          0         0         0         1         0         1         0
 8113:          1         0         0         0         1         0         0
 8120:          0         0         0         0         1         0         0
 8127:          0         0         1         0         1         1         0
 8134:          1         0         0         1         1         0         0
 8141:          1         0         2         0         0         0         0
 8148:          0         0         2         1         0         0         0
 8155:          1         0         1         0         1         0         1
 8162:          1         0         0         0         0         1         0
 8169:          0         0         0         2         0         0         0
 8176:          0         0         0         0         0         0         1
 8183:          1         0         1         1         0         0         1
 8190:          0         0         0         0         0         0         2
 8197:          0         0         0         1         0         0         0
 8204:          0         0         0         0         0         0         0
 8211:          0         0         0         0         0         0         0
 8218:          0         0         0         0         0         1         0
 8225:          0         2         0         0         0         1         0
 8232:          0         0         1         0         0         0         0
 8239:          0         0         0         0         0         1         1
 8246:          0         0         0         0         0         0         0
 8253:          0         0         0         0         0         0         0
 8260:          0         0         0         1         0         0         0
 8267:          0         0         0         1         0         1         0
 8274:          0         0         0         0         1         0         0
 8281:          0         0         0         1         1         0         0
 8288:          0         0         0         1         0         0         1
 8295:          0         0         0         1         0         0         0
 8302:          0         0         0         0         1         2         0
 8309:          0         0         0         0         0         0         0
 8316:          1         0         0         0         0         0         0
 8323:          0         0         0         1         0         0         0
 8330:          0         0         0         0         0         0         0
 8337:          0         0         0         0         0         0         0
 8344:          1         0         0         1         0         0         0
 8351:          0         0         0         0         0         0         1
 8358:          1         0         2         1         1         0         0
 8365:          0         0         0         0         0         0         0
 8372:          0         0         0         0         0         0         0
 8379:          0         0         0         0         0         0         0
 8386:          0         1         0         0         0         0         0
 8393:          0         0         0         0         0         0         0
 8400:          0         0         1         0         0         0         0
 8407:          0         0         0         0         1         0         0
 8414:          0         0         0         0         0         0         0
 8421:          1         1         0         0         1         0         0
 8428:          0         0         0         0         0         0         0
 8435:          0         0         0         0         0         0         0
 8442:          0         1         0         2         0         0         0
 8449:          0         0         0         1         0         0         0
 8456:          0         0         0         0         0         0         1
 8463:          1         0         2         0         0         0         0
 8470:          0         0         0         0         0         1         0
 8477:          0         2         0         0         0         0         1
 8484:          0         0         0         0         0         0         0
 8491:          0         0         0         0         0         0         0
 8498:          0         0         0         0         0         0         0
 8505:          1         1         0         0         0         0         0
 8512:          0         0         1         0         0         0         0
 8519:          0         0         0         0         0         1         0
 8526:          0         0         1         0         0         0         0
 8533:          0         0         1         1         0         1         0
 8540:          0         0         0         1         0         1         0
 8547:          0         0         0         0         0         1         0
 8554:          0         0         0         0         1         0         0
 8561:          0         0         0         0         0         0         0
 8568:          0         0         0         0         0         0         0
 8575:          0         0         0         0         0         0         0
 8582:          1         0         0         0         0         0         0
 8589:          0         0         0         0         0         0         0
 8596:          0         1         0         0         0         1         0
 8603:          0         0         0         0         1         0         0
 8610:          0         0         0         0         1         0         0
 8617:          0         1         1         0         0         2         1
 8624:          0         0         0         0         0         0         0
 8631:          0         0         0         0         0         1         0
 8638:          1         0         0         0         1         1         0
 8645:          0         0         1         0         0         0         0
 8652:          0         0         0         0         0         1         0
 8659:          1         0         0         0         0         0         0
 8666:          0         0         0         0         1         0         0
 8673:          0         0         0         0         1         0         0
 8680:          0         0         0         0         0         0         0
 8687:          0         0         0         0         0         0         0
 8694:          0         0         1         0         0         0         0
 8701:          0         0         0         0         1         0         0
 8708:          0         0         0         0         0         0         0
 8715:          0         0         0         0         0         0         0
 8722:          0         0         0         0         0         0         0
 8729:          0         0         0         0         0         0         0
 8736:          0         0         0         0         0         0         1
 8743:          0         0         0         0         0         0         1
 8750:          0         0         0         0         0         0         0
 8757:          0         0         0         0         0         1         0
 8764:          0         0         0         0         0         0         0
 8771:          0         0         0         0         0         1         1
 8778:          2         1         0         0         0         0         0
 8785:          0         0         0         1         0         1         0
 8792:          0         0         0         0         1         1         1
 8799:          0         0         1         0         0         0         0
 8806:          0         0         0         1         0         0         0
 8813:          0         0         0         0         0         0         0
 8820:          0         0         0         0         0         1         0
 8827:          0         0         0         0         0         1         0
 8834:          1         1         0         0         0         0         0
 8841:          0         0         0         1         1         0         0
 8848:          0         0         0         0         0         1         0
 8855:          0         0         0         0         0         0         1
 8862:          0         0         0         0         0         0         0
 8869:          0         0         0         0         0         0         1
 8876:          1         0         0         0         0         1         1
 8883:          0         0         0         0         0         0         0
 8890:          0         1         2         1         0         0         1
 8897:          0         0         0         0         0         0         0
 8904:          0         0         0         0         1         2         0
 8911:          0         0         1         0         1         0         0
 8918:          0         0         0         0         0         0         0
 8925:          0         1         0         0         0         0         0
 8932:          1         0         0         1         0         1         1
 8939:          1         0         0         0         0         0         2
 8946:          0         0         0         0         1         0         0
 8953:          0         0         1         0         0         0         0
 8960:          0         0         0         0         1         1         1
 8967:          0         1         2         0         0         0         0
 8974:          0         0         1         0         0         0         0
 8981:          0         0         1         0         0         1         0
 8988:          1         1         0         0         2         0         0
 8995:          0         1         2         0         0         0         1
 9002:          0         0         0         0         0         0         0
 9009:          0         0         1         0         0         0         0
 9016:          0         0         0         0         0         1         0
 9023:          0         1         1         1         0         0         0
 9030:          1         0         0         2         0         0         3
 9037:          1         0         1         0         0         0         0
 9044:          0         0         0         0         0         0         0
 9051:          0         0         1         2         0         0         1
 9058:          0         0         0         0         0         0         2
 9065:          0         0         1         0         0         0         0
 9072:          0         2         0         0         0         0         0
 9079:          0         0         0         0         1         0         1
 9086:          0         1         1         0         0         0         0
 9093:          0         0         1         0         1         0         0
 9100:          0         0         1         0         0         0         0
 9107:          1         1         0         0         0         0         0
 9114:          2         0         0         0         0         0         1
 9121:          0         0         1         0         0         0         0
 9128:          0         0         0         0         0         0         0
 9135:          0         0         0         0         0         0         1
 9142:          0         0         0         0         0         0         0
 9149:          0         0         0         0         1         0         0
 9156:          0         0         0         0         0         0         0
 9163:          0         0         0         0         1         0         0
 9170:          0         0         0         0         0         0         0
 9177:          1         0         0         1         1         1         0
 9184:          0         0         0         1         0         0         0
 9191:          0         0         0         0         0         0         0
 9198:          1         0         0         0         0         0         0
 9205:          1         0         0         0         0         0         0
 9212:          0         0         0         1         0         0         1
 9219:          1         0         0         0         0         1         0
 9226:          0         0         0         0         0         0         1
 9233:          0         0         1         1         0         1         0
 9240:          0         1         0         0         0         0         0
 9247:          0         1         0         0         0         0         2
 9254:          0         0         0         1         0         0         0
 9261:          0         0         2         0         0         0         0
 9268:          1         0         0         1         0         0         0
 9275:          0         0         0         0         1         0         2
 9282:          0         0         0         0         2         0         0
 9289:          0         0         2         0         1         0         0
 9296:          0         0         0         0         1         0         1
 9303:          0         0         0         0         0         0         0
 9310:          0         0         0         0         0         0         0
 9317:          1         0         0         0         0         0         0
 9324:          0         0         0         0         0         1         0
 9331:          0         0         0         0         0         0         0
 9338:          1         1         0         0         0         0         0
 9345:          0         0         0         0         0         0         0
 9352:          0         0         0         1         0         0         0
 9359:          1         0         0         0         1         0         0
 9366:          0         0         0         1         0         0         0
 9373:          1         0         0         0         0         1         0
 9380:          0         0         3         0         0         1         0
 9387:          0         0         0         0         0         0         0
 9394:          1         0         0         0         0         0         0
 9401:          1         1         0         1         0         0         1
 9408:          0         1         0         0         0         0         1
 9415:          0         1         0         0         0         1         0
 9422:          0         0         0         0         0         0         1
 9429:          1         1         0         1         0         0         1
 9436:          0         0         0         0         0         0         0
 9443:          0         0         0         0         0         1         0
 9450:          0         0         0         0         0         0         0
 9457:          0         0         0         0         0         0         0
 9464:          0         1         0         1         0         0         1
 9471:          0         2         0         0         0         0         0
 9478:          1         1         1         0         0         0         0
 9485:          0         0         0         0         0         0         0
 9492:          0         0         1         0         0         1         1
 9499:          0         0         0         0         0         0         0
 9506:          0         1         0         0         1         1         0
 9513:          0         0         0         0         0         0         0
 9520:          0         0         0         1         0         0         0
 9527:          0         0         0         2         0         0         0
 9534:          0         0         0         0         0         0         0
 9541:          0         0         0         0         0         1         0
 9548:          0         0         0         1         0         0         1
 9555:          0         0         0         0         0         1         0
 9562:          0         0         0         0         0         0         0
 9569:          0         0         1         0         0         1         0
 9576:          0         0         1         0         0         0         0
 9583:          0         0         0         0         1         0         0
 9590:          0         0         1         2         0         0         0
 9597:          1         0         0         0         0         0         0
 9604:          1         0         0         1         0         0         1
 9611:          0         0         0         0         0         0         0
 9618:          0         0         0         0         0         0         0
 9625:          0         1         0         1         0         0         1
 9632:          0         0         0         0         0         0         0
 9639:          0         0         1         0         0         0         0
 9646:          1         1         0         0         0         0         0
 9653:          0         0         0         0         0         0         0
 9660:          0         0         0         1         0         0         1
 9667:          0         0         0         0         0         0         0
 9674:          0         0         0         0         0         0         1
 9681:          0         0         0         0         0         0         0
 9688:          0         0         0         0         0         0         0
 9695:          0         0         0         3         0         0         0
 9702:          0         0         0         0         0         0         0
 9709:          1         1         0         0         0         0         1
 9716:          0         0         0         1         0         0         0
 9723:          0         0         0         0         0         0         0
 9730:          0         0         0         0         0         0         0
 9737:          0         0         0         1         0         0         0
 9744:          0         0         0         0         0         0         0
 9751:          0         0         0         0         0         0         0
 9758:          0         0         0         0         0         0         0
 9765:          0         1         0         0         1         0         0
 9772:          0         0         0         0         0         0         0
 9779:          0         0         1         0         0         0         0
 9786:          0         1         0         0         0         0         0
 9793:          0         0         0         0         0         0         0
 9800:          0         0         0         1         0         1         0
 9807:          0         0         0         0         0         0         0
 9814:          0         0         1         0         0         0         0
 9821:          1         0         1         1         0         0         1
 9828:          0         0         0         0         1         0         0
 9835:          0         0         0         1         0         0         0
 9842:          0         0         1         0         1         0         0
 9849:          0         0         0         0         1         0         0
 9856:          1         0         0         0         0         0         0
 9863:          0         0         0         0         0         0         0
 9870:          0         0         0         0         0         0         0
 9877:          0         0         0         0         0         0         0
 9884:          1         0         0         0         0         0         0
 9891:          1         0         0         0         0         0         0
 9898:          0         0         0         0         0         2         0
 9905:          0         0         0         0         0         0         0
 9912:          0         0         0         1         0         0         0
 9919:          0         0         0         0         0         1         0
 9926:          0         0         0         0         0         0         0
 9933:          0         1         0         1         0         0         0
 9940:          1         0         0         0         0         0         0
 9947:          0         0         1         1         0         0         0
 9954:          0         0         0         1         0         0         0
 9961:          1         0         0         0         0         0         0
 9968:          0         0         1         0         0         0         0
 9975:          0         0         0         0         0         0         2
 9982:          0         0         0         0         0         0         0
 9989:          0         0         0         0         0         0         0
 9996:          0         0         0         0         0         0         0
10003:          0         0         0         0         0         0         0
10010:          0         0         0         0         2         0         0
10017:          0         0         0         0         0         0         0
10024:          0         0         0         0         0         0         0
10031:          0         0         0         0         0         0         0
10038:          0         0         0         0         0         0         0
10045:          0         1         0         0         0         0         0
10052:          0         0         0         0         0         1         0
10059:          0         1         0         0         0         0         0
10066:          0         0         0         0         0         0         1
10073:          0         0         0         0         0         0         0
10080:          0         0         2         0         0         0         0
10087:          0         0         0         0         0         0         0
10094:          0         0         0         0         0         0         0
10101:          0         0         0         0         0         0         0
10108:          0         0         0         0         0         1         0
10115:          1         0         0         0         0         0         0
10122:          0         1         1         0         0         0         0
10129:          0         0         0         0         0         0         0
10136:          0         0         0         0         1         0         0
10143:          0         0         0         0         0         0         0
10150:          0         0         0         0         0         0         0
10157:          0         0         0         0         0         0         0
10164:          0         0         1         1         0         0         0
10171:          0         0         0         0         0         0         2
10178:          0         0         0         0         0         0         0
10185:          0         0         0         0         1         1         0
10192:          0         1         0         1         1         0         0
10199:          0         0         0         0         0         0         0
10206:          0         0         0         0         0         0         0
10213:          0         0         1         0         0         0         0
10220:          0         0         0         1         0         0         1
10227:          0         0         0         1         0         1         0
10234:          1         0         0         0         1         0         0
10241:          0         0         0         1         1         0         0
10248:          0         0         0         0         0         0         0
10255:          0         0         0         0         0         1         0
10262:          0         0         0         1         0         0         0
10269:          1         1         0         0         0         0         0
10276:          0         0         0         0         0         0         1
10283:          0         0         1         0         0         0         0
10290:          0         2         1         0         0         0         0
10297:          0         1         0         0         0         0         0
10304:          0         1         0         1         0         0         0
10311:          0         0         0         1         1         0         1
10318:          0         0         0         0         0         0         0
10325:          0         0         0         0         1         0         0
10332:          1         0         0         0         0         0         0
10339:          0         0         0         1         0         1         0
10346:          1         0         0         0         0         0         1
10353:          0         0         0         0         0         0         0
10360:          0         0         0         0         0         0         0
10367:          1         0         0         0         0         0         1
10374:          0         0         0         1         1         0         1
10381:          0         0         0         0         0         0         0
10388:          0         1         0         1         0         0         0
10395:          0         0         0         0         0         0         0
10402:          0         0         0         0         0         1         0
10409:          0         0         0         0         0         1         0
10416:          0         0         0         0         0         0         1
10423:          0         0         0         0         0         1         0
10430:          0         1         1         0         0         0         0
10437:          0         0         0         1         0         0         0
10444:          0         0         1         0         0         1         0
10451:          1         1         0         0         0         0         0
10458:          0         0         0         0         0         0         1
10465:          1         0         0         0         0         0         0
10472:          0         0         0         0         0         0         0
10479:          0         0         0         0         0         0         0
10486:          0         0         0         0         0         0         0
10493:          0         0         0         0         0         0         0
10500:          1         0         1         0         0         0         0
10507:          0         0         0         0         0         0         0
10514:          0         1         0         0         0         0         0
10521:          0         0         0         0         0         0         0
10528:          0         0         0         0         0         0         0
10535:          0         0         0         1         0         0         0
10542:          0         0         1         1         0         1         0
10549:          1         0         0         0         0         0         0
10556:          0         0         0         0         0         0         0
10563:          0         0         0         0         0         0         0
10570:          0         0         0         0         0         0         1
10577:          0         0         0         0         0         0         1
10584:          0         0         0         1         1         0         0
10591:          1         0         0         0         1         1         0
10598:          0         0         0         0         0         0         0
10605:          0         0         0         1         0         0         0
10612:          0         1         0         0         0         0         0
10619:          0         0         0         0         0         0         0
10626:          0         0         0         0         0         0         0
10633:          0         0         0         0         0         0         0
10640:          0         0         0         0         0         0         0
10647:          0         1         0         0         0         1         0
10654:          0         0         0         0         0         1         0
10661:          0         0         0         0         1         0         0
10668:          0         0         0         0         0         0         1
10675:          1         0         0         1         0         0         0
10682:          1         0         0         0         0         0         0
10689:          0         0         0         0         0         0         0
10696:          0         0         0         0         0         0         0
10703:          0         0         0         1         0         0         0
10710:          0         0         1         0         0         0         0
10717:          0         0         0         0         0         0         0
10724:          0         0         0         0         0         0         0
10731:          0         0         1         0         0         0         0
10738:          0         1         0         0         0         0         0
10745:          0         0         0         0         0         0         0
10752:          0         0         1         0         0         0         0
10759:          0         0         0         1         0         0         0
10766:          0         0         0         1         0         0         0
10773:          0         0         0         1         0         0         0
10780:          0         0         0         0         0         0         0
10787:          0         0         0         0         0         0         0
10794:          0         0         1         0         0         0         0
10801:          0         0         0         0         0         0         0
10808:          0         0         0         0         0         0         1
10815:          0         0         0         0         0         0         0
10822:          1         0         0         0         0         0         1
10829:          0         0         0         0         0         0         0
10836:          0         0         0         0         0         0         0
10843:          0         0         1         0         0         0         0
10850:          0         0         0         0         0         0         0
10857:          0         0         0         0         0         0         0
10864:          0         0         0         0         0         0         0
10871:          0         0         0         0         0         0         0
10878:          0         0         0         0         0         0         0
10885:          0         0         0         0         0         0         0
10892:          0         1         0         0         0         0         0
10899:          0         0         0         0         0         0         0
10906:          0         0         0         0         0         0         0
10913:          0         0         0         0         0         0         0
10920:          0         0         0         0         0         0         0
10927:          0         0         0         0         0         0         0
10934:          0         0         0         0         0         0         0
10941:          0         0         0         0         0         0         0
10948:          0         0         0         0         0         0         0
10955:          0         0         0         0         1         0         0
10962:          0         0         0         0         0         0         0
10969:          0         0         0         0         1         1         0
10976:          0         0         0         0         0         0         0
10983:          1         1         0         0         0         0         0
10990:          0         0         0         0         0         0         0
10997:          0         0         0         0         0         0         0
11004:          0         0         0         0         0         0         0
11011:          0         0         0         0         0         0         0
11018:          0         0         0         0         0         0         0
11025:          0         0         0         0         0         0         0
11032:          0         0         0         0         0         0         0
11039:          0         0         0         1         0         0         0
11046:          0         0         0         0         0         0         0
11053:          1         0         0         0         0         0         0
11060:          0         0         0         0         0         0         0
11067:          0         0         0         0         0         0         0
11074:          0         0         0         0         0         0         0
11081:          0         0         0         0         1         0         0
11088:          0         0         0         0         0         0         0
11095:          0         0         0         0         0         0         0
11102:          0         0         0         0         0         0         0
11109:          0         0         0         0         0         0         0
11116:          0         0         0         0         0         0         0
11123:          0         0         0         0         0         0         0
11130:          0         0         0         0         0         0         0
11137:          0         0         0         0         0         0         0
11144:          0         0         0         0         0         0         0
11151:          0         0         0         0         0         0         0
11158:          0         0         0         0         0         0         0
11165:          0         0         0         0         0         0         0
11172:          0         0         0         0         0         0         0
11179:          0         0         0         0         0         0         0
11186:          0         0         1         0         0         0         0
11193:          0         0         0         0         0         0         0
11200:          0         0         0         0         1         0         0
11207:          0         0         0         0         0         0         1
11214:          0         0         0         0         0         0         1
11221:          0         0         1         0         0         0         0
11228:          0         0         0         0         0         0         0
11235:          0         0         0         0         0         0         0
11242:          0         0         0         0         0         0         0
11249:          0         0         0         0         0         0         0
11256:          0         0         0         0         1         0         0
11263:          0         0         0         0         0         0         0
11270:          0         0         0         0         0         0         0
11277:          0         0         0         0         0         0         0
11284:          0         0         0         0         0         0         0
11291:          0         0         0         0         0         0         0
11298:          0         0         0         0         0         0         0
11305:          0         0         0         0         0         0         0
11312:          0         0         0         0         0         0         1
11319:          0         0         0         0         0         0         0
11326:          0         0         0         0         0         0         0
11333:          0         0         0         0         0         0         0
11340:          0         0         0         0         0         0         0
11347:          0         0         0         0         0         0         0
11354:          0         0         0         0         0         0         0
11361:          0         0         0         0         0         0         0
11368:          0         0         0         0         0         0         0
11375:          0         0         0         0         1         0         0
11382:          1         0         0         0         0         0         0
11389:          0         0         0         0         0         0         0
11396:          0         0         0         0         0         0         0
11403:          0         0         0         0         0         0         0
11410:          0         0         0         0         0         0         0
11417:          0         0         0         0         0         0         0
11424:          0         0         0         0         0         0         0
11431:          0         0         0         0         1         0         0
11438:          0         0         0         0         0         0         1
11445:          0         0         0         0         0         0         0
11452:          0         0         0         0         0         0         0
11459:          0         0         0         0         0         0         0
11466:          0         0         0         0         0         0         0
11473:          0         0         0         0         0         0         0
11480:          0         0         0         0         0         0         0
11487:          0         0         0         0         0         0         0
11494:          0         0         0         0         0         0         0
11501:          0         0         0         0         0         0         0
11508:          0         0         0         0         0         0         0
11515:          1         0         0         0         0         0         0
11522:          0         0         0         0         0         0         0
11529:          0         0         0         0         0         0         0
11536:          0         0         0         0         0         0         0
11543:          0         0         0         0         0         0         0
11550:          0         0         0         0         0         0         0
11557:          0         0         0         0         0         0         0
11564:          0         1         0         0         0         0         0
11571:          0         0         0         0         0         0         0
11578:          0         0         0         0         0         0         0
11585:          1         0         0         0         0         0         0
11592:          0         0         0         0         0         0         0
11599:          0         0         0         0         0         0         0
11606:          0         0         0         1         0         0         0
11613:          0         0         0         1         0         0         0
11620:          0         0         0         0         0         0         0
11627:          0         0         0         0         0         0         0
11634:          0         0         0         0         0         0         0
11641:          0         0         0         0         0         0         0
11648:          0         0         0         1         0         0         0
11655:          0         0         0         0         0         0         0
11662:          0         0         0         0         0         0         0
11669:          0         0         0         1         0         0         0
11676:          0         0         0         0         0         0         0
11683:          0         0         0         0         0         0         0
11690:          0         0         0         0         0         0         0
11697:          0         0         1         0         0         0         0
11704:          0         0         0         0         0         0         0
11711:          0         0         0         0         0         0         0
11718:          0         0         0         0         0         0         0
11725:          0         0         0         0         0         0         0
11732:          0         0         0         0         0         0         0
11739:          0         0         0         0         0         0         0
11746:          0         0         0         0         0         0         0
11753:          1         0         0         0         0         0         0
11760:          0         0         0         0         0         0         0
11767:          0         0         0         0         0         0         0
11774:          0         0         0         0         0         0         0
11781:          0         0         0         0         0         0         0
11788:          0         0         0         0         0         0         0
11795:          0         0         0         0         0         0         0
11802:          0         0         0         0         0         0         0
11809:          0         0         1         0         0         0         0
11816:          0         0         0         0         0         0         0
11823:          0         0         0         1         0         0         0
11830:          0         0         0         0         0         0         0
11837:          0         0         0         0         0         0         0
11844:          0         0         0         0         0         0         0
11851:          0         0         0         0         1         0         0
11858:          0         0         0         0         0         0         0
11865:          0         0         0         0         0         0         0
11872:          1         0         0         0         0         0         0
11879:          0         0         0         0         0         0         0
11886:          0         0         0         0         0         0         0
11893:          0         0         0         0         0         0         0
11900:          0         0         0         0         0         0         0
11907:          0         0         0         0         0         0         0
11914:          0         0         0         0         0         0         0
11921:          0         0         0         0         0         0         0
11928:          0         0         0         0         0         0         0
11935:          0         0         0         0         0         0         0
11942:          0         0         0         0         0         0         0
11949:          1         0         0         0         0         0         0
11956:          0         0         0         0         0         0         0
11963:          0         0         0         0         0         0         0
11970:          0         0         0         0         0         0         0
11977:          0         0         0         0         0         0         0
11984:          0         0         0         0         0         0         0
11991:          0         0         0         0         0         0         0
11998:          0         0         0         0         0         0         0
12005:          0         0         0         0         0         0         0
12012:          0         0         0         0         0         0         0
12019:          0         0         0         0         0         0         0
12026:          0         0         0         0         0         0         0
12033:          0         0         0         0         0         0         0
12040:          0         0         0         0         0         0         0
12047:          0         0         0         0         0         0         0
12054:          0         0         0         0         0         0         0
12061:          0         0         0         0         0         0         0
12068:          1         0         0         0         0         0         0
12075:          0         0         0         0         0         0         0
12082:          0         0         0         0         0         0         0
12089:          0         0         0         0         0         0         0
12096:          0         0         0         0         0         0         0
12103:          0         0         0         0         0         0         0
12110:          0         0         0         0         0         0         0
12117:          0         0         0         0         0         0         0
12124:          0         0         0         0         0         0         0
12131:          0         0         0         0         0         0         0
12138:          0         0         0         0         0         0         0
12145:          0         2         0         0         0         0         0
12152:          0         0         0         0         0         0         0
12159:          0         0         0         0         0         0         0
12166:          0         0         0         0         0         0         0
12173:          0         0         1         0         0         0         1
12180:          0         0         0         0         0         0         0
12187:          0         0         0         0         0         1         0
12194:          0         0         0         0         0         0         0
12201:          0         0         0         0         1         0         0
12208:          0         0         0         0         0         0         0
12215:          1         0         0         0         0         0         0
12222:          0         0         0         0         0         0         0
12229:          0         0         0         0         0         0         0
12236:          0         0         0         0         0         0         0
12243:          0         0         0         0         0         0         0
12250:          0         0         1         0         0         0         0
12257:          0         0         0         0         0         0         0
12264:          0         0         0         0         0         0         0
12271:          0         0         0         0         0         0         1
12278:          0         0         0         0         0         0         0
12285:          0         0         0         0         0         0         0
12292:          0         0         0         0         0         1         0
12299:          0         0         0         0         0         0         0
12306:          0         0         0         0         0         0         0
12313:          0         0         0         0         0         0         0
12320:          0         0         0         0         0         0         0
12327:          0         0         0         0         0         0         0
12334:          0         0         1         0         0         1         1
12341:          0         0         0         0         0         0         0
12348:          0         1         0         0         0         0         0
12355:          0         0         0         1         0         1         0
12362:          0         0         0         0         0         0         0
12369:          0         0         0         0         0         0         0
12376:          0         0         0         0         0         0         0
12383:          1         0         0         0         0         0         0
12390:          0         0         0         0         0         0         0
12397:          0         0         0         0         0         0         0
12404:          0         0         0         0         0         0         0
12411:          0         0         0         0         0         0         0
12418:          0         0         0         0         0         0         0
12425:          0         0         0         0         0         0         0
12432:          0         0         0         0         0         0         0
12439:          0         0         0         0         0         0         0
12446:          0         0         0         0         0         0         0
12453:          0         0         0         0         0         0         0
12460:          0         0         0         0         1         1         0
12467:          0         0         0         0         0         0         0
12474:          0         0         0         0         0         0         0
12481:          0         0         0         0         0         0         0
12488:          0         0         0         0         0         0         0
12495:          0         0         0         0         0         0         0
12502:          0         0         0         0         0         0         0
12509:          0         0         0         0         0         1         0
12516:          0         0         0         0         0         0         0
12523:          0         0         0         0         0         0         0
12530:          0         0         0         0         0         0         0
12537:          0         0         0         0         0         0         0
12544:          0         0         0         0         0         0         0
12551:          0         0         0         0         0         0         0
12558:          0         0         0         0         0         0         0
12565:          0         0         0         0         0         0         0
12572:          0         0         0         0         0         0         0
12579:          0         0         0         0         0         0         1
12586:          0         0         0         0         0         0         0
12593:          0         0         0         0         0         0         0
12600:          0         0         0         0         0         0         0
12607:          0         0         0         0         0         0         0
12614:          0         0         0         0         0         0         0
12621:          0         0         0         0         0         0         0
12628:          0         0         0         0         0         0         0
12635:          0         0         0         0         0         0         0
12642:          0         0         0         0         0         0         0
12649:          0         0         0         0         0         0         0
12656:          0         0         0         0         0         0         0
12663:          1         0         0         0         0         0         0
12670:          0         0         0         0         0         0         0
12677:          0         0         0         0         0         0         0
12684:          0         0         0         0         0         0         0
12691:          0         0         0         0         0         0         0
12698:          0         0         1         0         0         0         0
12705:          0         0         0         0         0         0         0
12712:          0         0         0         0         0         0         0
12719:          0         0         0         0         0         0         0
12726:          0         0         0         0         0         0         0
12733:          0         0         0         0         0         0         0
12740:          0         0         0         0         0         0         0
12747:          0         0         0         0         0         0         0
12754:          0         0         0         0         0         0         0
12761:          0         0         0         0         0         0         0
12768:          1         0         0         0         0         0         0
12775:          0         0         0         0         0         0         0
12782:          0         0         0         0         0         0         0
12789:          0         0         0         0         0         0         0
12796:          0         1         0         0         0         0         0
12803:          0         0         0         0         0         0         0
12810:          0         0         0         0         0         0         0
12817:          0         0         0         0         0         0         1
12824:          0         0         0         0         0         0         0
12831:          0         0         0         0         1         0         0
12838:          0         0         0         0         0         0         0
12845:          0         0         0         0         0         0         0
12852:          0         0         0         0         0         0         0
12859:          0         0         0         0         0         0         0
12866:          0         0         0         0         0         0         0
12873:          0         0         0         0         0         0         0
12880:          0         0         0         0         0         0         0
12887:          0         0         0         0         0         0         0
12894:          0         0         0         0         0         0         0
12901:          0         0         0         0         0         0         0
12908:          0         0         0         0         0         0         0
12915:          0         0         0         0         0         0         0
12922:          0         0         0         0         0         0         0
12929:          0         0         0         0         0         0         0
12936:          0         0         0         0         0         0         0
12943:          0         0         0         0         0         0         0
12950:          0         0         0         0         0         0         0
12957:          0         0         0         1         0         0         0
12964:          0         0         0         0         0         0         0
12971:          0         1         1         0         0         0         0
12978:          0         0         0         0         0         0         0
12985:          0         0         0         0         0         0         0
12992:          0         0         0         0         0         0         0
12999:          0         0         0         0         0         0         0
13006:          0         0         0         0         0         0         0
13013:          0         0         0         0         0         0         0
13020:          0         0         0         0         0         0         0
13027:          0         0         0         0         0         0         0
13034:          0         0         0         0         0         0         0
13041:          0         0         0         0         0         0         0
13048:          0         0         0         1         0         0         0
13055:          0         0         0         0         0         0         0
13062:          0         0         0         0         0         0         0
13069:          1         0         0         0         0         0         0
13076:          0         0         0         0         0         0         0
13083:          0         0         0         0         0         0         0
13090:          0         0         0         0         0         0         0
13097:          0         0         0         0         0         0         0
13104:          0         0         0         0         0         0         0
13111:          0         0         0         0         0         0         0
13118:          0         0         0         0         0         0         0
13125:          0         0         0         0         0         0         0
13132:          0         0         0         0         0         0         0
13139:          0         0         0         0         0         1         0
13146:          0         0         0         0         0         0         0
13153:          0         0         0         0         0         0         0
13160:          0         0         0         0         0         0         0
13167:          0         0         0         0         0         0         0
13174:          0         0         0         0         0         0         0
13181:          0         0         0         0         0         0         0
13188:          0         0         0         0         0         0         0
13195:          0         0         0         0         0         0         0
13202:          0         0         0         0         0         0         0
13209:          0         0         0         0         0         0         0
13216:          0         0         0         0         0         0         0
13223:          0         0         0         0         0         0         0
13230:          0         0         0         0         0         0         0
13237:          0         0         0         0         0         0         0
13244:          0         0         0         0         0         0         0
13251:          0         0         0         0         0         0         0
13258:          0         0         0         0         0         0         0
13265:          0         0         0         0         0         0         0
13272:          0         0         0         0         0         0         0
13279:          0         0         0         0         0         0         0
13286:          0         0         0         0         0         0         0
13293:          0         0         0         0         0         0         0
13300:          0         0         0         0         0         0         0
13307:          0         0         0         0         0         0         0
13314:          0         0         0         0         0         0         0
13321:          0         0         0         0         0         0         0
13328:          0         0         0         0         0         0         0
13335:          0         0         0         0         0         0         0
13342:          0         0         0         0         0         0         0
13349:          0         0         0         0         0         0         0
13356:          0         0         0         0         0         0         0
13363:          0         0         0         0         0         0         0
13370:          0         0         0         0         0         0         0
13377:          1         0         0         0         0         0         0
13384:          0         0         0         0         0         0         0
13391:          0         0         0         0         0         0         0
13398:          0         0         0         0         0         0         0
13405:          0         0         0         0         0         0         0
13412:          0         0         0         0         0         0         0
13419:          0         0         0         0         0         0         0
13426:          0         0         0         0         0         0         0
13433:          0         0         0         0         0         0         0
13440:          0         0         0         0         0         1         0
13447:          0         0         0         0         0         0         0
13454:          0         0         0         0         0         0         0
13461:          0         0         0         0         0         0         0
13468:          0         0         0         0         0         0         0
13475:          0         0         0         0         0         0         0
13482:          0         0         0         0         0         0         0
13489:          0         0         0         0         0         0         0
13496:          0         0         0         0         0         0         0
13503:          0         0         0         0         0         0         0
13510:          0         0         0         0         0         0         0
13517:          0         0         0         0         0         0         0
13524:          0         0         0         0         0         0         0
13531:          0         0         0         0         0         0         0
13538:          0         0         0         0         0         0         0
13545:          0         0         0         0         0         0         0
13552:          0         0         0         0         0         0         0
13559:          0         0         0         0         0         0         0
13566:          0         0         0         0         0         0         0
13573:          0         0         0         0         0         0         0
13580:          0         0         0         0         0         0         0
13587:          0         0         0         0         0         0         0
13594:          0         0         0         0         0         0         0
13601:          0         0         0         0         0         0         0
13608:          0         0         0         0         0         0         0
13615:          0         0         0         0         0         0         0
13622:          0         0         0         0         0         0         0
13629:          0         0         0         0         0         0         0
13636:          0         1         0         0         0         0         0
13643:          0         0         0         0         0         0         0
13650:          0         0         0         0         0         0         0
13657:          0         0         0         0         0         0         0
13664:          0         0         0         0         0         0         0
13671:          0         0         0         0         0         0         0
13678:          0         0         0         0         0         0         0
13685:          0         0         0         0         0         0         0
13692:          0         0         0         0         0         0         0
13699:          0         0         0         0         0         0         0
13706:          0         0         0         0         0         0         0
13713:          0         0         0         0         0         0         0
13720:          0         0         0         0         0         0         0
13727:          0         0         0         0         0         0         0
13734:          0         0         0         0         0         0         0
13741:          0         1         0         0         0         0         0
13748:          0         0         0         0         0         0         0
13755:          0         0         0         0         0         0         0
13762:          0         0         0         0         0         0         0
13769:          0         0         0         0         0         0         0
13776:          0         0         0         0         0         0         0
13783:          0         0         0         0         0         0         0
13790:          0         0         0         0         0         0         0
13797:          0         0         0         0         0         0         0
13804:          0         0         0         0         0         0         0
13811:          0         0         0         0         0         0         0
13818:          0         0         0         0         0         0         0
13825:          0         0         0         0         0         0         0
13832:          0         0         0         0         0         0         0
13839:          0         0         0         0         0         0         0
13846:          0         0         0         0         0         0         0
13853:          0         0         0         0         0         0         0
13860:          0         0         0         0         0         0         0
13867:          0         0         0         0         0         0         0
13874:          0         0         0         0         0         0         0
13881:          0         0         0         0         0         0         0
13888:          0         0         0         0         0         0         0
13895:          0         0         0         0         0         0         0
13902:          0         0         0         0         0         0         0
13909:          0         0         0         0         0         0         0
13916:          0         0         0         0         0         0         0
13923:          0         0         0         0         0         0         0
13930:          0         0         0         0         0         0         0
13937:          0         0         0         0         0         0         0
13944:          0         0         0         0         0         0         0
13951:          0         0         0         0         0         0         0
13958:          0         0         0         0         0         0         0
13965:          0         0         0         0         0         0         0
13972:          0         1         0         0         0         0         0
13979:          0         0         0         0         0         0         0
13986:          0         0         0         0         0         0         0
13993:          0         0         0         0         0         0         0
14000:          0         0         0         0         0         0         0
14007:          0         1         0         0         0         0         0
14014:          0         0         0         0         0         0         0
14021:          0         0         0         0         0         0         0
14028:          0         0         0         0         0         0         0
14035:          0         0         0         0         0         0         0
14042:          0         0         0         0         0         0         0
14049:          0         0         0         0         0         0         0
14056:          0         0         0         0         0         0         0
14063:          0         0         0         0         0         0         0
14070:          0         0         0         0         0         0         0
14077:          0         0         0         0         0         0         0
14084:          0         0         0         0         0         0         0
14091:          0         1         0         0         0         0         0
14098:          1         0         0         0         0         0         0
14105:          0         0         0         0         0         0         0
14112:          0         0         0         0         0         0         0
14119:          0         0         0         0         0         0         0
14126:          0         0         0         0         0         0         0
14133:          0         0         0         0         0         0         0
14140:          0         0         0         0         0         0         0
14147:          0         0         0         1         0         0         0
14154:          0         0         0         0         0         0         0
14161:          0         0         1         0         0         0         0
14168:          0         0         0         0         0         0         0
14175:          0         0         0         0         0         0         0
14182:          0         0         0         0         0         0         0
14189:          0         0         0         0         0         0         0
14196:          0         0         0         0         0         0         0
14203:          0         0         0         0         0         0         0
14210:          0         0         0         0         0         0         0
14217:          0         0         0         0         0         0         0
14224:          0         0         0         0         0         0         0
14231:          0         0         0         0         0         0         0
14238:          0         0         0         0         0         0         0
14245:          0         0         0         0         0         0         0
14252:          0         0         1         0         0         0         0
14259:          0         0         0         0         0         0         0
14266:          0         0         0         0         0         0         1
14273:          0         0         0         0         0         0         0
14280:          0         0         0         0         0         0         0
14287:          0         0         0         0         0         0         0
14294:          0         0         0         0         0         0         0
14301:          0         0         0         0         0         0         0
14308:          0         0         0         0         0         0         0
14315:          0         0         0         0         0         0         0
14322:          0         0         0         0         0         0         0
14329:          0         0         0         0         0         0         0
14336:          0         0         0         0         0         0         0
14343:          0         0         0         0         0         0         0
14350:          0         0         0         0         0         0         0
14357:          0         1         0         0         0         0         0
14364:          0         0         0         0         0         0         0
14371:          0         0         0         0         0         0         0
14378:          0         0         0         0         0         0         0
14385:          0         0         0         0         0         0         0
14392:          0         0         0         0         0         0         0
14399:          0         0         0         0         0         0         0
14406:          0         0         0         0         0         0         0
14413:          0         0         0         0         0         0         0
14420:          0         0         0         0         0         0         0
14427:          0         0         0         0         0         0         0
14434:          0         0         0         0         0         0         0
14441:          0         0         0         0         0         0         0
14448:          0         0         0         0         0         0         0
14455:          0         0         0         0         0         0         0
14462:          0         0         0         0         0         0         1
14469:          0         0         0         0         0         0         0
14476:          0         0         0         0         0         0         0
14483:          0         0         0         0         0         0         0
14490:          0         0         0         0         0         0         0
14497:          0         0         0         0         0         0         1
14504:          0         0         1         0         0         0         0
14511:          0         0         0         0         0         0         0
14518:          0         0         0         0         0         0         0
14525:          0         0         0         0         0         0         0
14532:          0         0         0         0         0         0         0
14539:          0         0         0         0         0         0         0
14546:          0         0         0         0         0         0         0
14553:          0         0         0         0         0         0         0
14560:          0         0         0         0         0         0         0
14567:          0         0         0         0         0         0         0
14574:          0         0         0         0         0         0         0
14581:          0         0         0         0         0         0         0
14588:          0         0         0         0         0         0         0
14595:          0         0         0         0         0         0         0
14602:          0         0         0         0         0         0         0
14609:          0         0         0         0         2         0         0
14616:          0         0         0         0         0         0         0
14623:          0         0         0         0         0         0         0
14630:          0         0         0         0         0         0         0
14637:          0         0         0         0         0         0         0
14644:          0         0         0         0         0         0         0
14651:          0         0         0         1         0         0         0
14658:          0         0         0         0         0         0         0
14665:          0         0         0         0         0         0         0
14672:          0         0         0         0         0         0         0
14679:          0         0         0         0         0         0         0
14686:          0         0         0         0         0         0         0
14693:          0         0         0         0         0         0         0
14700:          0         0         0         0         0         0         0
14707:          0         0         0         0         0         0         0
14714:          0         0         0         0         0         0         0
14721:          0         0         0         0         0         0         0
14728:          0         0         0         0         0         1         0
14735:          0         0         0         0         0         0         0
14742:          0         0         0         0         0         0         0
14749:          1         0         0         0         0         0         0
14756:          0         0         0         0         0         0         0
14763:          0         0         0         0         0         0         0
14770:          1         0         0         0         0         0         0
14777:          0         0         0         0         0         0         0
14784:          0         0         0         0         0         0         0
14791:          0         0         0         0         0         0         0
14798:          0         0         0         0         0         0         0
14805:          0         0         0         0         0         0         0
14812:          0         0         0         0         0         0         0
14819:          0         0         0         0         0         0         0
14826:          0         0         0         0         0         0         0
14833:          0         0         0         0         0         0         0
14840:          0         0         0         0         0         0         0
14847:          0         0         0         0         0         0         0
14854:          0         0         0         0         0         0         0
14861:          0         0         0         0         0         0         0
14868:          0         0         0         0         0         0         0
14875:          0         0         0         0         0         0         0
14882:          0         0         0         0         1         0         1
14889:          0         0         0         0         0         0         0
14896:          0         0         0         0         0         0         0
14903:          0         0         0         0         0         0         0
14910:          0         0         0         0         0         0         0
14917:          0         0         0         0         0         0         0
14924:          0         0         0         0         1         0         0
14931:          0         0         0         0         0         0         0
14938:          0         0         0         0         0         0         0
14945:          0         0         0         0         0         0         0
14952:          0         0         0         0         0         0         0
14959:          0         0         0         0         0         0         0
14966:          0         0         0         0         0         0         0
14973:          0         0         0         0         0         0         0
14980:          0         0         0         0         0         0         0
14987:          0         0         0         0         0         0         0
14994:          0         0         0         0         0         0         0
15001:          0         0         0         0         0         0         0
15008:          0         1         0         0         0         0         0
15015:          0         0         0         0         0         0         0
15022:          0         0         0         0         0         0         0
15029:          0         0         0         0         0         0         0
15036:          0         0         0         0         0         0         0
15043:          0         0         0         0         0         0         0
15050:          0         0         1         0         0         0         0
15057:          0         0         0         0         0         0         0
15064:          0         0         0         0         0         0         0
15071:          0         0         0         0         0         0         0
15078:          0         0         0         0         0         0         0
15085:          0         0         0         0         0         0         0
15092:          0         0         0         0         0         0         0
15099:          0         0         0         0         0         0         0
15106:          0         0         0         0         0         1         0
15113:          0         0         0         0         0         0         0
15120:          0         0         0         0         0         0         0
15127:          0         0         0         0         0         0         0
15134:          0         0         0         0         0         0         0
15141:          0         0         0         0         0         0         0
15148:          0         0         0         0         0         0         0
15155:          0         0         0         0         0         0         0
15162:          0         0         0         0         0         0         0
15169:          0         0         0         0         0         0         0
15176:          0         0         0         0         0         1         0
15183:          0         0         0         0         0         0         0
15190:          0         0         0         0         0         0         0
15197:          0         1         0         0         0         0         0
15204:          0         0         0         0         0         0         0
15211:          0         0         0         0         0         0         0
15218:          0         0         0         0         0         0         0
15225:          0         0         0         0         0         0         0
15232:          0         1         0         0         0         0         0
15239:          0         0         0         0         0         0         0
15246:          0         0         0         0         0         0         0
15253:          0         0         0         0         0         0         0
15260:          0         0         0         0         0         0         0
15267:          0         0         0         0         0         0         0
15274:          0         0         0         0         0         0         0
15281:          0         0         0         0         0         0         0
15288:          0         0         0         0         0         0         0
15295:          0         0         0         0         0         0         0
15302:          0         0         0         0         0         0         0
15309:          0         0         0         0         0         0         0
15316:          0         0         0         0         0         0         0
15323:          0         0         0         0         0         0         0
15330:          0         0         0         0         0         0         0
15337:          0         0         0         0         0         0         0
15344:          0         0         0         0         0         0         0
15351:          0         0         0         0         0         0         0
15358:          0         0         0         0         0         0         0
15365:          0         0         0         0         0         0         0
15372:          0         0         0         0         0         0         0
15379:          0         0         0         0         0         0         0
15386:          1         0         0         0         0         0         0
15393:          0         0         0         0         0         0         0
15400:          0         0         0         0         0         0         0
15407:          0         0         0         0         0         0         0
15414:          0         0         0         0         0         0         0
15421:          0         0         0         0         0         0         0
15428:          0         0         0         0         0         0         0
15435:          0         0         0         0         0         0         0
15442:          0         0         1         0         0         0         0
15449:          0         0         0         0         0         0         0
15456:          0         0         0         0         0         0         0
15463:          0         0         0         0         0         0         0
15470:          0         0         0         0         0         0         0
15477:          0         0         0         0         0         0         0
15484:          0         0         0         0         0         0         0
15491:          0         0         0         0         0         0         0
15498:          0         0         0         0         0         0         0
15505:          0         0         0         0         0         0         0
15512:          0         0         0         0         0         0         0
15519:          0         0         0         0         0         0         0
15526:          0         0         0         0         0         0         0
15533:          0         0         0         0         0         0         0
15540:          0         0         0         0         0         0         0
15547:          0         0         0         0         0         0         0
15554:          0         0         0         0         0         0         0
15561:          0         0         0         0         0         0         0
15568:          0         0         0         0         0         0         0
15575:          0         0         0         0         0         0         0
15582:          0         0         0         0         0         0         0
15589:          0         0         0         0         0         0         0
15596:          0         0         0         0         0         0         0
15603:          0         0         0         0         0         0         0
15610:          0         0         0         0         0         0         0
15617:          0         0         0         0         0         0         0
15624:          0         0         0         0         0         0         0
15631:          0         0         0         0         0         0         0
15638:          0         0         1         0         0         0         0
15645:          0         0         0         0         0         0         0
15652:          0         0         0         0         0         0         0
15659:          0         0         0         0         0         0         0
15666:          0         0         0         0         0         0         0
15673:          0         0         0         0         0         0         0
15680:          0         0         0         0         0         0         0
15687:          0         0         0         0         0         0         0
15694:          0         0         0         0         0         0         0
15701:          0         0         0         0         0         0         0
15708:          0         0         0         0         0         0         0
15715:          0         0         0         0         0         0         0
15722:          0         0         0         0         1         0         0
15729:          0         0         0         0         0         0         0
15736:          0         0         0         0         0         0         0
15743:          0         0         0         0         0         0         0
15750:          0         0         0         0         0         1         0
15757:          0         0         0         1         0         0         0
15764:          0         0         0         0         0         0         0
15771:          0         0         0         0         0         0         0
15778:          0         0         0         0         0         0         0
15785:          0         0         0         0         0         0         0
15792:          0         0         0         0         0         0         0
15799:          0         0         0         0         0         0         0
15806:          0         0         0         0         0         0         0
15813:          0         0         0         0         0         0         0
15820:          0         0         0         0         0         0         0
15827:          0         0         0         0         0         0         0
15834:          0         0         0         0         0         0         0
15841:          0         0         0         0         0         1         0
15848:          0         0         0         0         0         0         0
15855:          0         0         0         0         0         0         0
15862:          0         0         0         0         0         0         0
15869:          0         0         0         0         0         0         0
15876:          0         0         0         0         0         0         0
15883:          0         0         0         0         0         0         0
15890:          0         0         0         0         0         0         0
15897:          0         0         0         0         0         0         0
15904:          0         0         0         0         0         0         0
15911:          0         0         0         0         0         0         0
15918:          0         0         0         0         0         0         0
15925:          0         0         0         0         0         0         0
15932:          0         0         0         0         0         0         0
15939:          0         0         0         0         0         0         0
15946:          0         0         0         0         0         0         0
15953:          0         0         0         0         0         0         0
15960:          0         0         0         0         0         0         0
15967:          0         0         0         0         0         0         0
15974:          0         0         0         0         0         0         0
15981:          0         0         0         0         0         0         0
15988:          0         0         0         0         0         0         0
15995:          0         0         0         0         0         0         0
16002:          0         0         0         0         0         0         0
16009:          0         0         0         0         0         0         0
16016:          0         0         0         0         0         1         0
16023:          0         0         0         0         0         1         0
16030:          0         0         0         0         0         0         0
16037:          0         0         0         0         0         0         0
16044:          0         0         0         0         0         0         0
16051:          0         0         0         0         0         0         0
16058:          0         0         0         0         0         0         0
16065:          0         0         0         0         0         0         0
16072:          0         0         0         0         0         0         0
16079:          0         0         0         0         0         0         0
16086:          0         0         0         0         0         0         0
16093:          0         0         0         0         0         0         0
16100:          0         0         0         0         0         0         0
16107:          0         0         0         0         0         0         0
16114:          0         0         0         0         0         0         0
16121:          0         0         0         0         0         0         0
16128:          0         0         0         0         0         0         0
16135:          0         0         0         0         0         0         0
16142:          0         0         0         0         0         0         0
16149:          0         0         0         0         0         0         0
16156:          0         0         0         0         0         0         0
16163:          0         0         0         0         0         0         0
16170:          0         0         0         0         0         0         0
16177:          0         0         0         0         0         0         0
16184:          0         0         0         0         0         0         0
16191:          0         0         0         0         0         0         0
16198:          0         0         0         0         0         0         0
16205:          0         0         0         0         0         0         0
16212:          0         0         0         0         0         0         0
16219:          0         0         0         0         0         0         0
16226:          0         0         0         0         0         0         0
16233:          0         0         0         0         0         0         0
16240:          0         0         0         0         0         0         0
16247:          0         0         0         0         0         0         0
16254:          0         0         0         0         0         0         0
16261:          0         0         0         0         0         0         0
16268:          0         0         0         0         0         0         0
16275:          0         0         0         0         0         0         0
16282:          0         0         0         0         0         0         0
16289:          0         0         0         0         0         0         0
16296:          0         0         0         0         0         0         0
16303:          0         0         0         0         0         0         0
16310:          0         0         0         0         0         0         0
16317:          0         0         0         0         0         0         0
16324:          0         0         0         0         0         0         0
16331:          0         0         0         0         0         0         0
16338:          0         0         0         0         0         0         0
16345:          0         0         0         0         0         0         0
16352:          0         0         0         0         0         0         0
16359:          0         0         0         0         0         0         0
16366:          0         0         0         0         0         0         0
16373:          0         0         0         0         0         0         0
16380:          0         0         0         0