
Maestro spectrum printed on 8/25/2026 at 4:00:41 PM
>IU-FLKWC14 Model 928 SN 26005143                                                
    0:          0         0         0         0         0         0         0
    7:          0         0         0         0         0         0         0
   14:          0         0         0         0         0         0         0
   21:          0         0         0         0         0         0         0
   28:          0         0         0         0         0         0         0
   35:          0         0         0         0         0         0         0
   42:          0         0         0         0         0         0         0
   49:          0         0         0         0         0         0         0
   56:          0         0         0         0         0         0         0
   63:          0         0         0         0         0         0         0
   70:          0         0         0         0         0         0         0
   77:          0         0         0         0         0         0         0
   84:          0         0         0         0         0         0         0
   91:          0         0         0         0         1         0         0
   98:          0         0         0         0         0         0         0
  105:          0         0         0         0         0         0         0
  112:          0         1         0         0         0         0         0
  119:          0         0         0         0         0         0         0
  126:          0         0         0         0         0         0         0
  133:          0         1         0         0         1         0         0
  140:          0         0         0         0         0         1         0
  147:          0         0         0         0         1         0         0
  154:          0         1         0         0         1         0         0
  161:          0         0         0         0         0         0         0
  168:          0         0         0         0         0         0         1
  175:          0         0         0         0         0         0         0
  182:          0         1         0         0         0         0         0
  189:          1         0         0         0         1         1         0
  196:          0         1         0         0         0         0         1
  203:          0         0         0         0         0         0         0
  210:          1         0         0         0         1         0         0
  217:          2         4         1         3         2         0         3
  224:          8        34       103       111       114       117       118
  231:        138       147       147       162       150       163       178
  238:        170       191       198       166       178       220       227
  245:        207       239       233       241       253       268       305
  252:        258       288       289       297       280       307       309
  259:        320       298       350       334       323       294       335
  266:        310       320       316       355       324       281       293
  273:        296       319       302       296       274       288       254
  280:        266       281       248       280       271       256       258
  287:        231       182       216       223       202       210       200
  294:        197       203       168       168       167       142       150
  301:        151       171       157       164       147       124       138
  308:        142       144       119        89       122       110       100
  315:        113       105        99        82       107        87       116
  322:        108        82        93        65        86        71        86
  329:         70        63        58        65        76        67        54
  336:         65        55        58        58        58        58        61
  343:         63        44        46        63        38        57        61
  350:         64        57        49        40        51        52        41
  357:         40        48        41        51        48        53        49
  364:         53        55        45        37        43        40        55
  371:         36        34        42        49        43        42        39
  378:         40        48        44        44        44        41        40
  385:         43        56        38        42        36        44        38
  392:         34        30        38        43        42        34        39
  399:         56        37        39        43        40        41        40
  406:         57        39        45        51        47        40        40
  413:         38        35        29        39        39        33        42
  420:         37        40        44        42        33        34        36
  427:         27        52        44        54        39        47        32
  434:         43        32        43        40        44        38        33
  441:         44        35        34        51        34        40        43
  448:         41        36        42        39        35        48        39
  455:         40        55        50        58        45        31        45
  462:         33        40        36        49        37        28        41
  469:         35        49        24        47        44        48        39
  476:         46        40        43        50        49        36        52
  483:         38        41        37        39        49        43        46
  490:         42        43        39        42        40        48        48
  497:         42        38        41        37        55        50        46
  504:         49        29        40        43        53        52        36
  511:         41        47        51        63        32        46        39
  518:         47        34        38        46        45        54        55
  525:         37        54        44        45        49        60        53
  532:         49        54        54        42        42        47        51
  539:         40        49        57        45        30        50        46
  546:         52        51        51        50        53        49        56
  553:         39        42        47        55        69        51        56
  560:         60        59        51        60        53        56        53
  567:         53        63        57        62        61        57        64
  574:         60        59        62        58        67        59        55
  581:         46        58        65        62        54        62        59
  588:         57        64        59        59        50        47        44
  595:         87        54        53        54        77        59        56
  602:         53        63        59        80        57        46        63
  609:         57        58        67        65        59        59        53
  616:         48        54        60        52        39        56        56
  623:         69        58        71        52        65        64        56
  630:         64        51        60        69        30        53        46
  637:         54        51        45        40        49        45        52
  644:         54        53        57        45        58        52        46
  651:         44        44        46        54        56        43        48
  658:         52        48        43        48        47        42        44
  665:         58        47        39        52        44        52        57
  672:         46        49        57        55        37        41        39
  679:         37        46        50        57        54        43        57
  686:         42        50        55        64        50        45        51
  693:         46        30        48        52        53        27        49
  700:         55        45        63        49        43        35        47
  707:         45        53        44        54        46        51        53
  714:         43        33        40        47        51        55        51
  721:         27        50        51        42        46        50        43
  728:         29        42        62        54        44        40        42
  735:         40        37        50        37        39        32        47
  742:         43        41        33        45        42        43        59
  749:         33        31        46        45        46        37        54
  756:         41        39        49        41        53        54        44
  763:         40        39        44        44        43        37        41
  770:         39        46        29        38        47        47        38
  777:         45        41        37        48        35        55        36
  784:         40        35        39        49        34        48        45
  791:         58        47        38        36        35        34        29
  798:         38        40        28        33        45        41        49
  805:         31        39        44        36        53        48        38
  812:         36        48        42        40        50        41        31
  819:         39        41        47        49        42        52        55
  826:         46        48        36        43        57        39        51
  833:         47        37        38        41        44        37        38
  840:         45        45        52        52        42        35        49
  847:         42        43        42        46        39        52        40
  854:         49        42        36        53        44        48        50
  861:         40        35        37        39        49        36        47
  868:         38        50        43        44        44        45        39
  875:         58        46        47        28        46        41        46
  882:         39        57        34        44        37        39        47
  889:         48        41        46        42        41        46        50
  896:         41        44        41        49        44        50        56
  903:         40        50        34        42        43        50        45
  910:         39        44        48        39        28        39        59
  917:         45        38        41        36        38        43        47
  924:         44        54        46        38        40        34        45
  931:         46        39        35        40        41        43        50
  938:         44        47        50        43        35        53        39
  945:         40        42        34        29        42        42        47
  952:         42        42        45        32        33        50        39
  959:         42        38        42        49        48        34        40
  966:         50        44        52        38        39        34        48
  973:         53        41        41        45        41        37        45
  980:         46        34        35        42        50        32        52
  987:         51        40        37        40        43        49        44
  994:         41        47        48        42        51        41        49
 1001:         34        44        49        36        30        41        33
 1008:         43        35        44        44        35        44        45
 1015:         46        35        49        43        47        41        43
 1022:         47        45        55        46        50        28        46
 1029:         44        51        43        57        38        36        59
 1036:         35        55        45        49        38        49        50
 1043:         49        41        27        45        40        44        50
 1050:         49        36        46        48        47        45        47
 1057:         39        55        45        35        52        43        48
 1064:         42        40        41        43        43        48        50
 1071:         49        34        39        51        36        43        32
 1078:         45        46        47        33        35        40        38
 1085:         43        53        38        50        41        56        49
 1092:         46        52        46        54        42        44        39
 1099:         38        33        48        36        34        54        44
 1106:         50        43        44        35        47        52        56
 1113:         43        41        39        38        36        43        48
 1120:         40        56        41        59        40        55        43
 1127:         40        46        44        48        44        44        56
 1134:         33        52        50        35        36        37        50
 1141:         59        45        40        45        50        37        50
 1148:         47        44        41        51        48        46        43
 1155:         61        45        45        52        43        52        64
 1162:         51        49        39        45        47        50        58
 1169:         53        51        51        54        45        45        38
 1176:         43        47        59        46        47        48        44
 1183:         46        49        44        44        44        37        35
 1190:         55        43        48        60        52        40        52
 1197:         45        53        46        46        34        38        42
 1204:         44        47        45        34        40        41        50
 1211:         41        44        39        55        41        42        44
 1218:         37        51        54        42        43        46        53
 1225:         46        43        41        45        48        42        33
 1232:         34        54        41        52        47        38        34
 1239:         36        53        51        54        44        34        51
 1246:         46        38        33        66        59        50        44
 1253:         45        51        58        43        34        50        55
 1260:         48        55        51        51        40        44        55
 1267:         48        50        54        53        53        48        46
 1274:         54        41        47        41        50        32        55
 1281:         61        53        41        45        49        41        54
 1288:         47        49        49        37        48        39        47
 1295:         46        38        40        38        35        65        52
 1302:         46        50        46        50        45        65        63
 1309:         46        48        59        50        35        49        61
 1316:         48        62        59        47        45        40        47
 1323:         45        50        56        45        44        51        50
 1330:         67        58        50        49        43        42        71
 1337:         42        49        50        46        60        53        45
 1344:         51        54        62        51        43        52        63
 1351:         64        51        55        47        43        43        58
 1358:         66        62        66        57        48        46        52
 1365:         59        61        60        55        56        61        79
 1372:         56        49        49        40        46        59        53
 1379:         56        41        52        63        57        56        47
 1386:         64        57        45        46        53        51        63
 1393:         50        54        55        49        56        61        70
 1400:         53        60        62        55        57        47        54
 1407:         52        67        59        57        61        61        59
 1414:         45        77        63        52        64        67        62
 1421:         53        66        88        57        71        58        58
 1428:         66        72        66        51        55        45        68
 1435:         71        57        55        49        62        59        72
 1442:         64        77        67        74        62        48        60
 1449:         55        60        61        61        62        55        62
 1456:         55        71        59        49        61        64        69
 1463:         55        61        61        70        71        58        69
 1470:         48        53        65        71        49        61        69
 1477:         61        55        81        62        70        57        75
 1484:         84        46        76        54        65        64        73
 1491:         57        63        54        74        56        67        74
 1498:         69        57        62        60        61        52        48
 1505:         62        69        69        59        57        57        66
 1512:         61        65        51        55        59        58        64
 1519:         60        61        53        60        51        60        64
 1526:         74        68        72        69        53        67        46
 1533:         61        48        54        63        62        63        83
 1540:         62        57        57        51        75        58        59
 1547:         70        70        66        65        65        71        69
 1554:         54        65        55        59        61        62        61
 1561:         54        50        57        52        59        61        78
 1568:         62        67        59        62        60        60        55
 1575:         65        54        61        59        55        58        70
 1582:         70        49        75        58        50        57        81
 1589:         60        62        51        52        53        59        54
 1596:         69        63        65        59        63        57        52
 1603:         51        57        55        46        62        58        63
 1610:         49        61        46        62        61        51        52
 1617:         55        73        60        62        50        79        57
 1624:         57        72        56        67        56        64        61
 1631:         52        55        64        60        47        63        53
 1638:         69        59        48        48        61        55        55
 1645:         57        58        53        56        61        38        70
 1652:         57        60        58        51        51        69        61
 1659:         66        61        55        63        63        50        54
 1666:         69        56        46        55        72        59        66
 1673:         59        59        66        64        46        57        54
 1680:         74        51        53        69        63        61        55
 1687:         52        57        52        66        54        63        65
 1694:         61        63        58        54        51        68        61
 1701:         59        62        65        55        59        64        62
 1708:         57        56        58        48        54        50        52
 1715:         40        53        66        54        62        52        62
 1722:         68        50        51        57        45        61        56
 1729:         62        50        49        52        66        58        45
 1736:         59        53        57        68        49        41        48
 1743:         64        58        65        50        60        54        46
 1750:         61        68        58        57        64        56        51
 1757:         46        46        63        57        57        46        40
 1764:         46        55        43        44        55        59        57
 1771:         64        49        55        57        50        58        53
 1778:         62        47        53        48        60        54        49
 1785:         54        57        52        53        50        61        51
 1792:         65        55        74        49        48        56        62
 1799:         56        37        56        48        58        51        54
 1806:         49        46        50        50        44        47        39
 1813:         60        34        51        42        63        47        49
 1820:         49        61        64        59        47        55        45
 1827:         48        62        51        63        46        56        44
 1834:         52        50        44        41        47        47        62
 1841:         60        59        44        41        44        47        42
 1848:         58        36        55        56        50        56        45
 1855:         55        54        58        53        56        57        57
 1862:         50        50        44        47        65        49        40
 1869:         49        52        43        53        52        44        59
 1876:         49        43        54        58        59        48        49
 1883:         46        47        59        47        56        35        51
 1890:         56        54        60        59        46        37        66
 1897:         48        51        59        39        44        49        39
 1904:         49        37        45        38        59        47        39
 1911:         49        39        58        54        51        54        56
 1918:         56        37        63        35        46        56        53
 1925:         46        47        51        39        67        39        42
 1932:         58        37        42        40        50        45        49
 1939:         65        60        53        38        46        45        46
 1946:         47        56        46        50        54        40        41
 1953:         47        47        38        53        40        46        35
 1960:         38        53        35        49        49        54        40
 1967:         52        52        46        42        33        40        47
 1974:         47        46        38        38        43        52        45
 1981:         52        54        49        44        40        36        58
 1988:         62        46        39        42        41        43        51
 1995:         49        42        39        43        53        51        49
 2002:         39        47        46        37        51        46        38
 2009:         60        37        38        41        41        50        41
 2016:         55        40        47        47        55        46        28
 2023:         40        40        39        56        36        56        47
 2030:         40        49        55        37        52        40        48
 2037:         50        44        52        40        56        45        37
 2044:         34        56        42        45        45        46        54
 2051:         36        51        44        48        36        48        38
 2058:         42        33        46        50        47        49        42
 2065:         43        43        45        44        48        40        49
 2072:         57        29        39        40        50        39        41
 2079:         40        39        49        33        47        45        54
 2086:         37        44        50        48        37        44        45
 2093:         40        49        48        46        41        45        25
 2100:         40        53        49        40        41        58        60
 2107:         37        52        36        48        44        43        47
 2114:         42        33        46        33        39        43        34
 2121:         33        49        36        37        44        46        38
 2128:         48        44        50        32        47        45        57
 2135:         47        46        52        29        49        36        37
 2142:         39        41        36        44        38        42        43
 2149:         37        42        46        32        39        51        34
 2156:         42        31        43        43        39        41        32
 2163:         45        38        43        33        47        43        40
 2170:         28        52        50        31        46        49        49
 2177:         38        37        44        36        41        45        57
 2184:         39        40        38        32        41        47        51
 2191:         46        41        32        44        46        46        38
 2198:         28        51        44        35        34        41        49
 2205:         44        45        31        30        38        50        40
 2212:         29        44        30        41        39        32        41
 2219:         49        33        41        36        37        38        39
 2226:         40        43        46        41        44        43        36
 2233:         51        26        35        45        33        39        41
 2240:         55        43        35        40        42        44        48
 2247:         31        40        51        34        31        32        46
 2254:         28        40        44        46        38        35        56
 2261:         43        27        44        41        43        48        36
 2268:         47        36        34        43        36        41        32
 2275:         35        36        40        37        45        50        40
 2282:         48        44        31        39        35        50        43
 2289:         52        46        39        50        49        41        27
 2296:         48        30        39        41        49        46        38
 2303:         26        45        43        34        44        41        35
 2310:         48        41        35        35        36        37        44
 2317:         37        35        44        32        41        32        33
 2324:         49        41        46        45        46        36        47
 2331:         31        39        29        42        33        25        36
 2338:         26        40        33        42        36        43        37
 2345:         48        38        34        40        28        43        37
 2352:         35        44        43        33        42        45        34
 2359:         26        29        35        41        38        36        43
 2366:         41        40        40        39        35        45        26
 2373:         32        39        26        39        42        43        42
 2380:         44        41        42        38        38        36        35
 2387:         38        46        42        38        45        33        38
 2394:         41        35        36        30        39        44        29
 2401:         39        48        52        47        59        49        43
 2408:         35        34        37        39        36        51        34
 2415:         40        33        31        46        30        49        34
 2422:         42        46        42        45        41        43        37
 2429:         38        46        37        27        38        42        44
 2436:         40        47        39        22        28        41        41
 2443:         42        42        48        40        42        26        40
 2450:         44        28        43        48        50        49        39
 2457:         37        40        29        43        44        35        45
 2464:         46        35        33        41        36        35        38
 2471:         41        37        32        37        39        39        23
 2478:         41        38        39        38        45        35        37
 2485:         35        45        32        28        35        31        38
 2492:         41        31        37        40        43        40        36
 2499:         40        39        46        39        43        39        38
 2506:         50        40        27        39        48        50        41
 2513:         40        35        30        41        40        51        43
 2520:         34        44        31        37        22        42        43
 2527:         37        36        35        37        36        33        36
 2534:         46        29        32        39        24        32        48
 2541:         32        42        31        36        35        39        36
 2548:         39        31        42        48        29        36        43
 2555:         36        37        40        28        35        30        34
 2562:         41        35        27        37        42        33        42
 2569:         40        30        28        34        31        47        49
 2576:         44        40        51        42        42        42        31
 2583:         33        21        43        43        38        42        42
 2590:         43        33        41        31        31        23        43
 2597:         41        51        29        33        36        40        30
 2604:         43        38        30        33        29        30        34
 2611:         32        33        34        42        37        39        32
 2618:         30        41        34        31        34        20        56
 2625:         48        49        35        33        51        33        19
 2632:         31        43        40        24        29        34        30
 2639:         31        34        36        28        29        32        27
 2646:         35        34        44        43        35        33        34
 2653:         29        36        45        30        38        35        38
 2660:         34        36        32        42        48        38        25
 2667:         34        35        26        25        39        30        41
 2674:         37        35        23        32        36        42        38
 2681:         37        34        34        31        36        36        28
 2688:         42        31        41        31        36        31        44
 2695:         39        37        42        42        33        30        31
 2702:         29        43        24        41        31        37        23
 2709:         33        34        27        53        25        38        37
 2716:         33        37        33        30        32        34        37
 2723:         44        40        25        34        45        34        25
 2730:         37        31        37        27        26        26        30
 2737:         34        39        35        41        37        45        23
 2744:         27        27        27        42        31        31        45
 2751:         38        27        38        47        37        39        31
 2758:         36        39        37        43        33        46        39
 2765:         45        36        35        34        34        40        38
 2772:         40        25        28        35        28        40        37
 2779:         20        31        31        30        35        39        48
 2786:         42        29        27        28        42        31        42
 2793:         34        45        32        36        23        27        38
 2800:         28        37        35        33        36        29        40
 2807:         25        32        36        21        37        38        18
 2814:         40        33        34        37        32        33        42
 2821:         33        45        36        35        29        27        38
 2828:         29        40        34        33        31        29        38
 2835:         27        43        33        38        46        42        48
 2842:         30        34        33        31        40        40        32
 2849:         36        40        40        44        43        31        41
 2856:         47        38        32        28        31        29        36
 2863:         34        37        39        21        35        34        19
 2870:         27        45        40        38        38        28        28
 2877:         33        40        28        39        31        32        40
 2884:         42        25        29        39        23        37        30
 2891:         35        31        28        29        38        35        31
 2898:         41        34        36        31        42        31        46
 2905:         42        34        27        26        32        44        29
 2912:         35        27        25        37        38        38        38
 2919:         32        32        39        35        39        41        38
 2926:         42        36        33        37        37        34        42
 2933:         32        44        38        43        34        36        39
 2940:         37        43        36        40        36        35        29
 2947:         43        46        51        27        32        38        37
 2954:         35        35        33        33        41        38        48
 2961:         35        39        31        45        40        41        39
 2968:         42        25        40        39        35        45        35
 2975:         32        25        30        21        30        26        37
 2982:         43        37        35        30        26        35        41
 2989:         26        48        27        34        33        31        34
 2996:         50        37        39        23        37        35        36
 3003:         42        41        36        42        42        36        34
 3010:         23        39        36        27        45        34        42
 3017:         40        27        37        37        36        24        40
 3024:         38        29        27        41        32        30        29
 3031:         39        33        48        29        35        39        31
 3038:         27        43        39        40        38        32        30
 3045:         34        36        47        36        30        29        33
 3052:         29        35        43        36        31        33        32
 3059:         33        25        41        36        49        27        29
 3066:         30        38        40        41        39        28        31
 3073:         37        38        31        35        29        24        36
 3080:         32        36        31        28        40        41        30
 3087:         32        41        35        41        33        33        32
 3094:         24        29        27        35        36        43        34
 3101:         22        39        34        40        25        30        27
 3108:         30        31        44        39        44        33        43
 3115:         35        39        33        33        39        34        52
 3122:         46        32        34        34        38        32        38
 3129:         41        41        45        34        36        23        33
 3136:         40        38        53        29        28        54        23
 3143:         40        32        28        39        40        37        31
 3150:         43        35        35        36        35        44        46
 3157:         42        31        32        32        27        35        29
 3164:         38        41        35        39        35        39        45
 3171:         22        55        30        30        41        38        36
 3178:         39        30        34        34        24        31        28
 3185:         32        34        38        28        30        30        35
 3192:         35        42        25        26        38        37        41
 3199:         32        38        32        33        40        37        36
 3206:         28        31        33        28        37        40        37
 3213:         34        31        45        33        48        34        23
 3220:         40        34        44        36        33        52        27
 3227:         31        33        24        34        28        30        41
 3234:         36        36        28        38        31        31        27
 3241:         33        29        23        34        34        35        31
 3248:         32        35        29        43        40        31        37
 3255:         30        29        30        30        27        39        24
 3262:         31        34        31        26        36        29        24
 3269:         23        31        31        33        34        32        28
 3276:         25        27        30        31        38        33        26
 3283:         34        34        45        27        33        19        35
 3290:         33        21        31        26        25        34        18
 3297:         31        37        29        35        28        25        31
 3304:         32        43        32        27        38        26        14
 3311:         32        25        32        24        31        28        41
 3318:         30        32        29        35        28        21        29
 3325:         31        28        33        32        29        26        37
 3332:         30        28        27        25        21        29        25
 3339:         25        27        36        29        32        31        31
 3346:         34        24        27        33        28        22        25
 3353:         27        27        22        22        31        30        25
 3360:         22        24        17        30        23        29        26
 3367:         33        33        18        22        28        25        24
 3374:         18        30        31        31        27        29        38
 3381:         27        21        25        20        25        22        31
 3388:         20        22        30        17        33        26        22
 3395:         25        25        19        23        24        31        23
 3402:         28        24        25        24        33        25        24
 3409:         28        26        23        24        26        21        28
 3416:         32        20        27        18        27        26        26
 3423:         24        21        18        28        30        25        20
 3430:         17        25        22        29        18        21        18
 3437:         16        27        26        14        31        21        24
 3444:         25        21        22        20        25        20        27
 3451:         25        26        20        26        14        20        32
 3458:         33        20        23        24        19        21        21
 3465:         25        30        22        23        27        19        14
 3472:         31        27        26        23        23        22        18
 3479:         20        21        31        19        25        25        21
 3486:         23        27        23        14        21        25        22
 3493:         29        23        31        27        24        17        31
 3500:         26        25        23        18        23        21        31
 3507:         23        22        16        33        28        24        27
 3514:         26        36        23        28        20        20        24
 3521:         31        22        16        14        27        31        28
 3528:         23        26        31        38        25        27        19
 3535:         28        28        21        31        21        20        26
 3542:         23        24        24        25        30        31        24
 3549:         30        24        25        27        19        30        24
 3556:         28        31        25        28        19        21        17
 3563:         29        31        25        25        28        21        39
 3570:         27        20        33        30        26        25        30
 3577:         16        21        24        29        41        26        27
 3584:         24        22        28        29        28        30        29
 3591:         25        26        41        28        26        22        21
 3598:         24        34        31        23        24        27        26
 3605:         29        17        30        29        26        23        32
 3612:         33        28        34        27        34        20        24
 3619:         31        25        20        27        21        41        28
 3626:         21        29        30        27        17        30        28
 3633:         22        26        28        33        30        29        28
 3640:         29        30        22        40        34        29        30
 3647:         38        35        33        38        27        36        20
 3654:         28        30        29        30        28        19        31
 3661:         26        30        37        30        29        35        23
 3668:         29        24        37        25        20        31        26
 3675:         28        34        34        37        29        15        27
 3682:         27        29        35        26        33        20        33
 3689:         32        35        33        31        23        37        25
 3696:         17        24        21        25        25        24        22
 3703:         26        29        12        27        35        24        26
 3710:         20        23        18        23        31        27        22
 3717:         25        20        20        32        23        27        38
 3724:         27        29        27        26        29        25        24
 3731:         24        22        18        14        24        17        28
 3738:         23        22        39        30        30        33        32
 3745:         30        35        24        17        17        32        22
 3752:         25        33        26        27        24        29        26
 3759:         23        30        20        34        22        25        23
 3766:         25        19        24        23        18        29        28
 3773:         22        21        32        23        19        25        27
 3780:         23        30        21        15        21        23        20
 3787:         24        13        28        26        31        19        23
 3794:         15        28        21        20        12        24        22
 3801:         15        22        29        24        13        27        29
 3808:         19        14        22        14        21        13        23
 3815:         18        24        24        17        20        21        20
 3822:         20        16        27        28        15        19        21
 3829:         33        17        13        16        14        19        22
 3836:         29        18        22        17        15        17        16
 3843:         13        14        15        18        17        20        12
 3850:         20        23        14        22        14        16        16
 3857:         16        14        17        12        11        15        16
 3864:         20        27        25        19        18        16        15
 3871:         12        22         8        18        18        15        11
 3878:         18        14        12        22        23        22        16
 3885:         16        17        20        18        13        21        10
 3892:         16        16        17        22        14        20        12
 3899:         11        15        18        16        17        16        16
 3906:         22        14        14        20        14        13        22
 3913:         15        19         7        19        16        14        20
 3920:         22        16        12        10        13        16        15
 3927:         15        11        19        13        11        18        21
 3934:          8         9        19        16        21        14        18
 3941:         17        11        15        15        12        17        15
 3948:         17        11        17        12        15        12        14
 3955:         15        13        18        10        18        10        10
 3962:         15        11        13        16        17        17         9
 3969:         16        17        11        10        15        11        11
 3976:         22        13        13        21        16        11        14
 3983:         15        11        11        12        16        14        13
 3990:          9        15        16        15        13        12        17
 3997:         15        14        15        15        10        16        10
 4004:         10        12        23        15        17        14        13
 4011:          9        15        16        11        18        19        16
 4018:         21        15        19        18         9        16        11
 4025:         18        16        12        17        16        17        22
 4032:         14        20        12         8        17        12        18
 4039:         12         9        16        13         7        15        21
 4046:         18        14        17        11        11        19        14
 4053:          9        10        10        17        14        14        11
 4060:         16        20        15        13        12        16        22
 4067:         16         8        15        15        13        19        10
 4074:         13        17        13        18        12        14         8
 4081:         16        12        14        14        11         9        19
 4088:          8         7        12        12         9        14        15
 4095:         16         7        21        14        10        18        12
 4102:         17        11        13        12        12         6        10
 4109:         12        17        13        19        15        15        14
 4116:         17        16        15        15        22        14         6
 4123:         15        17        19         7        16        18        10
 4130:         13        15        14        14         9        14        17
 4137:         18         8        16        12        15        11        12
 4144:         15        10        11         8        17        18        14
 4151:         14        14        19        15        10         4        18
 4158:         10        16        17        10        13        14        19
 4165:         11        20        13        12        17         9        17
 4172:         17        13        14        14        15        12        16
 4179:         12        17        18        22        22        20        16
 4186:         15        15        12        19        20        13        16
 4193:         13        16        13        17        14        19        16
 4200:         13        20        13        13        14        21        21
 4207:         21         8        18        17        12        12        13
 4214:         28        14        12        20        12        14        19
 4221:         13        16        13        22        22        10        18
 4228:         20        17        16        17        19        31        11
 4235:         19        20        15        17        13        18        22
 4242:         29        19        21        14        28        18        14
 4249:         21        14        10        25        21         9        14
 4256:         22        23        23        16        17        16        22
 4263:         20        20        23        15        24        24        24
 4270:         16        25        21        18        15        23        21
 4277:         28        20        21        15        20        26        26
 4284:         21        13        22        26        19        28        20
 4291:         29        14        20        25        23        24        21
 4298:         27        27        24        23        27        26        27
 4305:         19        30        20        29        20        14        23
 4312:         20        31        22        35        25        32        26
 4319:         32        35        21        34        34        30        19
 4326:         27        30        23        23        24        23        31
 4333:         26        24        24        27        33        35        30
 4340:         24        22        28        39        33        20        33
 4347:         37        33        40        29        29        36        33
 4354:         30        30        45        24        32        35        26
 4361:         36        33        39        31        30        38        40
 4368:         27        33        32        39        50        38        34
 4375:         46        37        41        27        30        43        41
 4382:         44        45        47        51        57        49        48
 4389:         43        36        34        38        46        37        49
 4396:         40        48        48        52        45        45        44
 4403:         30        51        31        53        59        50        56
 4410:         52        47        43        47        36        54        48
 4417:         55        54        52        33        68        49        48
 4424:         42        54        56        58        50        48        46
 4431:         52        49        72        50        64        53        67
 4438:         44        77        63        52        68        72        56
 4445:         70        70        89        68        70        62        62
 4452:         69        71        70        60        67        63        73
 4459:         71        68        82        74        69        70        79
 4466:         76        77        69        74        86        79        91
 4473:         76        72        95        73        88        88        92
 4480:         78        76        77        70        96        99        87
 4487:         94        97        86        99        86        93        97
 4494:         92        92        96        80        96        98        96
 4501:         85       112        89        93        89        78       101
 4508:         84       105       106       103        88       117       108
 4515:         97        95       103       115       110        96       104
 4522:        108       104       125       110       125       121       126
 4529:        128       124       142       113       101       117       131
 4536:        116       105       128       112       128       134       130
 4543:        137       136       136       135       133       132       122
 4550:        145       132       132       128       139       125       134
 4557:        153       116       134       140       155       162       153
 4564:        137       140       147       156       167       145       145
 4571:        163       158       160       155       130       151       132
 4578:        138       165       173       165       148       169       168
 4585:        149       161       154       165       185       162       193
 4592:        187       168       159       147       184       175       164
 4599:        183       169       155       184       144       176       191
 4606:        181       188       201       188       194       204       178
 4613:        197       172       167       177       191       169       164
 4620:        179       191       170       178       186       203       194
 4627:        198       215       214       207       199       205       178
 4634:        219       192       193       163       195       224       202
 4641:        204       207       184       198       219       166       217
 4648:        222       208       184       197       213       212       193
 4655:        183       204       203       202       222       215       228
 4662:        218       210       188       223       215       234       224
 4669:        217       206       206       219       220       251       214
 4676:        210       217       205       212       189       193       197
 4683:        212       222       224       202       217       238       229
 4690:        229       241       197       222       215       196       240
 4697:        232       200       218       259       214       226       220
 4704:        221       200       217       210       205       232       201
 4711:        196       226       225       214       247       220       217
 4718:        241       233       250       256       228       225       227
 4725:        241       221       238       244       227       211       212
 4732:        243       265       210       236       236       215       206
 4739:        252       248       214       195       207       247       215
 4746:        202       193       213       208       220       215       198
 4753:        196       190       224       191       203       219       243
 4760:        201       196       199       211       222       240       228
 4767:        229       248       222       195       224       214       249
 4774:        207       209       195       188       198       222       215
 4781:        190       202       207       202       186       203       203
 4788:        209       198       210       188       197       213       197
 4795:        199       208       214       207       193       192       200
 4802:        179       185       196       215       186       177       191
 4809:        232       184       164       181       185       181       181
 4816:        175       200       207       211       195       183       188
 4823:        196       167       165       190       163       180       170
 4830:        184       170       179       186       184       203       177
 4837:        175       171       175       162       171       156       145
 4844:        160       210       159       180       163       168       157
 4851:        163       154       154       139       161       164       154
 4858:        136       148       151       144       166       147       168
 4865:        138       141       152       139       123       152       142
 4872:        137       148       135       135       153       147       128
 4879:        142       143       134       133       141       140       125
 4886:        132       111       128       128       134       123       134
 4893:        129       118       131       123       115       128       101
 4900:        109       103       118       137       125       134       114
 4907:        125       106       102       118       117        95       116
 4914:        103       102       117        93       107        90        98
 4921:         79        96        87        88       101       106        74
 4928:        109        97       101       103        90        79        92
 4935:         93        96        80        96        66        73       100
 4942:        103        99        89        79        90        74        69
 4949:         86        79        80        86        70        84        85
 4956:         79        86        80        82        77        73        90
 4963:         60        62        74        80        80        67        68
 4970:         76        63        77        70        56        55        52
 4977:         52        72        47        66        61        60        44
 4984:         60        52        63        70        53        62        57
 4991:         45        47        47        50        62        47        53
 4998:         47        51        37        51        50        43        58
 5005:         43        56        48        55        55        47        48
 5012:         41        41        49        62        48        35        54
 5019:         52        39        43        29        52        34        25
 5026:         45        26        36        39        39        56        29
 5033:         28        39        23        41        24        36        30
 5040:         46        34        37        32        29        29        32
 5047:         45        32        18        24        32        41        38
 5054:         38        31        25        27        44        37        31
 5061:         37        29        29        24        30        29        29
 5068:         29        29        29        32        23        30        38
 5075:         20        24        29        28        30        16        33
 5082:         24        28        19        15        26        15        40
 5089:         11        28        24        27        22        21        19
 5096:         12        24        17        26        24        21        19
 5103:         25        19        14        17        22        10        18
 5110:         21        15        18        13        16        14        16
 5117:         14        30        22        14        18        18        16
 5124:         21        13        15        27        16        14        15
 5131:         11        11        15        11        18        16        21
 5138:         13        14        18        12        20        13        26
 5145:         20        14        14        21        15        24        19
 5152:         15        14        17        14        16        16        19
 5159:         20        17        12        15        15        18        11
 5166:         11        20        13        11        19         9        12
 5173:         25        12        11         9        16        15        19
 5180:         14        23        10        24        21        13        13
 5187:         16        14        10        11        20        13        15
 5194:         10        13        11        13         8         9         9
 5201:          9        10        11        14        21        22         9
 5208:         11         6        15        19        13        10        15
 5215:         20        12        14         9         7        11        19
 5222:         15         5        11         7         7        12         8
 5229:         11        11        17        12        14        13        13
 5236:         12        15         8         7        19        11        18
 5243:         11        10        12        15        10         8        10
 5250:          3        12        13        14         6        12        16
 5257:         14        16        13         5        10        10         8
 5264:         13        11        10         8        10         9        12
 5271:         10        10        12        10         8        11        10
 5278:          8         7        10        15        13         5        17
 5285:         16         4         9        11        13        18        10
 5292:          9        15        13        12        17        14        11
 5299:         11         5        15        10        12         7         8
 5306:         11        12        14        12        10        17        12
 5313:         11        12         9        12        10        11        10
 5320:         12        13        13        21         9         9         9
 5327:         13        18        14        16         9        15         8
 5334:          9        15        11        12         8         5         8
 5341:         10        11         7        14         6         8        10
 5348:         15         9         8        14        13        13         8
 5355:          8        11        13         9        10         7        15
 5362:         16         8        13        12        16        13        10
 5369:         12        12        10        14        12         9         9
 5376:         14        11        12        10        13        15        12
 5383:          5        14         8         6        10        13        13
 5390:         10        19        12         9        15         9         4
 5397:         11        11        12        10        10        11        14
 5404:         12        15        12        11        11         7        13
 5411:          8        13         6         7        15        23        11
 5418:          7         9         7        13        15        13        10
 5425:          8        13         9         8         6        12        14
 5432:          8         7        11        14        11         9         6
 5439:          6        14         8        10        11         6        10
 5446:         13        13        14         7        12        12        15
 5453:          5         6        11         7        11         9        16
 5460:          7        18         7        12        12        11         9
 5467:          4        14        13        13        13        16         6
 5474:         11         6         7         6        10        11        10
 5481:          8         9        12        12        11        12         9
 5488:          8        12        15        21         5        11        11
 5495:         10        12        11        10        11        12        11
 5502:          7        14         4        10        15        14         4
 5509:         15         7         9        10        14         9        12
 5516:         10        15        11        10        14        18         7
 5523:         14         9        11        13        12        16        11
 5530:         14        11         8        13         6         8        13
 5537:         14        13        16        10        12        15         9
 5544:         15        10         6        12        10        10        14
 5551:         14        12        11        11        13         8         9
 5558:          7        12        10        14         9         8         9
 5565:          7        15        14        11        12         8        17
 5572:         16         6        11        13        12         9        11
 5579:          9        11        12        11        19         8        14
 5586:         13        10        10        16         6         6         7
 5593:         11         9        16        10        13        20        11
 5600:         12        10        14         6        12        10         8
 5607:         14        12        20        13         9        11        13
 5614:         14        16        12        16         5        10         7
 5621:         12        12        15        12        19        13        16
 5628:         20        16         9        11         6         9        18
 5635:         11        11        19        12         9        11        17
 5642:         10        12         7        10        19         7         9
 5649:         13        16        11         9         9        14        14
 5656:          4        13        15        17        16        11         9
 5663:         11         9         9        14         4         8        14
 5670:         15        10        15        13        13        10         7
 5677:         21        13        17        13        19        16         9
 5684:         14        14        10        15         9        19        17
 5691:          9        17        19        12        15        13         8
 5698:          6        16         8        12        11        14        14
 5705:         14        13        18         9        12         6        11
 5712:         12        16        11        13        11        13        10
 5719:          8         8        10        13        14        12        13
 5726:         16        16        15        12        13        11         8
 5733:         13        13        18        15        10        12        11
 5740:         12        18        15        12        16        14        16
 5747:          7        15         7        17        16        10        11
 5754:          7         9        15        11         9        13        12
 5761:         14         9        14        12        18        15         9
 5768:          9         8        13        13         9         7        14
 5775:         15         7        13        16        14        12        13
 5782:          9        14         7        15         7        11        22
 5789:         10        11         8        11        13        12        14
 5796:          9         8        15         6        15         9        10
 5803:         19        10        17         9        10        13        10
 5810:         17        11        10        15        14        16        15
 5817:          7         5        10         9        10         9        13
 5824:         16        13        11         9         9        10        13
 5831:         13         3        13        16        11        10        10
 5838:         15        14        12         8        16        15        15
 5845:          6         9        15         8        12         8        14
 5852:         11        11        13        16        14         6        14
 5859:         17         4        20        10         7        15        13
 5866:         15        10        12        11         8        15        10
 5873:          8        11        12        12        13        10        16
 5880:         12        14        13        11        21        12        10
 5887:         13        12        16         7        15        15        15
 5894:         15        16         5        14        16        10        10
 5901:         10        11        11        10         9        14        18
 5908:          9         9        12        10        15        13        21
 5915:          9        13        12        13        16        10        11
 5922:         10        12        12        11        12        14        10
 5929:         14        12         8        11        15        13         9
 5936:         10         9        10        14         9         7        10
 5943:         11        12        18        12        14        11         6
 5950:         13         8        12        12        14        14        13
 5957:         11        15        13        11        11        11        18
 5964:         13        17        20        15        17        12        15
 5971:         21        14        13         8        10        11         7
 5978:         12         9        10        17         9        11         6
 5985:         17        12        12        17        10        14        13
 5992:         14        17        13        10         7        13        10
 5999:         16        11         7        13        13        18        10
 6006:          7         9        10        12        16        11        19
 6013:         12        11         8        11        10        14        10
 6020:         13        17        13        10         8        10        12
 6027:          7        12        12        18        17         8        11
 6034:         16        11         7         7        13        12         7
 6041:          7        14         6         8         8        12        13
 6048:          7        10        13         7         8        12        10
 6055:         12        12        10        15        14         8         6
 6062:         10         9        14        14        19        11        10
 6069:          9         9        11        21         9        14        10
 6076:          9        13        11         4        11         7        11
 6083:         11        10        11        14        11        14        12
 6090:         15        19        12        13        12         8         8
 6097:         14        11        13        14        12         9        12
 6104:          5         9        11        14        12         8        11
 6111:         14        11        11        10        11        12        11
 6118:         12         7        13        13        12        12         9
 6125:         12        16        16        14         8         9        11
 6132:         12         7         8        14        11        13         6
 6139:          9         9        13        10        12         3        15
 6146:         14         7         9        14         8         9         6
 6153:          7         7         9        10         6        12        10
 6160:          7         7         9        10         9         7         7
 6167:          9         8        13         9         5         8        12
 6174:          7        14        10        11         9         9        13
 6181:         10        12        10         9         9        15         5
 6188:          4        12         9         9         9         7         8
 6195:         12         7        15         7        14        11         7
 6202:          8         8        13         3         9         8         7
 6209:         10        12         8         7         9        11         8
 6216:          2         9        10        10         6        12         8
 6223:          8        11         8         7         8         5        10
 6230:         10        11        14        15        12         9        13
 6237:          9        13         6         9        10         8        12
 6244:         10         9         2         8         9         9        14
 6251:          7        10         4        11         8         5         9
 6258:          3        13        11         9         9         7         5
 6265:          6         7         9         5         7         7         6
 6272:          5        11         8         6         3         2         8
 6279:          7         9         8         8         5        10         7
 6286:         10         4         6         6         0         8         9
 6293:          9         7         6         7         8         4        12
 6300:          6        13         2         7         9         5         4
 6307:         10         9         8         4         7         8         5
 6314:          8        15         1         5         9         9         7
 6321:         10         8         7         2        12         3         8
 6328:          5        10         3         8         8         7         1
 6335:          6         4         5        10         3        10        11
 6342:          2         4         1         6         7         1         6
 6349:          6        10         4         4         7         7         4
 6356:          9         3         8         5         9         7         8
 6363:         16         6         9         7         9         8         6
 6370:          6         5         7         4         9         7         4
 6377:          6         5         8         8         2         2         7
 6384:          5         3         6         7        11         1         8
 6391:          8         8         2         2         5         8         5
 6398:          4         5         8         5         6         7         5
 6405:          6         4         6         3         5         4         6
 6412:          9         5         7         3         5         4         5
 6419:          2         7         5         1         4         8         8
 6426:          7         5         4         4         7         7         5
 6433:          6         4         5         3         6         8         5
 6440:         10         3         6         2         6         2         5
 6447:          5         5         6         5         6         8         2
 6454:          1         7         6         4         5         8         1
 6461:          2         4         4         2         3         5         7
 6468:          5         7         6         2         5         2         6
 6475:          6         7         6         6         1         0         4
 6482:          7         0         4         2         3         9         8
 6489:          3         5         3         2         6         2         5
 6496:          7         1         3         3         2         9         5
 6503:          7         3         0         3         9         6         8
 6510:          7         6         0         8         7         4         2
 6517:          4         4         7         5         1         3         2
 6524:          3         2         6         4         3         1         2
 6531:          4        11         4         3         6         6         1
 6538:          4         3         2         2         5         3         3
 6545:          6         2         3         6         4         5         2
 6552:          4         4         2         5         5         3         4
 6559:          4         3         4         4         0         3         3
 6566:          3         3         6         5         3         2         3
 6573:          3         4         4        11         4         3         5
 6580:          4         7         4         3         5         2         3
 6587:          2         2         3         4         3         0         4
 6594:          5         6         8         3         4         2         0
 6601:          2         1         1         4         0         4         1
 6608:          4         5         8         4         1         2         3
 6615:          1         4         4        11         2         9         3
 6622:          2         2         7         2         9         3         3
 6629:          2         1         6         5         3         5         5
 6636:          1         1         1         4         3         3         4
 6643:          8         3         2         1         2         2         2
 6650:          2         4         1         0         2         2         3
 6657:          2         3         1         5         3         2         3
 6664:          2         4         0         4         1         1         4
 6671:          0         5         2         0         0         3         3
 6678:          2         2         3         1         2         3         3
 6685:          4         6         4         4         1         6         5
 6692:          3         4         2         3         1         2         2
 6699:          5         6         2         3         5         5         3
 6706:          3         0         1         3         0         1         1
 6713:          1         1         2         3         2         4         4
 6720:          0         1         2         1         2         0         5
 6727:          4         3         3         2         3         2         1
 6734:          1         0         1         2         2         2         1
 6741:          4         1         5         0         2         3         4
 6748:          1         4         3         3         2         5         2
 6755:          2         3         1         3         2         3         2
 6762:          2         5         2         0         2         2         3
 6769:          2         4         2         3         4         4         4
 6776:          2         3         4         3         3         0         3
 6783:          2         2         3         2         0         0         5
 6790:          4         3         4         2         3         6         5
 6797:          1         3         5         2         1         4         3
 6804:          3         2         4         2         1         3         1
 6811:          2         3         4         1         2         2         4
 6818:          4         4         5         2         4         0         5
 6825:          3         2         1         4         1         1         2
 6832:          2         2         0         2         2         4         3
 6839:          1         3         2         4         5         1         1
 6846:          1         3         2         0         1         3         2
 6853:          4         2         1         2         3         5         3
 6860:          2         3         3         2         4         1         3
 6867:          3         5         2         0         2         1         2
 6874:          2         1         2         1         1         1         1
 6881:          3         0         2         3         2         1         1
 6888:          0         1         0         1         0         1         2
 6895:          2         0         3         3         2         5         2
 6902:          1         2         2         2         2         2         1
 6909:          5         3         1         1         2         1         2
 6916:          2         1         4         3         3         3         1
 6923:          1         6         2         2         2         4         5
 6930:          4         6         2         3         1         3         3
 6937:          2         6         7         2         2         0         2
 6944:          3         1         1         1         2         0         0
 6951:          3         1         2         2         2         3         5
 6958:          0         2         1         1         5         3         4
 6965:          4         1         2         1         1         3         3
 6972:          1         2         2         4         0         6         1
 6979:          0         2         1         1         2         1         2
 6986:          3         0         4         3         1         1         3
 6993:          3         0         1         3         4         1         2
 7000:          1         0         1         0         1         4         2
 7007:          2         2         1         0         1         3         2
 7014:          3         1         1         0         3         4         2
 7021:          3         2         2         3         2         1         4
 7028:          3         0         1         2         4         4         2
 7035:          1         0         4         1         1         1         3
 7042:          3         3         1         0         1         5         2
 7049:          1         1         0         0         1         1         3
 7056:          3         4         0         2         2         2         5
 7063:          1         4         0         0         2         3         2
 7070:          3         3         3         2         3         2         3
 7077:          4         2         4         4         3         3         3
 7084:          1         2         2         7         3         3         5
 7091:          1         2         1         2         1         1         3
 7098:          3         3         2         3         0         4         4
 7105:          2         3         4         3         4         3         5
 7112:          2         0         6         1         5         1         3
 7119:          2         6         2         5         2         1         2
 7126:          3         2         3         2         2         1         4
 7133:          4         5         1         2         1         5         0
 7140:          4         1         3         3         3         7         4
 7147:          1         2         2         1         4         4         2
 7154:          1         2         4         3         3         2         3
 7161:          4         1         3         2         5         3         1
 7168:          4         5         3         6         6         1         4
 7175:          6         2         1         6         2         1         5
 7182:          4         5         3         6         1         6         3
 7189:          1         0         3         5         2         3         3
 7196:          2         7         5         2         1         1         3
 7203:          3         1         5         1         7         5         7
 7210:          2         5         1         4         4         5         6
 7217:          1         4         2         3         8         4         0
 7224:          3         3         4         6         3         3         4
 7231:          2         3         7         4         4         6         8
 7238:          4         6         7         6         3         6         5
 7245:          4         9         8         5         4         4         3
 7252:          5         6         3         4         4         6         0
 7259:          4        11         7         7         1         6         6
 7266:          2         6         4         3         9         6         7
 7273:         10         6         4         4         5         6         4
 7280:          5         5         4         7         2         5         3
 7287:          7         6         5         5         7         6         6
 7294:          4         6         4        12         7         7         7
 7301:          4         7         5         6         3        10         9
 7308:          5         5         5         3        11         4         6
 7315:          9         3         6         6         8         5         2
 7322:          7         6         9        12         8         5         5
 7329:          8         6         2         8         9        14         8
 7336:          9         6         6         5         9         8         7
 7343:         10         5         6         5        11        11        10
 7350:          9         9        12         7         6         7         9
 7357:          6         5        10        11         9         1        10
 7364:          8         8         9        10        13        12        13
 7371:         12         3         7         7        10        15        10
 7378:          7         5         5         9         7         7        11
 7385:         11        13         8        19         8        16        12
 7392:         12        13        12        13        10        18        16
 7399:         11         9        11        12        12         8        11
 7406:         11        13        16        16        16        12        17
 7413:          9        19        24        18        16        20        17
 7420:         17        14        16        11        13        11        14
 7427:         15        15         9        18        10        13        10
 7434:         19        16        13        23        16        19        16
 7441:         19        19        11        14        19        17        14
 7448:         11        11        15        17        13        13        19
 7455:         15        25        14        11        11        18        20
 7462:         17        20        22        22        14        17        17
 7469:         14        18        17        21        20        16        22
 7476:         20        21        22        13        12        16        21
 7483:         22        24        29        22        21        21        17
 7490:         16        36        26        23        38        21        20
 7497:         19        30        14        21        25        24        15
 7504:         26        20        24        20        35        24        22
 7511:         25        26        26        18        28        33        20
 7518:         23        24        24        30        27        23        34
 7525:         29        22        21        28        29        28        25
 7532:         28        23        31        29        29        34        35
 7539:         36        20        27        30        21        23        28
 7546:         35        30        27        47        32        30        36
 7553:         30        23        25        31        24        40        26
 7560:         31        37        35        33        44        37        39
 7567:         24        34        39        25        40        41        39
 7574:         29        35        28        35        39        42        40
 7581:         39        30        31        37        32        46        30
 7588:         30        47        36        47        33        34        38
 7595:         40        37        36        38        33        40        43
 7602:         32        42        47        46        32        40        36
 7609:         57        39        42        30        32        37        40
 7616:         42        51        47        45        47        44        35
 7623:         51        55        40        51        40        50        39
 7630:         37        48        43        47        44        47        48
 7637:         44        46        47        46        46        52        50
 7644:         53        58        48        54        53        51        49
 7651:         46        56        56        46        52        42        46
 7658:         52        51        45        39        62        50        57
 7665:         43        61        56        61        33        50        53
 7672:         54        56        57        78        51        51        46
 7679:         47        55        45        53        60        57        52
 7686:         63        60        43        57        58        64        64
 7693:         49        54        51        51        55        72        63
 7700:         52        57        77        62        52        66        66
 7707:         55        64        50        65        65        69        59
 7714:         62        58        66        51        71        51        55
 7721:         54        56        68        63        73        66        75
 7728:         51        70        65        53        70        66        64
 7735:         70        65        71        62        67        60        57
 7742:         58        73        57        58        60        70        69
 7749:         70        56        66        65        68        58        67
 7756:         60        62        64        70        63        58        71
 7763:         60        62        73        58        79        65        68
 7770:         80        66        56        68        68        64        63
 7777:         59        53        61        61        63        75        86
 7784:         69        79        82        72        69        68        71
 7791:         68        72        74        64        47        63        64
 7798:         72        57        69        56        62        66        66
 7805:         63        72        81        68        75        79        68
 7812:         58        82        71        68        72        65        68
 7819:         65        65        57        64        58        77        67
 7826:         66        74        79        64        77        63        67
 7833:         66        67        76        68        65        65        73
 7840:         64        69        92        78        66        63        66
 7847:         69        61        88        59        68        67        67
 7854:         67        51        71        68        66        59        75
 7861:         66        71        69        51        49        60        65
 7868:         66        65        64        67        76        70        62
 7875:         72        73        58        68        50        59        70
 7882:         66        47        71        57        63        61        51
 7889:         64        62        65        58        77        75        70
 7896:         64        72        54        63        53        65        53
 7903:         72        74        57        54        74        64        53
 7910:         57        70        59        66        65        75        51
 7917:         66        64        70        52        66        48        65
 7924:         61        76        57        66        59        63        60
 7931:         73        67        62        58        62        59        61
 7938:         58        56        57        54        81        63        71
 7945:         63        50        53        56        56        38        53
 7952:         54        65        55        54        52        51        60
 7959:         57        54        65        48        56        51        52
 7966:         52        60        42        54        55        55        53
 7973:         59        53        66        54        51        41        67
 7980:         59        53        61        53        57        57        51
 7987:         52        53        57        51        51        48        35
 7994:         66        47        53        53        63        42        51
 8001:         52        51        45        40        47        40        43
 8008:         48        44        49        47        50        47        41
 8015:         49        57        54        49        55        38        34
 8022:         39        40        39        55        53        47        55
 8029:         39        46        32        38        46        42        39
 8036:         44        46        32        42        57        29        40
 8043:         32        31        43        37        41        47        45
 8050:         28        36        40        37        24        42        28
 8057:         38        39        41        34        27        41        35
 8064:         36        28        27        39        31        20        33
 8071:         37        26        28        39        41        38        29
 8078:         27        30        40        36        33        32        24
 8085:         36        34        33        25        33        26        29
 8092:         35        31        29        35        25        24        35
 8099:         25        25        25        25        35        26        27
 8106:         32        27        25        28        26        32        29
 8113:         25        22        28        24        23        20        33
 8120:         36        26        22        24        28        21        21
 8127:         21        22        35        30        21        13        28
 8134:         25        30        17        27        22        23        21
 8141:         24        27        20        18        22        16        19
 8148:         23        27        24        15        17        17        13
 8155:         24        17        21        21        14        15        18
 8162:         21        14        21        19        16        20        18
 8169:         13        23        17        21        15        13        22
 8176:         16        23        21        21        21        15        25
 8183:         16        21        15        12        18        13        19
 8190:         20        17        15        17        13        23        11
 8197:         11        16        20        19        16        12        12
 8204:         21        13        10        11        13        11        13
 8211:         13         9        12        19        11        11         6
 8218:          7        14        19         8        10        14        10
 8225:         11        12         7        17        17        16         9
 8232:         14        12        14        13        13        13        13
 8239:         12         9        12         9        12        11         8
 8246:         10         3         8         7         3        15         5
 8253:          5         9        12         6         9         6         7
 8260:          9        14         4         4         8         4        13
 8267:         10         3         6         4         7         4        11
 8274:          7         8         9         5         6        10         6
 8281:          5         6        12         7         7         9         9
 8288:          6         9         9         8         8         8        14
 8295:          5         7         6         9         9         6         8
 8302:          9         8         6         5         6         3        11
 8309:          7        10         8         3         4         6        10
 8316:          6         5         5         4         7         2         1
 8323:          5         8         3         4         2         6         3
 8330:          5         4         5         7         6         5         1
 8337:          1         8         2         9         4         3         1
 8344:          2         3         4         4         7         5         4
 8351:          1         5         1         4         3         3         3
 8358:          5         2         4         2         2         2         1
 8365:          1         3         2         2         2         3         2
 8372:          3         4         3         1         1         2         4
 8379:          4         3         2         4         3         4         3
 8386:          2         4         0         3         4         2         3
 8393:          0         3         4         3         1         4         3
 8400:          0         1         2         1         1         1         2
 8407:          3         0         0         3         0         1         4
 8414:          1         4         2         4         4         3         2
 8421:          0         1         1         0         1         1         4
 8428:          3         3         0         3         0         1         1
 8435:          1         0         0         0         0         2         1
 8442:          1         2         2         0         1         0         2
 8449:          1         3         0         3         0         0         1
 8456:          1         2         2         1         0         0         0
 8463:          1         1         2         1         1         1         1
 8470:          2         3         3         0         0         1         1
 8477:          0         0         0         0         0         1         5
 8484:          2         4         3         0         0         1         2
 8491:          1         1         1         0         1         0         3
 8498:          0         2         0         0         2         1         1
 8505:          1         1         2         1         0         0         0
 8512:          0         2         1         1         1         2         1
 8519:          0         1         2         1         1         1         0
 8526:          0         1         1         0         0         2         0
 8533:          0         0         1         2         0         2         2
 8540:          0         3         2         1         1         1         1
 8547:          1         1         1         0         0         1         1
 8554:          0         1         2         0         2         0         0
 8561:          2         1         1         1         0         0         0
 8568:          0         1         2         0         0         0         1
 8575:          0         0         0         0         0         0         0
 8582:          2         1         1         0         0         1         0
 8589:          0         0         1         0         1         0         1
 8596:          0         0         0         1         2         0         1
 8603:          1         2         0         1         0         0         2
 8610:          0         0         0         1         0         1         1
 8617:          1         0         0         0         0         0         0
 8624:          0         0         0         1         0         2         0
 8631:          0         2         1         0         1         1         1
 8638:          0         1         1         0         1         0         0
 8645:          1         0         0         0         0         1         2
 8652:          1         0         0         1         1         2         0
 8659:          2         1         1         0         1         0         1
 8666:          0         0         0         0         0         1         0
 8673:          0         1         0         0         1         0         0
 8680:          0         0         0         0         0         0         0
 8687:          0         0         0         0         0         0         1
 8694:          1         0         1         2         1         0         0
 8701:          0         0         0         0         0         1         1
 8708:          1         0         0         0         0         1         0
 8715:          0         1         0         0         0         0         0
 8722:          0         0         3         0         0         0         0
 8729:          0         0         0         1         0         1         0
 8736:          0         0         0         0         0         0         0
 8743:          0         0         0         0         0         0         0
 8750:          0         0         0         0         0         0         1
 8757:          0         1         0         0         0         0         0
 8764:          0         0         0         0         2         0         0
 8771:          1         3         0         0         0         0         0
 8778:          0         0         0         0         0         0         0
 8785:          0         1         0         0         0         0         0
 8792:          1         0         0         0         1         1         0
 8799:          0         0         0         0         0         0         0
 8806:          0         0         0         0         0         0         0
 8813:          0         0         0         0         0         1         0
 8820:          0         0         1         0         0         0         0
 8827:          0         0         1         0         0         1         0
 8834:          1         0         0         0         0         0         0
 8841:          0         1         0         0         0         0         0
 8848:          2         0         0         0         0         0         0
 8855:          0         0         0         0         2         0         0
 8862:          0         0         0         0         0         0         0
 8869:          0         0         0         1         0         0         0
 8876:          0         0         0         1         2         1         0
 8883:          0         1         0         0         0         0         0
 8890:          0         0         0         0         1         0         0
 8897:          0         0         0         1         0         0         0
 8904:          0         0         1         1         0         1         0
 8911:          0         1         1         0         1         0         0
 8918:          0         2         0         0         0         0         0
 8925:          0         0         0         0         0         0         0
 8932:          0         0         0         0         0         0         0
 8939:          1         1         0         0         0         1         0
 8946:          1         0         1         0         0         0         1
 8953:          0         0         0         0         0         0         0
 8960:          0         1         1         0         2         1         1
 8967:          0         0         0         1         0         0         0
 8974:          0         0         0         0         0         0         0
 8981:          0         0         0         0         0         0         0
 8988:          0         0         1         0         0         0         0
 8995:          1         0         0         0         0         0         0
 9002:          0         0         1         0         0         0         1
 9009:          0         1         0         0         0         1         0
 9016:          0         1         0         0         0         1         0
 9023:          0         0         0         0         1         0         0
 9030:          0         1         0         0         0         0         1
 9037:          0         1         0         0         1         0         1
 9044:          0         0         0         0         0         1         0
 9051:          0         0         0         1         1         0         0
 9058:          0         0         0         0         0         0         0
 9065:          0         1         0         0         0         0         0
 9072:          0         0         0         3         0         0         0
 9079:          1         0         0         1         0         0         0
 9086:          0         0         0         1         0         0         0
 9093:          0         0         0         1         0         1         0
 9100:          0         1         0         1         0         0         0
 9107:          1         0         0         0         0         1         0
 9114:          0         0         1         0         0         1         0
 9121:          0         1         0         0         0         0         0
 9128:          0         0         0         0         0         0         0
 9135:          1         0         0         0         0         0         1
 9142:          0         0         0         0         0         0         0
 9149:          3         0         1         1         0         0         0
 9156:          0         0         0         0         0         1         0
 9163:          0         1         0         0         0         0         0
 9170:          0         0         0         0         1         0         0
 9177:          0         0         0         2         0         0         0
 9184:          0         0         0         0         0         1         0
 9191:          0         0         1         1         0         0         1
 9198:          1         0         0         0         0         0         0
 9205:          0         0         0         0         0         1         1
 9212:          0         2         1         0         0         1         0
 9219:          0         2         0         0         1         0         0
 9226:          0         0         0         0         1         0         1
 9233:          0         0         0         0         0         1         0
 9240:          1         0         0         0         0         0         0
 9247:          1         0         0         1         0         0         0
 9254:          0         0         0         0         0         0         0
 9261:          0         1         0         0         0         0         0
 9268:          0         1         0         0         0         0         1
 9275:          0         0         0         0         0         0         0
 9282:          0         0         0         2         0         0         0
 9289:          1         1         1         2         1         0         0
 9296:          1         0         0         0         0         0         0
 9303:          1         0         0         0         0         0         0
 9310:          0         0         1         0         0         0         0
 9317:          0         0         0         0         0         0         0
 9324:          0         0         0         0         0         0         0
 9331:          1         0         1         0         0         0         0
 9338:          0         0         0         0         0         0         0
 9345:          2         1         1         0         0         0         0
 9352:          1         0         0         0         0         0         0
 9359:          0         1         0         0         0         0         0
 9366:          0         1         0         0         0         0         0
 9373:          0         1         0         0         0         0         1
 9380:          0         0         0         0         1         0         1
 9387:          0         0         0         0         0         0         0
 9394:          1         0         0         0         1         0         1
 9401:          1         0         0         0         1         1         0
 9408:          0         0         0         0         1         0         0
 9415:          0         1         0         0         1         0         0
 9422:          0         1         0         0         0         0         0
 9429:          0         0         0         0         0         0         0
 9436:          0         1         0         1         0         1         1
 9443:          0         0         0         1         0         1         0
 9450:          0         0         1         2         0         0         0
 9457:          0         0         0         0         0         0         1
 9464:          0         0         0         0         1         0         1
 9471:          0         0         0         0         0         2         0
 9478:          0         0         0         1         0         0         0
 9485:          0         0         0         0         0         0         0
 9492:          0         0         0         1         1         0         1
 9499:          0         0         0         0         0         0         1
 9506:          0         1         0         0         0         0         0
 9513:          0         1         0         0         0         0         2
 9520:          0         0         0         0         0         0         0
 9527:          0         0         0         0         0         0         0
 9534:          0         0         0         0         0         0         0
 9541:          0         0         1         0         1         0         0
 9548:          1         0         0         0         0         0         0
 9555:          0         0         0         0         2         0         0
 9562:          1         0         0         0         0         0         0
 9569:          0         0         0         1         1         0         0
 9576:          1         1         0         1         0         0         0
 9583:          0         0         0         0         0         0         0
 9590:          0         1         0         0         0         0         0
 9597:          1         0         0         0         0         1         0
 9604:          0         0         0         0         0         1         0
 9611:          0         0         0         0         0         0         0
 9618:          1         1         0         0         0         0         1
 9625:          0         0         1         0         0         0         0
 9632:          1         0         0         0         1         1         1
 9639:          1         0         0         0         0         0         0
 9646:          0         0         0         0         0         0         1
 9653:          1         0         0         0         0         0         1
 9660:          0         0         0         1         2         0         0
 9667:          0         0         1         0         0         0         0
 9674:          0         0         0         1         0         0         0
 9681:          0         0         0         0         2         0         0
 9688:          0         1         1         0         1         0         0
 9695:          1         0         0         0         0         0         0
 9702:          0         0         0         0         0         0         0
 9709:          0         0         0         0         0         0         0
 9716:          0         0         0         0         0         0         0
 9723:          0         0         0         0         0         0         0
 9730:          0         2         0         1         0         0         0
 9737:          0         1         0         0         0         0         0
 9744:          0         0         0         0         0         0         0
 9751:          0         0         0         1         0         0         0
 9758:          0         0         1         1         0         0         0
 9765:          0         0         0         0         1         0         0
 9772:          1         1         0         0         0         0         0
 9779:          0         1         0         0         0         0         0
 9786:          0         0         0         0         0         0         0
 9793:          0         0         0         0         0         0         0
 9800:          0         0         0         0         0         1         0
 9807:          1         0         0         0         0         0         0
 9814:          0         0         1         0         0         0         0
 9821:          1         0         1         0         0         1         0
 9828:          0         0         0         0         0         0         0
 9835:          0         0         0         0         1         0         1
 9842:          0         0         0         1         1         0         0
 9849:          0         0         0         0         0         0         0
 9856:          0         0         0         0         0         0         0
 9863:          0         0         0         0         0         1         1
 9870:          1         0         0         1         1         0         0
 9877:          0         0         0         0         1         0         0
 9884:          0         0         0         0         0         0         1
 9891:          1         0         0         0         0         0         1
 9898:          0         1         0         0         0         0         0
 9905:          0         0         0         0         1         0         0
 9912:          1         0         0         1         1         0         0
 9919:          0         0         1         0         0         1         0
 9926:          0         2         0         0         0         0         0
 9933:          0         0         0         0         0         0         0
 9940:          1         1         0         1         0         0         0
 9947:          0         1         0         0         1         0         0
 9954:          0         0         0         0         1         0         1
 9961:          0         0         2         0         0         0         0
 9968:          0         0         0         0         0         0         0
 9975:          0         0         1         0         0         0         0
 9982:          0         0         1         0         0         1         0
 9989:          0         0         1         0         0         0         0
 9996:          0         0         0         1         0         0         0
10003:          0         0         0         0         0         0         0
10010:          1         0         0         1         2         0         0
10017:          0         0         0         0         0         0         0
10024:          0         0         0         0         0         0         0
10031:          0         0         0         0         1         0         0
10038:          0         0         3         1         0         2         0
10045:          0         0         1         0         0         0         0
10052:          0         0         0         0         0         0         0
10059:          0         0         1         0         0         1         0
10066:          0         0         0         0         0         0         0
10073:          0         0         0         1         0         0         0
10080:          1         0         0         0         1         0         0
10087:          0         1         0         0         1         0         0
10094:          1         0         0         2         0         0         0
10101:          1         1         0         0         0         0         0
10108:          0         0         0         1         0         0         0
10115:          0         0         0         0         0         0         0
10122:          0         0         1         0         0         0         0
10129:          0         0         0         1         1         0         0
10136:          0         0         0         0         0         0         0
10143:          0         1         0         0         0         0         0
10150:          0         0         1         0         1         0         1
10157:          0         1         1         0         0         0         0
10164:          0         0         0         0         0         0         0
10171:          0         1         0         0         0         0         1
10178:          0         1         1         0         0         0         0
10185:          0         0         0         0         2         1         0
10192:          0         0         0         0         0         0         1
10199:          0         2         0         1         0         0         0
10206:          0         0         0         0         0         0         0
10213:          0         1         0         0         0         1         0
10220:          0         1         1         0         1         0         1
10227:          1         1         0         0         0         0         1
10234:          0         1         0         0         0         0         1
10241:          0         0         0         0         0         1         0
10248:          1         0         0         0         0         0         1
10255:          0         0         0         0         0         1         0
10262:          0         1         0         1         0         1         1
10269:          0         0         0         0         0         0         1
10276:          1         2         0         1         0         0         0
10283:          0         0         0         0         1         0         1
10290:          0         0         0         1         0         1         0
10297:          0         0         0         0         0         1         0
10304:          0         0         1         0         0         0         0
10311:          1         0         0         0         0         1         0
10318:          1         0         0         0         0         1         0
10325:          0         0         0         1         1         1         1
10332:          0         0         0         0         0         1         0
10339:          1         0         0         0         0         0         1
10346:          0         0         0         0         1         0         0
10353:          0         1         0         0         0         0         0
10360:          0         0         0         1         1         0         0
10367:          0         0         1         0         0         0         1
10374:          0         0         0         0         0         0         0
10381:          0         1         1         1         0         0         1
10388:          0         0         0         2         0         0         0
10395:          0         1         0         0         1         0         0
10402:          0         0         0         1         0         0         1
10409:          0         1         0         0         0         0         2
10416:          0         0         0         0         0         0         0
10423:          0         0         2         0         0         0         0
10430:          0         0         1         1         0         0         0
10437:          0         0         0         0         0         1         0
10444:          0         0         0         0         0         0         0
10451:          0         1         0         0         1         0         0
10458:          0         0         0         0         0         0         0
10465:          0         0         0         0         0         0         0
10472:          0         1         1         0         1         0         0
10479:          1         0         0         0         0         0         0
10486:          0         0         0         0         0         1         0
10493:          0         0         0         0         0         0         0
10500:          1         0         0         0         0         0         0
10507:          0         0         0         1         0         0         0
10514:          1         0         0         0         1         1         0
10521:          0         0         0         0         0         0         1
10528:          0         0         0         0         1         0         0
10535:          0         0         0         1         0         0         0
10542:          0         0         1         1         0         0         0
10549:          0         0         0         0         0         0         1
10556:          0         1         0         0         0         0         0
10563:          0         0         0         0         0         0         0
10570:          2         1         1         0         0         0         0
10577:          0         0         0         1         0         1         0
10584:          0         0         0         1         0         0         0
10591:          0         1         0         0         0         1         0
10598:          0         0         0         0         0         2         0
10605:          0         0         0         0         1         0         0
10612:          0         0         0         0         0         0         3
10619:          0         1         0         0         1         0         0
10626:          0         0         0         0         0         0         0
10633:          0         0         0         0         0         0         1
10640:          0         0         0         0         0         2         0
10647:          1         1         0         0         1         0         0
10654:          0         0         0         0         0         0         0
10661:          0         0         0         0         0         0         0
10668:          0         0         0         0         0         0         0
10675:          0         0         0         0         0         0         0
10682:          0         0         0         0         0         0         0
10689:          1         0         0         0         1         0         0
10696:          0         0         0         0         0         1         1
10703:          0         0         0         0         0         0         0
10710:          0         0         0         1         1         0         0
10717:          0         1         0         0         0         0         0
10724:          1         0         0         0         0         1         0
10731:          0         1         0         0         1         0         0
10738:          0         0         0         0         0         0         0
10745:          0         0         0         1         0         0         0
10752:          1         0         0         0         1         0         1
10759:          0         0         0         0         0         0         0
10766:          0         0         0         0         0         0         0
10773:          0         1         0         0         0         0         0
10780:          0         0         0         0         0         0         0
10787:          0         1         0         1         0         0         1
10794:          0         0         0         0         1         0         0
10801:          0         0         0         1         0         0         1
10808:          0         0         1         0         0         0         0
10815:          0         0         0         0         0         0         0
10822:          0         0         0         0         0         0         0
10829:          0         0         0         0         0         0         1
10836:          0         1         1         0         1         0         0
10843:          2         0         0         0         0         0         0
10850:          0         0         0         0         1         0         0
10857:          1         0         0         2         0         1         0
10864:          1         0         1         0         1         0         0
10871:          1         0         0         0         0         0         0
10878:          0         0         0         0         1         0         0
10885:          0         0         0         0         1         0         0
10892:          0         0         0         0         0         1         0
10899:          0         0         0         0         0         0         0
10906:          0         0         0         0         0         0         0
10913:          0         0         0         0         0         0         0
10920:          0         0         0         0         1         0         1
10927:          0         0         0         1         0         0         0
10934:          0         0         0         0         0         0         0
10941:          0         0         0         0         0         0         0
10948:          0         0         0         0         0         1         0
10955:          0         0         1         0         0         0         0
10962:          0         0         0         0         0         1         1
10969:          0         0         0         1         0         0         0
10976:          0         0         1         0         0         0         0
10983:          0         0         0         0         1         1         0
10990:          0         0         1         0         0         0         0
10997:          0         0         0         0         0         0         0
11004:          0         0         1         0         0         1         0
11011:          0         0         0         0         0         0         0
11018:          0         0         0         0         0         1         0
11025:          0         1         1         1         0         0         0
11032:          1         0         0         1         0         1         0
11039:          0         0         0         0         0         0         0
11046:          0         0         0         0         0         0         0
11053:          0         0         0         0         0         1         0
11060:          0         0         0         0         0         0         0
11067:          0         0         0         0         0         0         0
11074:          0         0         0         0         0         0         0
11081:          0         0         0         0         0         0         0
11088:          0         0         0         0         0         0         0
11095:          2         0         0         1         0         0         0
11102:          0         0         0         0         0         1         0
11109:          0         0         0         0         0         0         0
11116:          0         0         1         0         0         0         0
11123:          0         0         0         0         0         0         0
11130:          1         0         0         0         0         0         0
11137:          0         0         0         0         0         0         0
11144:          0         0         0         0         0         0         0
11151:          0         0         0         0         0         0         0
11158:          0         0         0         1         0         0         1
11165:          0         0         0         0         0         0         0
11172:          1         0         0         0         0         0         0
11179:          0         1         0         0         0         0         0
11186:          0         0         0         0         0         0         0
11193:          0         2         1         0         0         0         0
11200:          0         1         0         0         0         1         0
11207:          0         0         0         0         0         0         0
11214:          0         0         0         1         0         0         0
11221:          0         0         0         0         0         0         0
11228:          0         0         0         0         0         0         0
11235:          0         0         0         0         0         0         0
11242:          0         0         0         0         0         1         0
11249:          0         0         0         0         0         0         0
11256:          0         0         0         0         0         0         0
11263:          0         1         0         0         0         0         0
11270:          0         0         0         1         0         0         0
11277:          0         0         0         0         0         0         0
11284:          0         0         0         0         0         0         0
11291:          0         0         0         0         0         0         0
11298:          0         0         0         0         0         0         0
11305:          0         0         0         0         0         0         0
11312:          0         0         0         0         0         1         0
11319:          0         0         0         0         0         0         0
11326:          0         0         0         0         0         0         0
11333:          0         0         1         0         0         0         0
11340:          0         0         0         0         0         0         0
11347:          0         0         0         0         0         0         0
11354:          1         0         0         0         0         0         0
11361:          0         0         0         2         0         0         0
11368:          1         0         0         0         0         0         0
11375:          0         0         0         0         0         0         0
11382:          0         0         0         0         0         0         0
11389:          0         0         0         0         0         1         0
11396:          1         0         0         0         0         0         0
11403:          1         0         0         0         0         0         0
11410:          0         0         0         0         0         0         0
11417:          0         0         0         0         1         0         0
11424:          0         0         0         0         0         0         0
11431:          0         1         0         0         0         0         0
11438:          0         0         0         0         0         0         0
11445:          0         0         0         0         0         0         0
11452:          0         0         0         0         0         0         0
11459:          0         0         0         0         0         1         0
11466:          0         0         0         0         0         0         0
11473:          0         0         0         0         0         0         0
11480:          1         0         0         0         1         0         0
11487:          0         0         0         0         0         0         1
11494:          0         0         0         0         1         1         0
11501:          0         0         0         0         0         0         0
11508:          0         0         1         0         0         0         0
11515:          0         0         1         0         0         0         0
11522:          0         0         0         0         0         0         0
11529:          0         0         0         0         0         0         0
11536:          0         0         0         0         1         0         0
11543:          0         0         0         1         0         0         0
11550:          0         0         0         0         0         0         0
11557:          0         0         0         0         0         0         0
11564:          0         0         0         0         0         0         0
11571:          0         0         0         0         0         0         0
11578:          0         0         0         0         0         0         0
11585:          0         0         0         0         0         0         0
11592:          0         0         0         1         0         0         0
11599:          0         0         0         0         0         0         0
11606:          0         0         0         0         0         0         0
11613:          0         0         1         0         0         0         1
11620:          0         0         0         0         0         0         0
11627:          0         0         0         0         0         0         0
11634:          0         1         0         0         0         0         0
11641:          0         0         0         0         0         0         0
11648:          0         0         1         1         0         0         0
11655:          0         0         0         1         0         0         0
11662:          0         0         0         0         0         0         0
11669:          0         0         1         0         0         0         0
11676:          0         0         0         0         0         0         0
11683:          0         0         0         0         0         0         0
11690:          0         0         0         0         0         1         0
11697:          0         0         0         0         0         0         0
11704:          0         0         0         0         0         0         0
11711:          0         0         0         0         0         0         0
11718:          1         0         0         0         0         0         0
11725:          0         0         2         0         0         0         0
11732:          0         0         0         0         0         0         0
11739:          0         0         0         0         0         0         0
11746:          0         0         0         0         0         0         0
11753:          0         0         0         0         0         0         0
11760:          0         0         0         0         0         0         0
11767:          1         0         0         0         0         1         1
11774:          0         0         0         0         0         0         0
11781:          0         0         0         0         0         0         0
11788:          0         1         0         0         0         0         0
11795:          0         1         1         0         0         0         0
11802:          0         0         0         1         0         0         0
11809:          0         0         0         0         0         0         0
11816:          0         0         0         0         0         0         0
11823:          0         0         0         0         0         0         0
11830:          0         0         0         0         0         0         0
11837:          0         0         0         0         0         0         0
11844:          1         0         0         0         0         0         0
11851:          0         0         0         0         0         0         0
11858:          0         0         0         0         1         0         0
11865:          0         0         0         0         0         0         0
11872:          0         0         1         0         0         0         0
11879:          0         0         0         0         0         0         0
11886:          0         1         0         0         0         0         0
11893:          0         0         1         0         0         0         0
11900:          0         0         0         0         0         0         0
11907:          0         0         0         1         0         0         0
11914:          0         0         0         0         0         0         0
11921:          0         0         0         0         0         0         0
11928:          0         0         0         0         0         0         0
11935:          0         0         0         0         0         0         0
11942:          0         0         0         1         0         0         0
11949:          0         0         0         0         0         0         1
11956:          0         0         0         0         0         0         0
11963:          0         0         0         0         1         0         0
11970:          0         0         0         0         0         0         0
11977:          0         0         0         0         0         0         1
11984:          0         0         0         0         0         0         0
11991:          0         0         0         0         0         0         0
11998:          0         0         0         0         0         0         0
12005:          0         0         0         0         0         0         0
12012:          0         0         0         0         0         0         0
12019:          0         0         0         0         0         0         0
12026:          0         0         0         0         0         0         0
12033:          0         0         0         0         0         0         0
12040:          0         0         0         0         0         0         0
12047:          0         0         0         0         0         0         0
12054:          0         2         0         0         0         0         0
12061:          0         0         0         0         1         0         1
12068:          0         0         0         0         0         0         0
12075:          0         0         0         0         0         0         0
12082:          0         0         0         0         0         0         0
12089:          0         0         0         0         0         0         0
12096:          0         0         0         0         0         0         0
12103:          0         0         2         0         0         0         0
12110:          0         0         0         0         0         0         0
12117:          0         1         0         0         0         0         0
12124:          1         1         0         0         0         0         0
12131:          0         0         0         0         0         0         0
12138:          0         0         0         0         0         0         0
12145:          0         0         0         0         0         0         0
12152:          1         0         0         0         0         1         0
12159:          0         0         1         0         1         0         0
12166:          0         0         0         1         0         0         0
12173:          0         0         0         0         1         0         0
12180:          0         0         0         0         0         1         0
12187:          0         0         0         1         0         0         0
12194:          0         0         0         1         0         0         0
12201:          0         0         0         0         0         0         0
12208:          0         0         0         0         0         0         0
12215:          0         0         0         0         1         0         0
12222:          0         0         0         0         0         0         0
12229:          0         0         0         0         0         0         0
12236:          0         0         0         0         0         0         0
12243:          0         0         0         0         0         0         1
12250:          0         0         0         0         0         0         0
12257:          0         0         0         0         0         0         0
12264:          0         0         0         0         0         0         0
12271:          0         0         0         0         0         0         0
12278:          0         0         1         0         0         0         0
12285:          0         0         0         0         1         0         0
12292:          0         0         0         0         0         0         0
12299:          0         0         0         0         0         0         0
12306:          0         0         0         0         1         0         0
12313:          0         1         0         1         0         0         0
12320:          0         0         0         0         0         0         0
12327:          0         1         0         0         0         0         0
12334:          0         0         0         0         0         0         0
12341:          0         0         0         0         0         0         0
12348:          0         0         0         0         1         0         0
12355:          0         0         0         0         0         0         0
12362:          0         0         0         0         0         0         0
12369:          0         0         0         0         0         0         0
12376:          0         0         0         0         0         0         0
12383:          0         0         0         0         0         0         0
12390:          0         0         0         0         1         0         0
12397:          0         0         0         0         1         0         0
12404:          0         0         0         0         0         0         0
12411:          0         0         0         0         0         0         0
12418:          0         0         1         0         0         0         0
12425:          0         0         0         0         0         0         0
12432:          0         0         0         0         0         0         0
12439:          0         0         0         0         0         0         1
12446:          0         0         0         0         0         0         0
12453:          1         0         0         0         0         0         0
12460:          0         0         0         0         0         0         0
12467:          0         0         0         0         0         0         0
12474:          0         0         0         0         0         0         1
12481:          0         0         0         1         0         0         0
12488:          0         0         0         0         0         1         0
12495:          0         0         0         0         0         0         0
12502:          0         0         0         0         0         1         0
12509:          0         0         0         0         0         0         0
12516:          0         0         0         0         0         0         0
12523:          0         0         0         0         0         0         0
12530:          0         0         1         0         0         0         0
12537:          0         0         0         0         0         0         0
12544:          0         0         0         0         0         0         0
12551:          0         0         0         0         1         0         0
12558:          0         0         0         0         0         0         0
12565:          0         0         1         0         0         0         0
12572:          0         0         0         0         0         0         0
12579:          1         0         0         0         0         0         0
12586:          0         0         0         2         1         0         0
12593:          0         0         0         0         0         0         0
12600:          0         0         0         1         0         0         0
12607:          0         0         0         0         0         0         0
12614:          0         0         0         0         0         0         0
12621:          0         0         0         0         0         0         0
12628:          0         0         0         0         0         0         0
12635:          0         0         0         0         0         0         1
12642:          0         0         0         0         0         0         0
12649:          0         0         0         0         0         0         0
12656:          0         1         0         0         0         0         0
12663:          0         0         0         0         0         0         0
12670:          0         0         0         0         0         0         0
12677:          0         1         0         0         0         0         0
12684:          0         0         0         0         0         0         0
12691:          0         0         0         0         0         0         0
12698:          0         1         0         0         0         0         0
12705:          0         0         0         0         0         0         0
12712:          0         0         0         0         0         0         1
12719:          0         0         0         0         0         0         0
12726:          0         0         0         0         0         0         0
12733:          0         0         0         0         0         0         0
12740:          0         0         0         0         0         0         0
12747:          0         0         0         0         0         0         0
12754:          0         0         0         0         0         0         0
12761:          0         0         0         0         0         0         0
12768:          0         0         0         0         0         0         0
12775:          1         1         0         0         0         0         0
12782:          0         1         0         0         0         0         0
12789:          1         0         0         0         0         0         0
12796:          0         0         0         0         0         0         0
12803:          0         0         0         0         0         0         0
12810:          0         0         0         0         0         0         0
12817:          0         0         0         0         0         0         0
12824:          0         0         0         0         0         0         0
12831:          0         0         0         0         0         0         0
12838:          0         0         0         0         0         0         0
12845:          0         1         0         0         0         0         0
12852:          0         0         0         0         0         0         1
12859:          0         0         0         0         0         0         0
12866:          0         0         0         0         0         0         0
12873:          0         0         0         0         0         0         0
12880:          1         0         0         0         0         0         0
12887:          0         0         0         0         0         0         0
12894:          0         0         0         0         0         0         0
12901:          0         1         0         0         0         0         0
12908:          0         0         0         0         0         0         0
12915:          0         0         0         0         0         0         0
12922:          0         1         0         0         0         0         0
12929:          0         0         0         0         0         0         0
12936:          0         0         0         0         0         0         0
12943:          0         0         0         0         0         0         0
12950:          0         0         0         0         0         0         0
12957:          0         0         0         0         0         0         0
12964:          0         0         0         0         0         0         0
12971:          0         0         0         0         0         0         0
12978:          0         0         0         0         0         0         0
12985:          0         0         0         0         0         0         0
12992:          0         0         0         0         0         0         0
12999:          0         0         0         0         0         0         0
13006:          0         0         0         0         1         0         0
13013:          0         0         0         0         0         0         0
13020:          0         0         0         0         0         0         0
13027:          0         0         0         0         0         0         0
13034:          0         0         0         0         0         0         0
13041:          0         0         0         0         1         0         0
13048:          0         0         0         0         0         0         0
13055:          0         0         1         0         0         0         0
13062:          0         0         0         0         0         0         0
13069:          0         0         0         0         0         0         0
13076:          0         0         0         0         0         0         0
13083:          0         0         0         0         0         0         0
13090:          0         0         0         0         0         0         0
13097:          0         0         0         0         0         0         0
13104:          0         0         0         0         0         0         0
13111:          0         0         0         0         0         0         0
13118:          0         0         0         0         0         1         0
13125:          0         0         0         0         0         0         0
13132:          0         0         0         0         0         0         0
13139:          0         0         0         0         0         0         0
13146:          0         0         0         0         0         0         0
13153:          0         1         0         0         0         0         0
13160:          0         0         0         0         0         0         0
13167:          0         0         0         0         0         0         0
13174:          0         0         0         0         0         0         0
13181:          0         0         0         0         0         0         0
13188:          0         0         0         0         0         0         0
13195:          0         0         0         0         0         0         1
13202:          0         0         0         0         0         0         0
13209:          0         0         0         0         0         0         0
13216:          0         0         0         2         0         0         0
13223:          0         0         0         1         0         0         1
13230:          0         0         0         0         0         0         0
13237:          0         1         0         1         0         0         0
13244:          0         0         0         0         0         0         0
13251:          0         0         0         0         0         0         0
13258:          0         0         0         0         0         0         0
13265:          0         0         0         0         0         0         0
13272:          0         0         0         0         1         0         0
13279:          0         0         0         0         0         0         0
13286:          0         0         0         0         0         0         0
13293:          0         0         0         0         0         0         0
13300:          0         0         0         0         0         0         0
13307:          0         0         0         0         0         0         0
13314:          0         0         0         0         1         0         0
13321:          0         0         0         0         0         0         0
13328:          0         0         0         0         0         0         0
13335:          0         0         0         0         0         0         0
13342:          0         0         0         0         0         0         0
13349:          0         0         0         0         0         0         0
13356:          0         0         0         0         0         0         0
13363:          0         0         0         0         0         0         0
13370:          0         0         0         0         0         0         1
13377:          1         0         0         0         0         0         0
13384:          0         0         0         0         0         0         0
13391:          0         0         0         0         0         0         0
13398:          0         0         0         0         0         0         0
13405:          0         0         0         0         0         0         0
13412:          0         0         0         0         0         0         0
13419:          1         0         0         0         0         0         0
13426:          0         0         0         0         0         0         0
13433:          0         0         0         0         0         0         0
13440:          0         0         0         1         0         0         0
13447:          0         0         0         0         0         0         0
13454:          0         0         0         0         0         0         0
13461:          0         0         0         0         0         0         0
13468:          0         0         0         0         0         0         0
13475:          0         0         0         0         0         0         0
13482:          0         0         0         0         0         0         0
13489:          0         0         0         1         0         0         0
13496:          1         0         0         0         0         0         0
13503:          0         0         0         0         0         0         0
13510:          0         0         0         0         0         0         0
13517:          0         0         0         0         0         0         0
13524:          0         0         0         0         0         0         0
13531:          0         0         0         0         0         0         0
13538:          0         0         0         0         0         0         0
13545:          0         0         0         0         0         0         0
13552:          0         0         0         0         0         0         0
13559:          0         0         0         0         0         0         0
13566:          0         0         0         0         0         0         0
13573:          0         0         0         0         0         0         0
13580:          0         0         0         0         0         0         0
13587:          0         0         0         0         0         0         0
13594:          0         0         0         0         0         0         0
13601:          0         0         0         0         0         0         0
13608:          0         0         0         0         0         0         0
13615:          0         0         1         0         0         0         0
13622:          0         0         0         0         0         0         0
13629:          0         0         0         0         0         0         0
13636:          0         0         0         0         0         0         0
13643:          0         0         0         0         0         0         0
13650:          0         0         0         0         0         0         0
13657:          0         0         0         0         0         0         0
13664:          0         0         0         0         0         0         0
13671:          0         0         0         0         0         0         0
13678:          0         0         0         0         0         0         0
13685:          0         0         0         0         0         0         0
13692:          0         0         0         0         0         0         0
13699:          0         0         0         0         0         0         0
13706:          0         0         0         0         0         1         0
13713:          0         0         0         0         0         0         0
13720:          0         0         0         0         0         0         0
13727:          0         0         0         0         0         0         0
13734:          0         0         0         0         0         0         0
13741:          0         0         0         0         0         0         0
13748:          0         0         0         0         0         0         0
13755:          0         0         0         0         0         0         0
13762:          0         0         0         0         0         0         0
13769:          0         0         0         0         0         0         0
13776:          0         0         0         0         0         0         0
13783:          0         0         0         0         0         0         0
13790:          0         0         0         0         0         0         0
13797:          1         0         0         0         0         0         0
13804:          0         0         0         0         0         0         0
13811:          0         0         0         0         0         0         0
13818:          0         0         0         0         0         0         0
13825:          0         0         0         0         0         0         0
13832:          0         0         0         0         0         0         0
13839:          0         0         0         0         0         0         0
13846:          0         0         0         0         0         0         0
13853:          0         0         0         0         0         0         0
13860:          0         0         0         0         0         0         0
13867:          0         0         0         0         0         0         0
13874:          0         0         0         0         0         0         1
13881:          0         0         0         0         0         0         0
13888:          0         0         0         0         0         0         0
13895:          0         0         0         0         0         0         0
13902:          0         0         0         0         0         0         0
13909:          0         0         0         0         0         0         0
13916:          0         0         0         0         0         0         0
13923:          0         0         0         0         0         1         0
13930:          0         0         0         0         0         0         0
13937:          0         0         0         0         0         0         0
13944:          0         0         0         0         0         0         0
13951:          0         0         0         0         0         0         0
13958:          0         0         0         0         0         0         0
13965:          0         0         0         0         0         0         0
13972:          0         0         0         0         0         0         0
13979:          0         0         0         1         0         0         0
13986:          0         0         0         0         0         0         0
13993:          0         0         0         0         0         0         0
14000:          0         0         0         0         0         0         0
14007:          0         0         0         0         0         0         0
14014:          0         0         0         0         0         0         0
14021:          0         0         0         0         0         0         0
14028:          0         0         0         0         0         0         0
14035:          0         0         0         0         0         0         0
14042:          0         0         0         0         0         0         0
14049:          0         0         0         0         0         1         0
14056:          0         0         0         0         0         0         0
14063:          0         0         0         0         0         0         0
14070:          0         0         0         0         0         0         0
14077:          0         0         0         0         0         0         0
14084:          0         0         0         0         0         0         0
14091:          0         1         0         0         0         0         0
14098:          0         0         0         0         0         0         0
14105:          0         0         0         0         0         0         1
14112:          0         0         0         0         0         0         0
14119:          0         0         0         0         0         0         0
14126:          0         0         0         0         0         0         0
14133:          0         0         0         0         0         0         0
14140:          0         0         0         0         0         0         0
14147:          0         0         0         0         0         0         0
14154:          0         0         1         0         0         0         0
14161:          0         0         0         0         0         1         0
14168:          0         0         0         0         0         0         0
14175:          0         0         0         0         0         0         0
14182:          0         0         0         0         0         0         0
14189:          0         0         0         0         0         0         0
14196:          0         0         0         0         0         0         0
14203:          0         0         0         0         0         0         0
14210:          0         0         0         0         0         0         0
14217:          0         0         0         0         0         1         0
14224:          0         0         0         0         0         0         0
14231:          0         0         0         0         0         0         0
14238:          0         0         0         0         0         0         0
14245:          0         0         0         0         0         0         0
14252:          0         0         0         0         0         0         0
14259:          0         0         0         1         0         0         0
14266:          0         0         0         0         0         0         0
14273:          0         0         0         0         0         0         0
14280:          0         0         0         0         0         0         0
14287:          0         0         0         0         0         0         0
14294:          0         0         0         0         0         0         0
14301:          0         0         0         0         0         0         0
14308:          0         0         0         0         0         0         0
14315:          0         0         0         0         0         0         0
14322:          0         0         0         0         0         0         0
14329:          0         0         0         0         0         0         0
14336:          0         0         0         0         0         0         0
14343:          0         0         0         0         0         0         0
14350:          0         0         0         0         0         0         0
14357:          0         0         0         0         0         0         0
14364:          1         0         0         0         0         0         0
14371:          0         0         0         0         0         0         0
14378:          0         0         0         0         0         0         0
14385:          0         0         0         0         0         0         0
14392:          0         0         0         0         0         0         0
14399:          0         0         0         0         0         0         0
14406:          0         0         0         0         0         0         0
14413:          0         0         0         0         0         0         0
14420:          0         0         0         0         0         0         0
14427:          0         0         0         0         0         0         0
14434:          0         0         0         1         0         0         0
14441:          0         0         1         0         0         0         0
14448:          0         0         0         0         0         0         0
14455:          0         0         0         0         0         0         0
14462:          0         0         0         0         1         0         0
14469:          0         0         0         0         0         0         0
14476:          0         0         0         0         0         0         0
14483:          0         0         0         0         0         0         0
14490:          0         0         0         0         0         0         0
14497:          0         0         0         0         1         0         0
14504:          0         0         0         0         0         0         0
14511:          0         0         1         0         0         0         0
14518:          0         0         0         0         0         0         0
14525:          0         1         0         0         0         0         0
14532:          0         0         0         0         0         0         0
14539:          1         1         0         0         0         0         0
14546:          0         0         0         0         0         0         0
14553:          0         0         0         0         0         0         0
14560:          0         0         0         0         0         0         0
14567:          0         0         0         0         0         0         0
14574:          0         0         0         0         0         0         0
14581:          0         0         0         0         0         0         0
14588:          0         0         0         0         0         0         0
14595:          0         0         0         0         0         0         0
14602:          0         0         0         0         0         0         0
14609:          0         0         0         0         0         0         0
14616:          0         0         0         0         0         0         0
14623:          0         0         0         0         0         0         0
14630:          0         0         0         0         0         0         0
14637:          0         0         0         0         0         0         0
14644:          0         0         0         0         0         0         0
14651:          0         0         0         0         0         0         0
14658:          0         0         0         0         0         0         0
14665:          0         0         0         0         0         0         0
14672:          0         0         0         0         0         0         0
14679:          1         0         0         0         0         0         0
14686:          0         0         0         0         0         0         0
14693:          0         0         0         0         0         0         0
14700:          0         0         0         0         0         0         0
14707:          0         0         0         0         0         0         0
14714:          0         0         0         0         0         0         0
14721:          0         0         0         0         0         0         0
14728:          0         0         0         0         0         0         0
14735:          0         0         0         0         0         0         0
14742:          0         0         0         0         0         0         0
14749:          0         0         0         0         0         0         0
14756:          0         0         0         0         0         0         0
14763:          0         0         0         0         0         0         0
14770:          0         0         0         0         0         0         0
14777:          0         0         0         0         0         0         0
14784:          0         0         0         0         0         0         0
14791:          0         0         0         0         0         0         0
14798:          0         0         0         0         0         0         0
14805:          0         0         0         0         0         0         0
14812:          0         0         0         0         0         0         0
14819:          0         0         0         0         1         0         0
14826:          0         0         0         0         0         0         0
14833:          0         0         0         0         0         0         0
14840:          0         0         0         0         0         0         0
14847:          0         0         0         0         0         0         0
14854:          0         0         0         0         0         0         0
14861:          0         0         0         0         0         0         0
14868:          0         0         0         0         0         0         0
14875:          0         0         0         0         0         0         0
14882:          0         0         0         0         0         0         0
14889:          0         0         0         0         0         0         0
14896:          0         0         0         0         0         0         0
14903:          0         0         0         0         0         0         0
14910:          0         0         0         0         0         0         0
14917:          0         0         0         0         0         0         0
14924:          0         0         0         0         0         0         0
14931:          0         0         0         0         0         0         0
14938:          0         0         0         0         0         0         0
14945:          0         0         0         0         0         0         1
14952:          0         1         0         0         0         0         0
14959:          0         0         0         0         0         0         0
14966:          0         0         0         0         0         0         0
14973:          0         0         0         0         0         0         0
14980:          0         0         0         0         0         0         0
14987:          0         0         0         0         1         1         0
14994:          0         0         0         0         0         0         0
15001:          0         0         0         0         0         0         0
15008:          0         0         0         0         0         0         0
15015:          0         0         0         0         0         0         0
15022:          0         0         0         0         0         0         0
15029:          0         0         0         0         0         0         0
15036:          0         0         0         0         0         0         0
15043:          0         0         0         0         0         0         0
15050:          0         0         0         0         0         0         0
15057:          0         0         0         0         0         0         0
15064:          0         0         0         0         0         0         0
15071:          0         0         0         0         0         0         0
15078:          0         0         0         0         0         0         0
15085:          0         0         0         0         0         0         0
15092:          0         0         0         0         0         0         0
15099:          0         0         0         0         0         0         0
15106:          0         0         0         0         0         0         0
15113:          0         0         0         0         0         0         0
15120:          0         0         0         0         0         0         0
15127:          0         0         0         0         0         0         0
15134:          0         0         0         0         0         0         0
15141:          0         0         1         0         0         0         0
15148:          0         0         0         0         0         0         0
15155:          0         0         0         0         0         0         0
15162:          0         0         0         0         0         0         0
15169:          0         0         0         0         0         0         0
15176:          0         0         0         0         0         0         0
15183:          0         0         0         0         0         0         0
15190:          0         0         0         0         0         0         0
15197:          0         0         0         0         0         0         0
15204:          0         0         0         0         0         0         0
15211:          0         1         0         0         0         0         0
15218:          0         0         0         0         0         0         0
15225:          0         0         1         0         0         0         0
15232:          0         0         0         0         0         0         0
15239:          0         0         0         0         0         0         0
15246:          0         0         0         0         0         0         0
15253:          0         0         0         0         0         0         0
15260:          0         0         0         0         0         0         0
15267:          0         0         0         0         1         0         0
15274:          0         0         0         0         0         0         0
15281:          0         0         0         0         0         0         0
15288:          0         0         0         0         0         0         0
15295:          0         0         0         0         0         0         0
15302:          0         0         0         0         0         0         0
15309:          0         0         0         0         0         0         0
15316:          0         0         0         0         0         0         0
15323:          0         0         0         0         0         0         0
15330:          0         0         0         0         0         0         0
15337:          0         0         0         0         0         0         0
15344:          0         0         0         0         0         0         0
15351:          0         0         0         0         0         0         0
15358:          0         0         0         0         0         0         0
15365:          0         0         0         0         0         0         0
15372:          0         0         0         0         0         0         0
15379:          0         0         0         0         0         0         0
15386:          0         0         0         0         0         0         0
15393:          0         0         0         0         0         0         0
15400:          0         0         0         0         0         0         0
15407:          0         0         0         0         0         0         0
15414:          0         0         0         0         0         0         0
15421:          0         0         0         0         0         0         0
15428:          0         0         0         0         0         0         0
15435:          0         0         0         0         0         0         1
15442:          0         0         0         0         0         0         0
15449:          0         0         0         0         0         0         0
15456:          0         0         0         0         0         0         0
15463:          0         0         0         0         0         0         0
15470:          0         0         0         0         0         0         0
15477:          0         0         0         0         0         0         0
15484:          0         0         0         0         0         0         0
15491:          0         0         0         0         0         0         0
15498:          0         0         0         0         0         0         0
15505:          0         0         0         0         0         0         0
15512:          0         0         0         0         0         0         0
15519:          0         0         0         0         0         0         0
15526:          0         0         0         0         0         0         0
15533:          0         0         0         0         0         0         0
15540:          0         0         0         1         0         0         0
15547:          0         0         0         0         0         0         0
15554:          0         0         0         0         0         0         0
15561:          0         0         0         0         0         0         0
15568:          0         0         0         0         0         1         0
15575:          0         0         1         0         0         0         0
15582:          0         0         0         0         0         0         0
15589:          0         0         0         0         0         0         0
15596:          0         0         0         0         0         0         0
15603:          0         0         0         0         0         0         0
15610:          0         0         0         0         0         0         0
15617:          0         0         0         0         0         0         0
15624:          0         0         0         0         0         0         0
15631:          0         0         0         0         0         0         0
15638:          0         0         0         0         0         0         0
15645:          0         0         0         0         0         0         0
15652:          0         0         0         0         0         0         0
15659:          0         0         0         0         0         0         0
15666:          0         0         0         0         0         0         0
15673:          0         0         0         0         0         0         0
15680:          0         0         0         0         0         0         0
15687:          0         0         0         0         0         0         0
15694:          0         0         0         0         0         0         0
15701:          0         0         0         0         0         0         0
15708:          0         0         0         0         0         0         0
15715:          0         0         0         0         0         0         0
15722:          0         0         0         0         0         0         0
15729:          0         0         0         0         0         0         0
15736:          0         0         0         0         0         0         0
15743:          0         0         0         0         0         0         0
15750:          0         0         0         0         0         0         0
15757:          0         0         0         0         0         0         0
15764:          0         0         0         0         0         0         0
15771:          0         0         0         0         0         0         0
15778:          0         0         0         0         0         0         0
15785:          0         0         0         0         0         0         0
15792:          0         0         0         0         0         0         0
15799:          0         0         0         0         0         0         0
15806:          0         0         0         0         0         0         0
15813:          0         1         0         0         0         0         0
15820:          0         0         0         0         0         0         0
15827:          0         0         0         0         0         0         0
15834:          0         0         0         0         1         0         0
15841:          0         0         0         0         0         0         0
15848:          0         0         0         0         0         0         0
15855:          0         0         0         0         0         0         0
15862:          0         0         0         0         0         0         0
15869:          0         0         0         0         0         0         0
15876:          0         0         0         0         0         0         0
15883:          0         0         0         0         0         0         0
15890:          0         0         0         0         0         0         0
15897:          0         0         0         0         0         0         0
15904:          0         0         0         0         0         0         0
15911:          0         0         0         0         0         0         0
15918:          0         0         0         0         0         0         0
15925:          0         0         0         0         0         0         0
15932:          0         0         0         0         0         0         1
15939:          0         0         0         0         0         0         0
15946:          0         0         0         0         0         0         0
15953:          0         0         0         0         0         0         0
15960:          0         0         0         0         0         0         0
15967:          0         0         0         0         0         0         0
15974:          0         0         0         0         0         0         0
15981:          0         0         0         0         0         0         0
15988:          0         0         0         0         0         0         0
15995:          0         0         0         0         0         0         0
16002:          0         0         0         0         0         0         0
16009:          0         0         0         0         0         0         0
16016:          0         0         0         0         0         0         0
16023:          0         0         0         0         0         0         0
16030:          0         0         0         0         0         0         0
16037:          0         0         0         0         0         0         0
16044:          0         0         0         0         0         0         0
16051:          0         0         0         0         0         0         0
16058:          0         0         0         0         0         0         0
16065:          0         0         0         0         0         0         0
16072:          0         0         0         0         0         0         0
16079:          0         0         0         0         0         0         0
16086:          0         0         0         0         1         0         0
16093:          0         0         0         0         0         0         0
16100:          0         0         0         0         0         0         0
16107:          0         0         0         0         0         0         0
16114:          0         0         0         0         0         0         0
16121:          0         0         0         0         0         0         0
16128:          0         0         0         0         0         0         0
16135:          0         0         0         0         0         0         0
16142:          0         0         0         0         0         0         0
16149:          0         0         0         0         0         0         0
16156:          0         0         0         0         0         0         0
16163:          0         0         0         0         0         0         0
16170:          0         0         0         0         0         0         0
16177:          0         0         0         0         0         0         0
16184:          0         0         0         0         0         0         0
16191:          0         0         0         0         0         0         0
16198:          0         0         0         0         0         0         0
16205:          0         0         0         0         0         0         0
16212:          0         0         0         0         0         0         0
16219:          0         0         0         0         0         0         0
16226:          0         0         0         0         0         0         0
16233:          0         0         0         0         0         0         0
16240:          0         0         0         0         0         0         0
16247:          0         0         0         0         0         0         0
16254:          0         0         0         0         0         0         0
16261:          0         0         0         0         0         0         0
16268:          0         0         0         0         0         0         0
16275:          0         0         0         0         0         0         0
16282:          0         0         0         0         0         0         0
16289:          0         0         0         0         0         0         0
16296:          0         0         0         0         0         0         0
16303:          0         0         0         0         0         0         0
16310:          0         0         0         0         0         0         0
16317:          0         0         0         0         0         0         0
16324:          0         0         0         0         0         0         0
16331:          0         0         0         0         0         0         0
16338:          0         0         0         0         0         0         0
16345:          0         0         0         0         0         0         0
16352:          0         0         0         0         0         0         0
16359:          0         0         0         0         0         0         0
16366:          0         0         0         0         0         0         0
16373:          0         0         0         0         0         0         0
16380:          0         0         0         0